year,level,province,zone,nb_children,possession_carte_pct,possession_carte_low,possession_carte_high,carte_ou_document_pct,carte_ou_document_low,carte_ou_document_high,mere_pct,mere_low,mere_high,gardienne_pct,gardienne_low,gardienne_high,certificat_naissance_pct,certificat_naissance_low,certificat_naissance_high,naissance_enregistree_pct,naissance_enregistree_low,naissance_enregistree_high
2022,national,,,81438,63.7,62.6,64.8,65.1,64.0,66.1,96.9,96.7,97.1,3.1,2.9,3.3,41.6,40.5,42.8,29.3,28.2,30.4
2022,province,Bas Uele,,1713,32.3,26.8,38.5,33.5,27.7,39.8,96.3,94.9,97.4,3.7,2.6,5.1,22.4,16.9,28.9,15.1,10.4,21.6
2022,province,Equateur,,3213,91.9,85.2,95.7,92.4,85.6,96.1,96.4,95.0,97.5,3.6,2.5,5.0,33.2,27.3,39.8,16.6,11.6,23.2
2022,province,Haut Katanga,,4108,56.3,52.6,59.9,56.7,53.0,60.3,98.2,97.5,98.7,1.8,1.3,2.5,34.4,30.3,38.8,19.2,16.2,22.6
2022,province,Haut Lomami,,2416,88.3,84.5,91.2,93.8,91.6,95.5,96.4,95.2,97.3,3.6,2.7,4.8,15.3,9.5,23.7,9.6,6.3,14.4
2022,province,Haut Uele,,2254,41.5,34.2,49.3,44.0,36.5,51.9,96.8,94.9,98.0,3.2,2.0,5.1,22.3,18.0,27.4,7.8,5.7,10.5
2022,province,Ituri,,4019,76.9,72.8,80.5,80.2,76.2,83.6,97.6,96.7,98.3,2.4,1.7,3.3,62.6,57.3,67.6,32.5,27.1,38.4
2022,province,Kasai,,3223,67.5,61.1,73.4,68.1,61.7,73.9,98.7,98.1,99.1,1.3,0.9,1.9,14.0,10.9,17.9,7.6,5.5,10.5
2022,province,Kasai Central,,4036,65.2,60.0,70.0,66.0,60.8,70.8,95.3,94.1,96.3,4.7,3.7,5.9,35.1,30.3,40.3,23.8,20.2,27.7
2022,province,Kasai Oriental,,2937,62.7,59.0,66.3,64.1,60.5,67.6,97.4,96.4,98.1,2.6,1.9,3.6,34.5,30.2,39.2,28.0,24.6,31.7
2022,province,Kinshasa,,5263,49.9,45.1,54.8,52.1,47.3,56.8,97.7,97.1,98.2,2.3,1.8,2.9,81.9,79.5,84.2,61.1,58.2,63.9
2022,province,Kongo Central,,5614,68.8,65.3,72.1,70.7,67.3,73.9,96.3,95.4,97.0,3.7,3.0,4.6,62.5,57.9,66.9,42.3,38.4,46.4
2022,province,Kwango,,2733,75.7,68.2,82.0,75.9,68.4,82.2,88.8,85.7,91.3,11.2,8.7,14.3,14.5,9.6,21.1,4.8,3.1,7.5
2022,province,Kwilu,,3631,81.1,75.9,85.4,81.6,76.4,85.8,96.9,95.8,97.6,3.1,2.4,4.2,65.3,58.9,71.2,47.9,41.1,54.7
2022,province,Lomami,,2442,84.6,80.4,88.0,85.1,80.9,88.4,97.5,96.4,98.3,2.5,1.7,3.6,28.6,23.4,34.4,20.5,16.3,25.5
2022,province,Lualaba,,2126,68.2,60.3,75.2,68.6,61.0,75.4,97.9,96.3,98.7,2.1,1.3,3.7,35.1,27.6,43.4,16.6,10.7,24.8
2022,province,Maindombe,,2478,39.2,31.0,48.1,50.0,40.3,59.6,99.6,99.1,99.8,0.4,0.2,0.9,14.3,9.8,20.5,14.2,9.8,20.2
2022,province,Maniema,,2822,11.4,9.5,13.6,11.7,9.8,13.8,97.5,96.5,98.2,2.5,1.8,3.5,11.2,8.5,14.5,12.0,8.8,16.0
2022,province,Mongala,,1854,12.9,9.5,17.4,12.9,9.5,17.4,96.1,94.8,97.2,3.9,2.8,5.2,3.8,2.6,5.5,0.0,0.0,0.0
2022,province,Nord Kivu,,4316,95.3,93.6,96.5,95.6,93.9,96.8,98.4,97.8,98.8,1.6,1.2,2.2,87.7,84.0,90.6,65.2,60.5,69.7
2022,province,Nord Ubangi,,1663,91.4,86.6,94.6,92.6,88.5,95.3,94.0,91.2,96.0,6.0,4.0,8.8,11.9,7.6,18.0,10.6,6.8,16.0
2022,province,Sankuru,,2896,19.3,16.0,23.1,19.5,16.2,23.3,91.3,89.0,93.2,8.7,6.8,11.0,5.6,4.0,7.9,5.4,3.6,8.0
2022,province,Sud Kivu,,5853,65.8,60.1,71.2,66.8,61.0,72.1,97.4,96.7,98.1,2.6,1.9,3.3,70.9,67.8,73.8,60.4,56.6,64.1
2022,province,Sud Ubangi,,2442,90.4,85.5,93.8,91.2,86.3,94.5,99.5,99.1,99.8,0.5,0.2,0.9,27.7,22.6,33.4,12.4,8.3,18.3
2022,province,Tanganyika,,1727,89.5,84.4,93.0,89.8,84.8,93.3,98.2,97.3,98.8,1.8,1.2,2.7,28.0,22.0,34.8,30.7,24.2,38.1
2022,province,Tshopo,,3528,22.5,19.1,26.2,23.2,19.7,27.1,95.7,94.1,97.0,4.3,3.0,5.9,8.5,6.4,11.3,4.1,2.8,6.0
2022,province,Tshuapa,,2131,2.1,1.1,4.2,2.2,1.1,4.3,92.7,90.4,94.4,7.3,5.6,9.6,0.5,0.2,1.3,0.3,0.2,0.8
2022,zone,Bas Uele,Aketi,150,21.7,8.6,45.1,21.7,8.6,45.1,100.0,100.0,100.0,0.0,0.0,0.0,5.4,0.9,25.8,5.9,1.3,23.8
2022,zone,Bas Uele,Ango,161,20.7,8.6,42.1,20.7,8.6,42.1,90.2,80.2,95.5,9.8,4.5,19.8,38.8,17.1,66.1,3.3,0.7,13.9
2022,zone,Bas Uele,Bili,159,34.2,20.6,51.0,34.2,20.6,51.0,91.6,88.6,93.8,8.4,6.2,11.4,33.9,30.9,37.1,0.6,0.0,7.4
2022,zone,Bas Uele,Bondo,147,29.8,9.3,63.8,33.9,11.4,67.0,98.1,93.8,99.4,1.9,0.6,6.2,42.9,20.7,68.4,38.4,17.7,64.3
2022,zone,Bas Uele,Buta,157,29.5,10.8,58.9,30.4,10.6,61.7,98.3,94.1,99.6,1.7,0.4,5.9,27.5,8.3,61.6,24.3,6.2,61.0
2022,zone,Bas Uele,Ganga,155,34.8,14.5,62.6,34.8,14.5,62.6,94.5,87.6,97.7,5.5,2.3,12.4,10.3,3.1,29.3,5.2,1.2,19.3
2022,zone,Bas Uele,Likati,153,54.5,43.2,65.3,54.5,43.2,65.3,98.7,93.8,99.7,1.3,0.3,6.2,14.8,6.3,31.0,14.6,8.5,23.8
2022,zone,Bas Uele,Monga,165,41.8,27.2,58.0,45.4,32.5,58.9,94.7,86.4,98.0,5.3,2.0,13.6,18.8,9.9,32.7,12.8,5.5,27.0
2022,zone,Bas Uele,Poko,161,35.4,21.7,52.0,35.4,21.7,52.0,98.1,84.2,99.8,1.9,0.2,15.8,9.9,3.8,23.4,6.1,3.3,11.0
2022,zone,Bas Uele,Titule,155,18.0,5.2,46.9,18.6,5.8,46.0,94.5,85.9,98.0,5.5,2.0,14.1,35.8,15.5,62.9,9.6,4.7,18.7
2022,zone,Bas Uele,Viadana,150,47.7,35.9,59.7,50.7,36.9,64.5,98.8,92.6,99.8,1.2,0.2,7.4,13.0,7.0,22.8,39.4,28.0,52.0
2022,zone,Equateur,Basankusu,179,100.0,100.0,100.0,100.0,100.0,100.0,99.6,93.9,100.0,0.4,0.0,6.1,35.2,25.3,46.5,1.7,0.6,4.7
2022,zone,Equateur,Bikoro,178,95.7,61.2,99.7,95.7,61.2,99.7,98.2,87.1,99.8,1.8,0.2,12.9,64.9,25.5,90.9,47.5,24.1,72.0
2022,zone,Equateur,Bolenge,181,100.0,100.0,100.0,100.0,100.0,100.0,99.0,93.3,99.9,1.0,0.1,6.7,30.5,18.9,45.3,22.8,12.5,37.9
2022,zone,Equateur,Bolomba,172,83.4,19.1,99.1,84.3,17.7,99.3,94.9,85.2,98.3,5.1,1.7,14.8,50.2,48.3,52.0,14.9,9.7,22.2
2022,zone,Equateur,Bomongo,180,91.3,63.3,98.5,91.3,63.3,98.5,91.5,87.4,94.3,8.5,5.7,12.6,15.0,11.0,20.2,6.4,3.3,12.3
2022,zone,Equateur,Djombo,179,100.0,100.0,100.0,100.0,100.0,100.0,100.0,100.0,100.0,0.0,0.0,0.0,27.7,13.3,48.9,0.0,0.0,0.0
2022,zone,Equateur,Iboko,181,92.1,70.0,98.3,94.8,65.3,99.4,96.7,79.4,99.6,3.3,0.4,20.6,26.9,3.1,81.0,13.7,3.0,45.0
2022,zone,Equateur,Ingende,181,99.5,93.4,100.0,100.0,100.0,100.0,98.5,95.2,99.6,1.5,0.4,4.8,8.3,3.3,19.7,5.2,1.9,13.5
2022,zone,Equateur,Irebu,180,89.2,80.2,94.3,89.2,80.2,94.3,88.5,85.5,90.9,11.5,9.1,14.5,6.7,2.3,17.8,7.6,3.1,17.3
2022,zone,Equateur,Lilanga Bobangi,183,82.7,74.7,88.6,82.7,74.7,88.6,90.3,82.1,95.0,9.7,5.0,17.9,7.5,4.1,13.4,3.7,1.1,12.1
2022,zone,Equateur,Lotumbe,180,100.0,100.0,100.0,100.0,100.0,100.0,100.0,100.0,100.0,0.0,0.0,0.0,40.9,19.9,65.9,45.8,19.4,74.7
2022,zone,Equateur,Lukolela,180,83.3,43.1,97.0,83.3,43.1,97.0,86.7,72.9,94.1,13.3,5.9,27.1,11.2,2.6,37.4,4.8,1.2,16.7
2022,zone,Equateur,Makanza,180,99.5,93.7,100.0,99.5,93.7,100.0,100.0,100.0,100.0,0.0,0.0,0.0,32.3,25.8,39.6,0.5,0.0,6.4
2022,zone,Equateur,Mampoko,179,100.0,100.0,100.0,100.0,100.0,100.0,100.0,100.0,100.0,0.0,0.0,0.0,36.2,21.3,54.4,1.0,0.1,7.5
2022,zone,Equateur,Mbandaka,176,70.3,18.3,96.2,70.3,18.3,96.2,95.2,89.3,97.9,4.8,2.1,10.7,15.0,2.4,56.1,3.5,0.4,24.8
2022,zone,Equateur,Monieka,180,100.0,100.0,100.0,100.0,100.0,100.0,99.2,92.7,99.9,0.8,0.1,7.3,0.9,0.1,7.5,1.8,0.2,14.3
2022,zone,Equateur,Ntondo,164,80.3,60.4,91.6,84.8,58.5,95.6,94.4,79.9,98.6,5.6,1.4,20.1,45.5,8.5,88.2,32.5,8.2,72.3
2022,zone,Equateur,Wangata,180,96.3,80.9,99.4,96.3,80.9,99.4,97.7,83.6,99.7,2.3,0.3,16.4,65.1,40.0,84.0,57.7,32.9,79.1
2022,zone,Haut Katanga,Kafubu,151,29.0,21.6,37.7,29.4,22.5,37.5,99.6,93.8,100.0,0.4,0.0,6.2,27.1,20.1,35.5,4.3,1.0,16.5
2022,zone,Haut Katanga,Kamalondo,127,58.5,55.9,61.1,58.5,55.9,61.1,99.7,91.2,100.0,0.3,0.0,8.8,68.3,57.3,77.6,51.9,45.8,58.0
2022,zone,Haut Katanga,Kambove,150,30.3,13.4,54.9,30.3,13.4,54.9,100.0,100.0,100.0,0.0,0.0,0.0,7.7,3.2,17.5,8.7,3.1,22.2
2022,zone,Haut Katanga,Kampemba,154,69.2,45.1,86.0,69.2,45.1,86.0,99.3,92.2,99.9,0.7,0.1,7.8,45.1,28.1,63.4,27.3,10.5,54.7
2022,zone,Haut Katanga,Kapolowe,150,32.2,23.9,41.8,32.2,23.9,41.8,100.0,100.0,100.0,0.0,0.0,0.0,2.2,0.4,12.2,2.3,0.4,12.2
2022,zone,Haut Katanga,Kasenga,150,32.9,12.9,62.0,32.9,12.9,62.0,99.5,93.2,100.0,0.5,0.0,6.8,5.6,0.9,28.6,15.3,11.9,19.5
2022,zone,Haut Katanga,Kashobwe,151,84.4,51.2,96.5,84.4,51.2,96.5,100.0,100.0,100.0,0.0,0.0,0.0,46.5,41.2,51.8,0.0,0.0,0.0
2022,zone,Haut Katanga,Katuba,153,84.2,66.3,93.5,84.6,68.4,93.3,94.1,83.9,98.0,5.9,2.0,16.1,43.5,18.0,72.9,46.6,33.8,59.8
2022,zone,Haut Katanga,Kenya,160,47.5,35.7,59.6,47.5,35.7,59.6,91.3,76.4,97.1,8.7,2.9,23.6,56.7,34.8,76.2,34.2,19.2,53.3
2022,zone,Haut Katanga,Kikula,150,63.5,56.5,70.0,64.9,55.7,73.2,100.0,100.0,100.0,0.0,0.0,0.0,47.2,44.1,50.2,37.4,28.8,46.9
2022,zone,Haut Katanga,Kilela Balanda,150,38.2,24.3,54.3,38.2,24.3,54.3,100.0,100.0,100.0,0.0,0.0,0.0,4.5,1.1,16.4,2.2,0.5,9.3
2022,zone,Haut Katanga,Kilwa,152,45.7,32.1,60.0,45.7,32.1,60.0,97.5,84.4,99.7,2.5,0.3,15.6,30.9,13.6,55.9,2.0,0.8,5.3
2022,zone,Haut Katanga,Kipushi,150,34.7,27.2,43.0,35.4,26.8,45.0,99.3,92.0,99.9,0.7,0.1,8.0,16.5,4.4,46.1,14.4,3.8,42.2
2022,zone,Haut Katanga,Kisanga,154,50.8,38.3,63.2,51.7,39.6,63.5,95.7,93.6,97.1,4.3,2.9,6.4,33.3,9.7,69.9,17.0,11.5,24.5
2022,zone,Haut Katanga,Kowe,157,73.9,51.5,88.3,73.9,51.5,88.3,95.8,87.1,98.7,4.2,1.3,12.9,39.2,16.0,68.7,7.8,4.0,14.7
2022,zone,Haut Katanga,Likasi,150,62.1,59.5,64.6,62.1,59.5,64.6,99.0,91.5,99.9,1.0,0.1,8.5,43.9,36.0,52.1,38.2,25.7,52.4
2022,zone,Haut Katanga,Lubumbashi,154,60.4,51.6,68.5,60.4,51.6,68.5,98.1,94.5,99.4,1.9,0.6,5.5,58.3,53.1,63.2,27.0,14.2,45.3
2022,zone,Haut Katanga,Lukafu,154,54.5,35.2,72.6,54.5,35.2,72.6,100.0,100.0,100.0,0.0,0.0,0.0,26.2,12.0,48.0,19.7,7.9,41.3
2022,zone,Haut Katanga,Mitwaba,155,19.6,6.1,47.7,19.6,6.1,47.7,95.1,89.9,97.7,4.9,2.3,10.1,1.2,0.2,7.9,0.0,0.0,0.0
2022,zone,Haut Katanga,Mufunga Sampwe,154,43.8,26.6,62.6,43.8,26.6,62.6,96.7,92.1,98.7,3.3,1.3,7.9,6.3,1.1,30.0,1.8,0.3,9.7
2022,zone,Haut Katanga,Mumbunda,151,60.2,52.1,67.8,63.0,54.2,71.0,96.3,89.0,98.8,3.7,1.2,11.0,48.1,35.4,61.0,29.8,19.7,42.4
2022,zone,Haut Katanga,Panda,152,71.4,48.1,87.0,71.4,48.1,87.0,100.0,100.0,100.0,0.0,0.0,0.0,62.8,47.6,75.8,54.5,41.6,66.7
2022,zone,Haut Katanga,Pweto,151,55.3,43.2,66.8,56.2,44.2,67.6,96.9,89.5,99.1,3.1,0.9,10.5,20.2,6.4,48.6,3.3,0.6,15.6
2022,zone,Haut Katanga,Ruashi,152,69.1,48.6,84.1,69.1,48.6,84.1,99.2,92.2,99.9,0.8,0.1,7.8,40.4,20.6,64.0,17.3,8.4,32.2
2022,zone,Haut Katanga,Sakania,171,61.3,49.5,72.0,61.3,49.5,72.0,100.0,100.0,100.0,0.0,0.0,0.0,31.4,21.2,43.9,23.4,13.3,37.7
2022,zone,Haut Katanga,Tshamilemba,150,69.4,50.6,83.4,69.4,50.6,83.4,99.5,93.0,100.0,0.5,0.0,7.0,45.4,36.8,54.2,35.2,30.9,39.8
2022,zone,Haut Katanga,Vangu,155,71.3,43.2,89.1,71.3,43.2,89.1,97.8,94.4,99.2,2.2,0.8,5.6,20.9,12.5,33.0,11.0,7.2,16.6
2022,zone,Haut Lomami,Baka,130,96.0,50.4,99.8,96.0,50.4,99.8,94.1,84.4,97.9,5.9,2.1,15.6,78.9,41.1,95.3,88.2,73.3,95.3
2022,zone,Haut Lomami,Bukama,151,96.0,90.2,98.4,96.0,90.2,98.4,96.8,82.5,99.5,3.2,0.5,17.5,29.2,4.5,78.4,2.4,0.5,11.5
2022,zone,Haut Lomami,Butumba,150,94.3,83.6,98.2,94.3,83.6,98.2,100.0,100.0,100.0,0.0,0.0,0.0,46.1,27.7,65.7,1.9,0.4,9.1
2022,zone,Haut Lomami,Kabondo Dianda,151,96.1,87.5,98.8,96.1,87.5,98.8,98.9,93.9,99.8,1.1,0.2,6.1,35.6,5.6,83.8,1.6,0.1,15.6
2022,zone,Haut Lomami,Kabongo,147,90.9,70.4,97.7,93.0,80.3,97.8,96.4,69.0,99.7,3.6,0.3,31.0,3.4,0.6,15.9,1.9,0.5,6.5
2022,zone,Haut Lomami,Kamina,162,91.8,76.1,97.5,91.8,76.1,97.5,96.6,82.9,99.4,3.4,0.6,17.1,16.1,1.7,68.3,30.0,6.2,73.7
2022,zone,Haut Lomami,Kaniama,153,87.2,75.0,93.9,87.2,75.0,93.9,95.6,92.7,97.4,4.4,2.6,7.3,0.0,0.0,0.0,3.9,0.3,35.0
2022,zone,Haut Lomami,Kayamba,150,97.4,71.6,99.8,97.4,71.6,99.8,94.8,87.8,97.9,5.2,2.1,12.2,15.8,4.0,45.5,6.2,0.8,35.6
2022,zone,Haut Lomami,Kinda,152,92.1,85.8,95.7,92.1,85.8,95.7,85.7,79.4,90.3,14.3,9.7,20.6,16.6,5.2,41.7,0.6,0.0,7.8
2022,zone,Haut Lomami,Kinkondja,151,95.3,87.1,98.4,95.3,87.1,98.4,98.1,94.5,99.3,1.9,0.7,5.5,31.7,4.4,82.5,0.0,0.0,0.0
2022,zone,Haut Lomami,Kitenge,150,77.0,65.3,85.7,77.0,65.3,85.7,97.9,90.0,99.6,2.1,0.4,10.0,3.1,0.6,13.4,2.2,0.8,6.4
2022,zone,Haut Lomami,Lwamba,159,100.0,100.0,100.0,100.0,100.0,100.0,95.2,92.9,96.8,4.8,3.2,7.1,22.1,10.7,40.2,9.9,2.9,28.6
2022,zone,Haut Lomami,Malemba Nkulu,150,73.7,54.6,86.7,100.0,100.0,100.0,98.3,93.6,99.6,1.7,0.4,6.4,0.5,0.0,7.3,26.8,13.8,45.7
2022,zone,Haut Lomami,Mukanga,150,74.6,72.4,76.7,100.0,100.0,100.0,95.6,92.7,97.4,4.4,2.6,7.3,0.0,0.0,0.0,23.1,19.3,27.4
2022,zone,Haut Lomami,Mulongo,150,71.8,40.6,90.5,100.0,100.0,100.0,94.2,88.9,97.1,5.8,2.9,11.1,1.3,0.3,6.5,25.5,11.2,48.2
2022,zone,Haut Lomami,Songa,160,92.1,85.4,95.9,92.1,85.4,95.9,93.0,75.2,98.3,7.0,1.7,24.8,1.4,0.3,6.9,0.0,0.0,0.0
2022,zone,Haut Uele,Aba,180,3.9,0.7,18.6,5.4,1.2,22.0,97.7,94.7,99.1,2.3,0.9,5.3,7.9,4.3,14.0,1.6,0.5,4.9
2022,zone,Haut Uele,Boma Mangbetu,186,51.2,23.1,78.6,59.4,32.7,81.5,96.1,92.1,98.1,3.9,1.9,7.9,23.8,14.6,36.2,14.4,5.8,31.4
2022,zone,Haut Uele,Doruma,179,26.2,12.3,47.4,28.6,14.3,49.2,98.6,91.7,99.8,1.4,0.2,8.3,1.0,0.1,8.9,1.0,0.1,8.9
2022,zone,Haut Uele,Dungu,177,45.1,27.6,63.9,46.7,29.2,65.0,97.0,86.2,99.4,3.0,0.6,13.8,16.9,9.5,28.4,5.1,1.7,14.2
2022,zone,Haut Uele,Faradje,180,21.3,6.2,52.8,21.3,6.2,52.8,92.3,86.2,95.8,7.7,4.2,13.8,7.3,1.9,24.3,4.7,0.7,24.4
2022,zone,Haut Uele,Gombari,157,49.4,30.9,68.1,51.3,33.7,68.5,100.0,100.0,100.0,0.0,0.0,0.0,24.0,11.5,43.5,3.5,0.4,25.6
2022,zone,Haut Uele,Isiro,178,61.7,48.1,73.7,63.9,49.1,76.4,90.8,87.6,93.3,9.2,6.7,12.4,25.7,16.7,37.3,10.3,5.2,19.3
2022,zone,Haut Uele,Makoro,154,3.5,0.6,17.2,3.5,0.6,17.2,100.0,100.0,100.0,0.0,0.0,0.0,17.0,11.7,24.0,6.8,2.8,15.6
2022,zone,Haut Uele,Niangara,186,30.0,24.2,36.4,35.9,34.0,38.0,99.4,93.2,99.9,0.6,0.1,6.8,9.9,4.2,21.6,4.3,0.8,20.1
2022,zone,Haut Uele,Pawa,155,65.4,52.7,76.2,70.8,56.0,82.2,98.9,94.2,99.8,1.1,0.2,5.8,51.1,29.1,72.6,16.2,5.5,39.3
2022,zone,Haut Uele,Rungu,182,32.7,19.4,49.6,35.0,20.4,53.0,99.4,93.5,100.0,0.6,0.0,6.5,5.5,3.2,9.4,0.0,0.0,0.0
2022,zone,Haut Uele,Wamba,187,56.5,41.5,70.4,57.5,43.5,70.5,97.1,87.4,99.4,2.9,0.6,12.6,29.9,18.3,44.8,10.0,4.8,19.8
2022,zone,Haut Uele,Watsa,153,40.2,18.9,65.9,41.6,19.6,67.6,98.8,93.9,99.8,1.2,0.2,6.1,29.3,16.1,47.2,9.3,2.6,28.8
2022,zone,Ituri,Adi,152,98.2,89.2,99.7,98.2,89.2,99.7,98.3,84.4,99.8,1.7,0.2,15.6,69.7,60.9,77.2,48.5,23.8,74.0
2022,zone,Ituri,Adja,150,74.1,45.1,90.8,74.1,45.1,90.8,97.2,95.4,98.3,2.8,1.7,4.6,40.1,23.9,58.7,6.0,2.3,15.1
2022,zone,Ituri,Angumu,149,80.2,61.3,91.2,80.2,61.3,91.2,97.8,94.5,99.1,2.2,0.9,5.5,32.4,14.9,56.9,4.9,1.9,12.0
2022,zone,Ituri,Ariwara,152,70.2,47.5,86.0,70.2,47.5,86.0,99.0,92.1,99.9,1.0,0.1,7.9,88.0,70.7,95.7,62.3,45.3,76.6
2022,zone,Ituri,Aru,150,95.3,72.4,99.4,95.3,72.4,99.4,98.1,87.9,99.7,1.9,0.3,12.1,67.0,43.2,84.4,12.8,4.9,29.5
2022,zone,Ituri,Biringi,150,69.8,20.5,95.4,69.8,20.5,95.4,99.2,91.8,99.9,0.8,0.1,8.2,29.0,16.5,45.9,0.0,0.0,0.0
2022,zone,Ituri,Boga,150,29.8,9.0,64.5,29.8,9.0,64.5,97.8,93.3,99.3,2.2,0.7,6.7,55.3,27.3,80.3,12.0,4.5,28.3
2022,zone,Ituri,Bunia,153,83.5,71.8,91.0,86.0,79.1,90.9,98.7,93.6,99.7,1.3,0.3,6.4,73.3,53.4,86.8,35.5,14.1,64.7
2022,zone,Ituri,Fataki,90,78.0,56.3,90.7,80.6,45.8,95.3,93.7,52.2,99.5,6.3,0.5,47.8,92.9,59.4,99.2,87.5,41.6,98.6
2022,zone,Ituri,Gety,150,77.4,36.2,95.4,80.7,34.1,97.1,96.3,83.7,99.3,3.7,0.7,16.3,56.4,37.8,73.3,29.5,20.5,40.5
2022,zone,Ituri,Komanda,154,67.7,40.9,86.3,67.7,40.9,86.3,95.5,89.6,98.1,4.5,1.9,10.4,66.0,43.1,83.3,28.0,18.2,40.4
2022,zone,Ituri,Laybo,151,86.0,51.9,97.2,86.0,51.9,97.2,99.4,92.3,99.9,0.6,0.1,7.7,84.0,70.5,92.1,45.6,34.4,57.2
2022,zone,Ituri,Linga,60,47.1,0.0,100.0,47.1,0.0,100.0,97.1,5.0,100.0,2.9,0.0,95.0,76.2,36.9,97.0,4.8,0.0,42.3
2022,zone,Ituri,Lita,151,100.0,100.0,100.0,100.0,100.0,100.0,100.0,100.0,100.0,0.0,0.0,0.0,64.6,13.7,95.4,57.4,14.9,91.2
2022,zone,Ituri,Logo,150,81.5,65.9,90.9,84.6,73.3,91.7,98.8,94.0,99.8,1.2,0.2,6.0,67.3,56.5,76.5,24.1,16.0,34.6
2022,zone,Ituri,Mahagi,151,65.1,52.5,75.9,65.9,51.6,77.8,99.4,92.8,100.0,0.6,0.0,7.2,26.1,15.5,40.5,12.3,5.2,26.5
2022,zone,Ituri,Mambasa,150,72.2,59.7,82.0,95.2,80.8,98.9,98.4,84.2,99.9,1.6,0.1,15.8,22.7,14.5,33.6,2.8,0.9,8.7
2022,zone,Ituri,Mandima,149,64.3,57.8,70.4,90.7,85.4,94.2,100.0,100.0,100.0,0.0,0.0,0.0,42.5,35.4,50.0,2.8,0.6,11.8
2022,zone,Ituri,Mangala,152,48.2,32.1,64.7,64.6,57.7,70.9,93.7,74.7,98.7,6.3,1.3,25.3,80.4,61.0,91.5,60.8,32.3,83.4
2022,zone,Ituri,Mongbwalu,155,53.2,34.7,70.9,64.5,43.5,81.1,96.9,89.8,99.1,3.1,0.9,10.2,73.4,49.6,88.6,52.8,25.9,78.2
2022,zone,Ituri,Nia Nia,154,62.9,56.5,68.9,92.7,86.0,96.3,98.8,94.0,99.8,1.2,0.2,6.0,34.6,29.9,39.6,2.8,0.7,11.3
2022,zone,Ituri,Nizi,152,100.0,100.0,100.0,100.0,100.0,100.0,98.1,83.4,99.8,1.9,0.2,16.6,67.7,15.0,96.1,44.1,8.3,87.3
2022,zone,Ituri,Nyankunde,153,81.8,57.8,93.6,88.9,74.2,95.7,92.8,89.7,95.1,7.2,4.9,10.3,99.0,93.9,99.9,83.1,52.9,95.5
2022,zone,Ituri,Nyarambe,149,71.2,65.4,76.3,71.2,65.4,76.3,100.0,100.0,100.0,0.0,0.0,0.0,11.6,5.0,24.7,0.7,0.1,7.6
2022,zone,Ituri,Rethy,89,68.9,17.5,95.9,68.9,17.5,95.9,86.8,68.6,95.2,13.2,4.8,31.4,65.4,35.1,86.8,27.5,17.6,40.4
2022,zone,Ituri,Rimba,149,81.4,61.7,92.3,82.9,64.8,92.8,96.6,92.1,98.6,3.4,1.4,7.9,69.0,63.1,74.3,23.9,18.8,30.0
2022,zone,Ituri,Rwampara,151,99.7,93.3,100.0,99.7,93.3,100.0,100.0,100.0,100.0,0.0,0.0,0.0,80.2,71.3,86.9,62.8,37.3,82.7
2022,zone,Ituri,Tchomia,153,83.2,65.9,92.7,83.2,65.9,92.7,98.9,94.1,99.8,1.1,0.2,5.9,78.5,66.9,86.8,42.0,25.2,60.8
2022,zone,Kasai,Banga Lubaka,180,90.4,84.6,94.1,90.4,84.6,94.1,99.5,93.6,100.0,0.5,0.0,6.4,27.1,20.7,34.6,23.3,16.9,31.1
2022,zone,Kasai,Bulape,181,45.7,23.4,69.8,45.7,23.4,69.8,98.7,93.1,99.8,1.3,0.2,6.9,0.0,0.0,0.0,0.7,0.1,6.9
2022,zone,Kasai,Dekese,180,24.6,15.1,37.6,24.6,15.1,37.6,99.1,92.9,99.9,0.9,0.1,7.1,0.0,0.0,0.0,0.0,0.0,0.0
2022,zone,Kasai,Ilebo,181,92.4,90.5,93.9,92.4,90.5,93.9,99.6,94.1,100.0,0.4,0.0,5.9,31.4,26.4,36.9,29.1,23.4,35.6
2022,zone,Kasai,Kakenge,169,97.8,86.0,99.7,97.8,86.0,99.7,100.0,100.0,100.0,0.0,0.0,0.0,0.0,0.0,0.0,0.5,0.0,6.6
2022,zone,Kasai,Kalonda Ouest,171,46.4,21.9,72.8,48.4,24.1,73.6,98.8,94.0,99.8,1.2,0.2,6.0,12.2,5.9,23.8,2.3,1.1,4.7
2022,zone,Kasai,Kamonia,195,66.8,53.7,77.8,66.8,53.7,77.8,99.2,92.9,99.9,0.8,0.1,7.1,17.0,8.9,30.1,2.3,0.9,6.1
2022,zone,Kasai,Kamwesha,185,40.9,19.0,67.1,40.9,19.0,67.1,97.9,94.2,99.3,2.1,0.7,5.8,0.5,0.0,6.4,1.6,0.2,9.1
2022,zone,Kasai,Kanzala,168,61.6,50.7,71.5,66.0,58.0,73.2,97.0,93.2,98.7,3.0,1.3,6.8,34.5,23.9,46.9,18.6,10.5,30.8
2022,zone,Kasai,Kitangwa,180,39.5,29.1,50.9,39.5,29.1,50.9,98.9,87.7,99.9,1.1,0.1,12.3,9.2,3.2,23.7,1.8,0.7,4.4
2022,zone,Kasai,Luebo,179,99.0,91.6,99.9,99.0,91.6,99.9,100.0,100.0,100.0,0.0,0.0,0.0,10.3,3.0,29.8,1.4,0.2,7.7
2022,zone,Kasai,Mikope,180,90.0,83.7,94.0,90.0,83.7,94.0,99.2,94.9,99.9,0.8,0.1,5.1,31.9,25.1,39.6,28.1,18.4,40.3
2022,zone,Kasai,Mushenge,184,46.6,18.9,76.6,46.6,18.9,76.6,97.7,84.5,99.7,2.3,0.3,15.5,0.9,0.1,7.2,0.3,0.0,5.0
2022,zone,Kasai,Mutena,182,45.9,29.1,63.6,46.5,29.5,64.3,98.2,90.0,99.7,1.8,0.3,10.0,13.8,2.4,51.0,0.9,0.2,5.0
2022,zone,Kasai,Mweka,183,100.0,100.0,100.0,100.0,100.0,100.0,99.5,94.1,100.0,0.5,0.0,5.9,1.8,0.2,13.6,2.6,0.3,19.5
2022,zone,Kasai,Ndjoko Mpunda,179,98.8,87.0,99.9,98.8,87.0,99.9,99.3,93.0,99.9,0.7,0.1,7.0,0.7,0.1,7.0,1.9,0.4,8.7
2022,zone,Kasai,Nyanga,186,88.2,84.5,91.2,88.2,84.5,91.2,98.2,91.9,99.6,1.8,0.4,8.1,13.2,6.3,25.5,12.5,8.0,18.8
2022,zone,Kasai,Tshikapa,160,90.4,80.3,95.6,92.0,80.9,96.9,97.0,91.0,99.1,3.0,0.9,9.0,35.8,21.9,52.6,20.6,9.8,38.2
2022,zone,Kasai Central,Bena Leka,154,26.7,15.1,42.7,26.7,15.1,42.7,93.6,87.5,96.8,6.4,3.2,12.5,20.3,10.4,35.9,16.9,5.9,39.9
2022,zone,Kasai Central,Bena Tshadi,150,87.7,76.4,94.0,87.7,76.4,94.0,92.2,83.9,96.4,7.8,3.6,16.1,7.2,2.3,20.1,1.2,0.2,6.0
2022,zone,Kasai Central,Bilomba,154,51.6,36.5,66.5,51.6,36.5,66.5,93.0,86.4,96.5,7.0,3.5,13.6,25.7,13.9,42.6,8.1,2.7,22.2
2022,zone,Kasai Central,Bobozo,160,74.1,55.7,86.7,79.0,55.6,91.8,98.3,94.4,99.5,1.7,0.5,5.6,65.3,51.8,76.7,50.4,28.0,72.7
2022,zone,Kasai Central,Bunkonde,157,34.8,24.2,47.2,34.8,24.2,47.2,95.1,88.4,98.0,4.9,2.0,11.6,23.7,7.4,54.4,9.6,3.0,26.7
2022,zone,Kasai Central,Demba,153,57.0,27.5,82.3,57.0,27.5,82.3,90.0,78.1,95.8,10.0,4.2,21.9,28.4,9.9,58.9,30.1,8.4,66.8
2022,zone,Kasai Central,Dibaya,156,58.7,51.2,65.8,60.5,50.4,69.7,99.1,94.3,99.9,0.9,0.1,5.7,41.8,15.7,73.5,40.8,17.3,69.3
2022,zone,Kasai Central,Kalomba,154,37.9,19.5,60.7,37.9,19.5,60.7,96.0,90.1,98.5,4.0,1.5,9.9,42.3,26.9,59.3,8.6,3.5,19.5
2022,zone,Kasai Central,Kananga,156,66.9,49.3,80.8,66.9,49.3,80.8,94.1,88.3,97.1,5.9,2.9,11.7,72.2,50.9,86.7,34.8,22.4,49.7
2022,zone,Kasai Central,Katende,152,82.6,38.1,97.4,82.6,38.1,97.4,98.1,94.3,99.4,1.9,0.6,5.7,48.9,33.1,64.8,50.0,38.8,61.2
2022,zone,Kasai Central,Katoka,165,51.3,36.1,66.3,51.3,36.1,66.3,96.9,85.2,99.4,3.1,0.6,14.8,47.4,33.0,62.2,25.3,10.9,48.2
2022,zone,Kasai Central,Luambo,151,89.2,60.3,97.8,90.4,58.2,98.5,100.0,100.0,100.0,0.0,0.0,0.0,10.7,1.7,45.2,11.4,2.2,42.7
2022,zone,Kasai Central,Lubondaie,155,76.1,61.5,86.3,76.1,61.5,86.3,96.0,78.7,99.4,4.0,0.6,21.3,9.8,4.2,21.4,8.9,2.5,27.2
2022,zone,Kasai Central,Lubunga,156,85.7,81.8,88.9,86.4,81.4,90.3,97.0,90.6,99.1,3.0,0.9,9.4,53.2,47.1,59.3,53.4,43.3,63.1
2022,zone,Kasai Central,Luiza,151,93.9,76.8,98.6,93.9,76.8,98.6,95.4,85.6,98.6,4.6,1.4,14.4,16.5,3.3,53.3,17.1,3.3,55.5
2022,zone,Kasai Central,Lukonga,155,65.6,43.6,82.5,65.6,43.6,82.5,95.0,87.8,98.1,5.0,1.9,12.2,37.5,14.9,67.3,22.3,8.3,47.8
2022,zone,Kasai Central,Masuika,152,92.1,70.4,98.3,92.1,70.4,98.3,87.4,66.7,96.0,12.6,4.0,33.3,10.0,2.2,34.9,7.4,1.5,30.4
2022,zone,Kasai Central,Mikalayi,151,57.3,23.7,85.2,58.9,25.7,85.6,98.1,90.0,99.7,1.9,0.3,10.0,42.9,25.9,61.9,31.9,12.7,60.2
2022,zone,Kasai Central,Muetshi,153,71.9,50.0,86.8,71.9,50.0,86.8,96.6,90.6,98.9,3.4,1.1,9.4,13.0,4.1,34.4,10.5,4.8,21.6
2022,zone,Kasai Central,Mutoto,153,75.8,63.0,85.3,75.8,63.0,85.3,96.7,78.8,99.6,3.3,0.4,21.2,52.5,47.4,57.5,56.0,48.5,63.2
2022,zone,Kasai Central,Ndekesha,159,37.6,13.6,69.8,37.6,13.6,69.8,97.3,95.8,98.3,2.7,1.7,4.2,69.8,57.9,79.6,28.4,20.0,38.7
2022,zone,Kasai Central,Ndesha,160,83.2,68.8,91.7,83.8,68.1,92.6,96.1,91.6,98.2,3.9,1.8,8.4,65.0,56.8,72.4,53.3,44.5,61.9
2022,zone,Kasai Central,Tshibala,163,74.0,48.6,89.6,82.0,62.2,92.6,98.1,89.8,99.7,1.9,0.3,10.2,42.0,29.5,55.7,21.2,9.4,41.1
2022,zone,Kasai Central,Tshikaji,159,65.5,20.5,93.3,65.8,20.7,93.4,94.5,90.2,97.0,5.5,3.0,9.8,72.0,61.6,80.4,40.2,26.3,55.9
2022,zone,Kasai Central,Tshikula,152,42.0,21.9,65.2,42.0,21.9,65.2,94.2,77.9,98.7,5.8,1.3,22.1,28.1,19.3,39.0,16.5,10.6,24.7
2022,zone,Kasai Central,Yangala,155,81.5,66.5,90.7,81.5,66.5,90.7,97.3,88.2,99.4,2.7,0.6,11.8,12.9,4.7,30.8,12.0,8.5,16.7
2022,zone,Kasai Oriental,Bibanga,154,52.7,21.3,82.1,54.8,23.6,82.6,96.0,83.5,99.1,4.0,0.9,16.5,17.8,4.9,47.8,12.4,4.0,32.3
2022,zone,Kasai Oriental,Bipemba,156,58.6,50.8,65.9,58.6,50.8,65.9,96.4,90.2,98.7,3.6,1.3,9.8,54.5,34.6,73.2,36.0,24.4,49.5
2022,zone,Kasai Oriental,Bonzola,158,55.4,39.8,70.0,62.2,45.0,76.8,94.9,79.2,98.9,5.1,1.1,20.8,58.9,42.0,73.9,47.6,26.0,70.2
2022,zone,Kasai Oriental,Cilundu,153,79.9,72.0,86.1,83.1,69.9,91.2,98.7,82.4,99.9,1.3,0.1,17.6,48.2,32.8,63.9,17.0,5.6,41.4
2022,zone,Kasai Oriental,Citenge,154,74.2,67.8,79.7,74.2,67.8,79.7,99.7,94.4,100.0,0.3,0.0,5.6,9.9,6.8,14.2,13.6,8.9,20.1
2022,zone,Kasai Oriental,Dibindi,159,67.7,61.4,73.4,69.1,63.9,73.8,91.9,76.7,97.5,8.1,2.5,23.3,51.9,33.6,69.7,42.9,29.5,57.6
2022,zone,Kasai Oriental,Diulu,152,66.5,45.1,82.7,66.5,45.1,82.7,98.7,93.9,99.7,1.3,0.3,6.1,43.0,26.6,61.2,38.3,23.8,55.2
2022,zone,Kasai Oriental,Kabeya Kamwanga,156,71.1,51.1,85.2,71.1,51.1,85.2,98.1,90.7,99.6,1.9,0.4,9.3,20.2,5.7,51.6,20.4,7.9,43.4
2022,zone,Kasai Oriental,Kansele,152,68.4,50.4,82.1,69.7,52.0,83.0,97.8,89.6,99.6,2.2,0.4,10.4,49.7,38.8,60.6,50.3,37.4,63.1
2022,zone,Kasai Oriental,Kasansa,156,50.1,29.2,71.0,50.1,29.2,71.0,100.0,100.0,100.0,0.0,0.0,0.0,9.8,3.9,22.5,4.7,2.1,10.4
2022,zone,Kasai Oriental,Lubilanji,154,73.4,53.6,86.8,73.4,53.6,86.8,98.6,94.1,99.7,1.4,0.3,5.9,32.8,24.0,43.0,29.9,19.8,42.4
2022,zone,Kasai Oriental,Lukelenge,151,54.7,41.5,67.3,57.3,45.0,68.8,92.6,82.7,97.1,7.4,2.9,17.3,38.6,22.7,57.5,23.8,16.3,33.3
2022,zone,Kasai Oriental,Miabi,155,79.7,69.0,87.3,87.7,83.1,91.1,97.8,88.8,99.6,2.2,0.4,11.2,56.5,46.7,65.9,38.6,26.6,52.0
2022,zone,Kasai Oriental,Mpokolo,160,60.7,52.5,68.3,60.7,52.5,68.3,98.0,90.2,99.6,2.0,0.4,9.8,41.2,35.8,46.9,38.7,24.9,54.6
2022,zone,Kasai Oriental,Mukumbi,153,59.6,43.4,73.9,62.8,39.1,81.6,100.0,100.0,100.0,0.0,0.0,0.0,22.8,8.8,47.5,16.3,10.0,25.4
2022,zone,Kasai Oriental,Muya,154,65.1,51.7,76.5,65.1,51.7,76.5,97.5,91.5,99.3,2.5,0.7,8.5,14.9,6.6,30.3,25.0,14.7,39.3
2022,zone,Kasai Oriental,Nzaba,151,66.1,57.9,73.4,67.7,57.9,76.1,96.4,91.8,98.5,3.6,1.5,8.2,44.1,37.8,50.6,22.8,9.1,46.7
2022,zone,Kasai Oriental,Tshilenge,154,33.3,12.0,64.7,36.1,15.7,63.2,100.0,100.0,100.0,0.0,0.0,0.0,5.6,1.9,14.8,8.1,2.9,20.8
2022,zone,Kasai Oriental,Tshishimbi,155,61.7,38.1,80.8,61.7,38.1,80.8,98.0,94.8,99.2,2.0,0.8,5.2,31.9,13.4,58.8,25.6,13.6,42.8
2022,zone,Kinshasa,Bandalungwa,150,74.4,68.0,80.0,74.4,68.0,80.0,94.8,92.3,96.6,5.2,3.4,7.7,92.7,85.8,96.3,79.4,71.3,85.7
2022,zone,Kinshasa,Barumbu,149,75.5,62.8,84.9,75.7,63.0,85.1,98.0,91.1,99.6,2.0,0.4,8.9,82.2,68.4,90.8,82.2,77.7,86.0
2022,zone,Kinshasa,Binza Meteo,152,22.0,12.5,35.9,22.0,12.5,35.9,97.1,89.5,99.2,2.9,0.8,10.5,96.1,94.1,97.5,34.7,21.7,50.4
2022,zone,Kinshasa,Binza Ozone,154,57.5,44.4,69.5,58.4,47.9,68.2,97.7,88.3,99.6,2.3,0.4,11.7,95.8,93.1,97.5,75.0,60.8,85.3
2022,zone,Kinshasa,Biyela,162,87.1,58.8,96.9,87.6,59.8,97.1,98.8,95.1,99.7,1.2,0.3,4.9,70.6,56.9,81.4,62.8,46.3,76.7
2022,zone,Kinshasa,Bumbu,149,34.9,26.0,44.9,36.1,25.7,47.9,100.0,100.0,100.0,0.0,0.0,0.0,94.7,88.2,97.7,46.2,38.4,54.2
2022,zone,Kinshasa,Gombe,140,19.9,9.3,37.5,19.9,9.3,37.5,97.7,94.8,99.0,2.3,1.0,5.2,85.5,68.2,94.1,38.5,16.7,66.1
2022,zone,Kinshasa,Kalamu 1,150,34.1,28.1,40.6,34.1,28.1,40.6,98.8,93.1,99.8,1.2,0.2,6.9,81.9,74.8,87.3,71.2,65.5,76.2
2022,zone,Kinshasa,Kalamu 2,150,31.0,22.1,41.5,31.0,22.1,41.5,98.2,90.1,99.7,1.8,0.3,9.9,84.3,71.9,91.8,69.6,56.5,80.2
2022,zone,Kinshasa,Kasa Vubu,153,47.5,32.3,63.2,47.9,32.4,63.9,99.0,91.8,99.9,1.0,0.1,8.2,94.2,91.1,96.2,56.5,50.2,62.7
2022,zone,Kinshasa,Kikimi,150,20.2,10.6,35.1,28.0,17.8,41.0,95.0,88.6,97.9,5.0,2.1,11.4,84.2,74.9,90.5,69.3,53.9,81.4
2022,zone,Kinshasa,Kimbanseke,153,13.5,6.8,24.8,22.5,16.8,29.4,94.6,90.7,97.0,5.4,3.0,9.3,69.1,57.0,79.0,48.0,31.1,65.4
2022,zone,Kinshasa,Kingabwa,151,27.9,12.2,51.7,35.4,17.7,58.2,94.2,90.1,96.6,5.8,3.4,9.9,90.2,79.7,95.5,57.2,28.0,82.1
2022,zone,Kinshasa,Kingasani,154,67.6,55.0,78.1,69.5,55.0,81.0,98.2,84.1,99.8,1.8,0.2,15.9,66.9,59.0,73.9,67.5,59.9,74.3
2022,zone,Kinshasa,Kinshasa,151,70.4,65.6,74.7,70.4,65.6,74.7,100.0,100.0,100.0,0.0,0.0,0.0,81.2,66.2,90.6,78.9,69.5,86.0
2022,zone,Kinshasa,Kintambo,148,48.2,29.0,67.9,51.6,30.1,72.5,97.6,87.4,99.6,2.4,0.4,12.6,95.0,87.5,98.1,81.5,74.4,87.0
2022,zone,Kinshasa,Kisenso,150,33.9,15.9,58.2,36.3,17.5,60.6,98.7,93.6,99.8,1.3,0.2,6.4,71.8,40.7,90.4,59.9,48.9,70.0
2022,zone,Kinshasa,Kokolo,150,52.1,39.6,64.4,54.3,39.9,68.0,94.7,89.6,97.3,5.3,2.7,10.4,80.9,60.7,92.0,53.6,38.3,68.2
2022,zone,Kinshasa,Lemba,153,60.2,50.1,69.5,67.4,54.9,77.8,94.1,88.6,97.0,5.9,3.0,11.4,91.9,86.8,95.1,79.9,69.5,87.3
2022,zone,Kinshasa,Limete,150,54.4,47.5,61.3,61.1,47.9,72.9,96.6,87.2,99.1,3.4,0.9,12.8,88.9,69.1,96.7,63.5,56.6,69.9
2022,zone,Kinshasa,Lingwala,149,62.5,48.8,74.5,63.6,52.1,73.7,97.5,91.9,99.2,2.5,0.8,8.1,88.3,76.1,94.7,80.4,69.7,88.0
2022,zone,Kinshasa,Makala,152,20.5,12.7,31.4,20.5,12.7,31.4,99.6,93.7,100.0,0.4,0.0,6.3,76.2,66.5,83.7,58.1,47.5,68.0
2022,zone,Kinshasa,Maluku 1,150,25.4,16.5,36.9,28.2,16.6,43.6,97.8,92.7,99.4,2.2,0.6,7.3,63.4,34.1,85.3,51.2,30.3,71.7
2022,zone,Kinshasa,Maluku 2,129,27.7,12.8,50.2,28.1,13.1,50.4,100.0,100.0,100.0,0.0,0.0,0.0,27.2,9.9,55.9,38.3,17.2,64.9
2022,zone,Kinshasa,Masina 1,150,98.2,87.8,99.7,98.2,87.8,99.7,99.3,91.9,99.9,0.7,0.1,8.1,70.9,62.8,77.8,57.5,50.1,64.7
2022,zone,Kinshasa,Masina 2,150,91.8,83.9,96.0,91.8,83.9,96.0,100.0,100.0,100.0,0.0,0.0,0.0,71.9,68.5,75.0,62.8,53.3,71.5
2022,zone,Kinshasa,Matete,151,66.8,57.6,74.8,72.5,63.1,80.2,94.3,89.6,97.0,5.7,3.0,10.4,96.6,93.6,98.2,76.1,62.9,85.6
2022,zone,Kinshasa,Mont Ngafula 1,150,60.0,32.9,82.1,63.8,40.1,82.2,100.0,100.0,100.0,0.0,0.0,0.0,92.9,80.3,97.7,77.7,64.4,87.0
2022,zone,Kinshasa,Mont Ngafula 2,151,61.4,47.1,73.9,64.6,51.4,75.9,98.2,90.6,99.7,1.8,0.3,9.4,84.1,71.6,91.7,54.7,49.3,60.1
2022,zone,Kinshasa,Ndjili,150,88.2,75.1,94.9,88.2,75.1,94.9,100.0,100.0,100.0,0.0,0.0,0.0,74.0,65.2,81.2,55.4,47.1,63.4
2022,zone,Kinshasa,Ngaba,155,31.0,22.6,40.8,31.0,22.6,40.8,99.3,92.4,99.9,0.7,0.1,7.6,91.3,86.6,94.4,64.5,55.4,72.7
2022,zone,Kinshasa,Ngiri Ngiri,152,64.5,53.7,73.9,64.5,53.7,73.9,99.3,92.4,99.9,0.7,0.1,7.6,87.5,78.3,93.1,78.9,68.5,86.6
2022,zone,Kinshasa,Nsele,151,18.6,7.5,39.2,23.8,12.0,41.8,94.5,86.7,97.9,5.5,2.1,13.3,69.1,61.0,76.2,52.8,42.4,62.9
2022,zone,Kinshasa,Police,152,38.8,31.9,46.2,38.8,31.9,46.2,97.8,94.5,99.1,2.2,0.9,5.5,72.0,66.7,76.7,71.9,56.9,83.3
2022,zone,Kinshasa,Selembao,152,34.3,29.7,39.1,34.3,29.7,39.1,98.7,90.5,99.8,1.3,0.2,9.5,92.9,84.9,96.8,36.1,33.1,39.3
2022,zone,Kongo Central,Boko Kivulu,181,75.1,48.7,90.6,79.2,60.0,90.6,93.6,80.8,98.1,6.4,1.9,19.2,48.2,19.6,77.9,41.1,17.3,69.9
2022,zone,Kongo Central,Boma,181,76.6,70.7,81.6,81.4,75.4,86.2,90.9,85.5,94.5,9.1,5.5,14.5,69.2,47.2,85.0,38.7,21.4,59.5
2022,zone,Kongo Central,Boma Bungu,184,78.1,66.3,86.6,80.5,67.1,89.3,95.4,86.7,98.5,4.6,1.5,13.3,61.0,37.6,80.2,26.4,8.7,57.4
2022,zone,Kongo Central,Gombe Matadi,180,83.2,62.7,93.6,83.2,62.7,93.6,97.2,91.1,99.2,2.8,0.8,8.9,29.4,8.9,64.2,28.7,9.3,61.4
2022,zone,Kongo Central,Inga,180,61.1,29.6,85.5,63.6,28.1,88.7,96.1,92.0,98.1,3.9,1.9,8.0,78.7,54.6,91.9,56.1,26.3,82.1
2022,zone,Kongo Central,Kangu,180,58.6,42.6,73.0,61.2,43.8,76.2,96.6,94.0,98.1,3.4,1.9,6.0,49.3,42.7,56.0,18.5,11.9,27.7
2022,zone,Kongo Central,Kibunzi,180,66.3,58.3,73.5,66.3,58.3,73.5,94.5,81.8,98.5,5.5,1.5,18.2,66.1,50.8,78.6,51.9,32.3,70.9
2022,zone,Kongo Central,Kimpangu,178,64.1,47.6,77.8,68.2,49.6,82.4,99.6,94.3,100.0,0.4,0.0,5.7,33.9,21.5,49.0,33.6,15.1,59.0
2022,zone,Kongo Central,Kimpese,180,72.3,46.7,88.6,72.5,46.8,88.8,98.9,86.6,99.9,1.1,0.1,13.4,58.6,41.8,73.6,39.0,24.4,55.9
2022,zone,Kongo Central,Kimvula,180,71.2,58.6,81.2,72.7,61.9,81.4,93.8,84.7,97.6,6.2,2.4,15.3,59.2,16.7,91.3,38.9,20.0,61.9
2022,zone,Kongo Central,Kinkonzi,183,85.0,57.6,96.0,85.0,57.6,96.0,100.0,100.0,100.0,0.0,0.0,0.0,91.0,62.1,98.4,53.3,25.6,79.2
2022,zone,Kongo Central,Kisantu,181,81.3,70.4,88.9,82.0,70.4,89.6,96.3,88.1,98.9,3.7,1.1,11.9,50.4,15.1,85.3,47.7,16.1,81.2
2022,zone,Kongo Central,Kitona,181,77.6,53.4,91.3,79.0,52.0,92.9,94.0,88.3,97.0,6.0,3.0,11.7,50.1,25.7,74.5,22.4,7.9,49.0
2022,zone,Kongo Central,Kizu,180,71.9,41.2,90.4,71.9,41.2,90.4,98.4,94.9,99.5,1.6,0.5,5.1,90.5,73.5,97.0,63.1,52.5,72.6
2022,zone,Kongo Central,Kuimba,184,85.7,60.9,95.8,86.3,59.5,96.4,95.4,86.0,98.6,4.6,1.4,14.0,85.2,69.6,93.5,57.7,51.2,64.0
2022,zone,Kongo Central,Kwilu Ngongo,171,66.0,47.7,80.5,69.0,49.2,83.6,98.0,86.6,99.7,2.0,0.3,13.4,48.4,28.9,68.4,39.1,21.9,59.6
2022,zone,Kongo Central,Lukula,177,46.3,31.7,61.5,46.3,31.7,61.5,96.0,89.2,98.6,4.0,1.4,10.8,89.1,73.1,96.1,48.6,27.3,70.5
2022,zone,Kongo Central,Luozi,182,44.1,31.6,57.5,45.1,32.7,58.2,96.1,81.4,99.3,3.9,0.7,18.6,67.8,36.3,88.7,35.5,22.9,50.5
2022,zone,Kongo Central,Mangembo,186,91.3,87.0,94.2,91.3,87.0,94.2,99.6,94.6,100.0,0.4,0.0,5.4,62.8,31.8,85.9,55.7,29.9,78.8
2022,zone,Kongo Central,Massa,184,82.0,63.6,92.2,82.5,65.5,92.2,93.0,74.8,98.3,7.0,1.7,25.2,64.9,34.0,86.9,48.2,28.4,68.5
2022,zone,Kongo Central,Matadi,181,56.9,45.2,68.0,58.7,47.6,69.1,95.2,88.8,98.0,4.8,2.0,11.2,79.0,57.5,91.3,69.9,55.4,81.3
2022,zone,Kongo Central,Mbanza Ngungu,183,73.9,46.8,90.1,76.2,51.7,90.6,99.0,93.0,99.9,1.0,0.1,7.0,35.6,20.3,54.5,39.8,19.9,63.6
2022,zone,Kongo Central,Muanda,182,77.2,63.0,87.0,79.9,63.6,90.1,97.7,89.3,99.6,2.3,0.4,10.7,63.4,36.7,83.8,31.6,17.8,49.8
2022,zone,Kongo Central,Ngidinga,180,77.3,62.5,87.4,77.3,62.5,87.4,95.0,82.3,98.7,5.0,1.3,17.7,54.0,14.0,89.4,47.8,32.1,64.0
2022,zone,Kongo Central,Nselo,180,80.9,77.6,83.8,81.5,77.9,84.7,94.6,88.7,97.5,5.4,2.5,11.3,57.8,14.9,91.5,49.5,27.8,71.5
2022,zone,Kongo Central,Nsona Mpangu,181,46.4,37.0,56.2,47.2,38.5,56.0,98.9,89.9,99.9,1.1,0.1,10.1,31.6,18.6,48.4,20.2,18.0,22.7
2022,zone,Kongo Central,Nzanza,185,50.4,35.9,64.8,53.1,38.4,67.3,96.2,87.6,98.9,3.8,1.1,12.4,68.9,51.4,82.3,58.1,44.3,70.8
2022,zone,Kongo Central,Seke Banza,177,47.7,39.2,56.3,55.6,47.2,63.6,97.4,86.9,99.5,2.6,0.5,13.1,75.0,49.8,90.1,24.9,9.9,49.8
2022,zone,Kongo Central,Sona Bata,188,67.4,55.0,77.8,69.0,53.9,80.9,95.1,88.8,97.9,4.9,2.1,11.2,26.5,8.5,58.5,24.7,6.6,60.3
2022,zone,Kongo Central,Tshela,180,89.0,62.6,97.5,89.0,62.6,97.5,99.8,96.5,100.0,0.2,0.0,3.5,93.9,89.6,96.5,71.8,64.9,77.8
2022,zone,Kongo Central,Vaku,184,70.7,38.8,90.2,70.7,38.8,90.2,99.2,89.4,99.9,0.8,0.1,10.6,69.9,32.2,91.9,23.7,6.3,59.2
2022,zone,Kwango,Boko,184,54.1,20.9,84.0,54.6,20.7,84.7,93.2,82.8,97.5,6.8,2.5,17.2,17.1,4.0,50.4,0.0,0.0,0.0
2022,zone,Kwango,Feshi,188,79.6,44.3,95.0,80.1,45.2,95.1,87.7,70.9,95.4,12.3,4.6,29.1,24.1,8.4,52.6,8.8,2.4,27.0
2022,zone,Kwango,Kahemba,184,79.3,46.7,94.4,79.3,46.7,94.4,85.2,62.2,95.3,14.8,4.7,37.8,3.7,0.8,14.5,4.3,1.3,12.7
2022,zone,Kwango,Kajiji,190,63.9,46.3,78.3,63.9,46.3,78.3,82.4,75.7,87.5,17.6,12.5,24.3,6.8,2.7,16.1,6.4,3.8,10.5
2022,zone,Kwango,Kasongo Lunda,185,69.2,25.4,93.7,69.7,24.9,94.1,92.0,78.4,97.3,8.0,2.7,21.6,1.3,0.4,4.8,0.5,0.0,6.5
2022,zone,Kwango,Kenge,194,85.0,72.3,92.5,85.0,72.3,92.5,85.2,68.7,93.7,14.8,6.3,31.3,28.3,6.3,69.8,10.8,3.6,28.0
2022,zone,Kwango,Kimbao,226,98.6,92.7,99.7,98.6,92.7,99.7,97.5,91.6,99.3,2.5,0.7,8.4,8.3,2.0,28.7,1.8,0.2,13.4
2022,zone,Kwango,Kisanji,178,67.2,36.6,87.9,68.5,37.0,88.9,92.4,74.0,98.1,7.6,1.9,26.0,8.7,1.8,33.4,1.8,0.6,5.0
2022,zone,Kwango,Kitenda,184,41.1,10.5,80.6,41.1,10.5,80.6,87.2,73.6,94.3,12.8,5.7,26.4,2.3,0.7,6.9,0.6,0.0,6.5
2022,zone,Kwango,Mwela Lembwa,233,98.8,96.4,99.6,98.8,96.4,99.6,76.7,58.8,88.4,23.3,11.6,41.2,57.1,27.9,82.1,10.9,2.9,33.4
2022,zone,Kwango,Panzi,223,99.2,95.9,99.8,99.2,95.9,99.8,85.6,46.9,97.6,14.4,2.4,53.1,26.8,6.3,66.4,6.9,0.8,40.5
2022,zone,Kwango,Popokabaka,188,50.7,16.7,84.1,50.7,16.7,84.1,89.4,75.8,95.8,10.6,4.2,24.2,3.1,0.2,29.2,1.1,0.1,12.3
2022,zone,Kwango,Tembo,195,99.7,95.5,100.0,99.7,95.5,100.0,99.2,95.3,99.9,0.8,0.1,4.7,27.5,5.1,73.0,18.0,4.1,52.7
2022,zone,Kwango,Wamba Lwadi,181,81.1,48.5,95.1,82.1,52.6,95.0,89.8,51.2,98.7,10.2,1.3,48.8,5.8,0.8,30.8,1.7,0.6,4.7
2022,zone,Kwilu,Bagata,161,32.4,9.4,68.9,33.3,9.8,69.6,97.9,88.5,99.7,2.1,0.3,11.5,4.4,2.3,8.3,2.6,0.3,20.3
2022,zone,Kwilu,Bandundu,157,40.9,26.0,57.8,44.4,29.0,61.0,97.3,88.6,99.4,2.7,0.6,11.4,54.5,31.9,75.5,38.4,28.7,49.2
2022,zone,Kwilu,Bulungu,142,97.6,87.6,99.6,98.2,88.8,99.7,97.0,90.9,99.1,3.0,0.9,9.1,94.2,60.3,99.4,73.0,46.1,89.6
2022,zone,Kwilu,Djuma,148,99.3,91.6,100.0,100.0,100.0,100.0,99.3,91.6,100.0,0.7,0.0,8.4,96.5,76.4,99.6,92.2,74.8,97.9
2022,zone,Kwilu,Gungu,152,85.8,41.1,98.1,87.2,40.4,98.6,96.0,84.0,99.1,4.0,0.9,16.0,40.6,7.1,85.8,35.4,5.7,83.4
2022,zone,Kwilu,Idiofa,158,84.0,43.8,97.3,84.0,43.8,97.3,95.5,81.5,99.0,4.5,1.0,18.5,75.7,65.6,83.6,39.8,29.3,51.4
2022,zone,Kwilu,Ipamu,153,100.0,100.0,100.0,100.0,100.0,100.0,98.3,94.3,99.5,1.7,0.5,5.7,78.1,68.4,85.5,39.6,24.9,56.4
2022,zone,Kwilu,Kikongo,152,64.8,27.7,89.9,65.4,29.0,89.7,98.5,93.9,99.7,1.5,0.3,6.1,29.6,10.5,60.0,0.9,0.1,8.1
2022,zone,Kwilu,Kikwit Nord,149,92.1,75.5,97.8,92.7,79.1,97.7,95.4,83.4,98.8,4.6,1.2,16.6,92.8,75.4,98.2,87.7,71.0,95.4
2022,zone,Kwilu,Kikwit Sud,150,82.3,52.7,95.1,82.3,52.7,95.1,93.2,84.6,97.1,6.8,2.9,15.4,98.2,93.8,99.5,90.0,81.9,94.7
2022,zone,Kwilu,Kimputu,150,91.9,40.7,99.5,93.1,45.7,99.5,98.7,94.0,99.7,1.3,0.3,6.0,75.6,64.8,83.9,31.4,16.7,51.1
2022,zone,Kwilu,Kingandu,137,97.3,91.2,99.2,97.3,91.2,99.2,100.0,100.0,100.0,0.0,0.0,0.0,77.0,45.0,93.2,63.4,20.6,92.0
2022,zone,Kwilu,Koshibanda,150,99.2,91.8,99.9,99.2,91.8,99.9,99.2,91.8,99.9,0.8,0.1,8.2,72.1,65.6,77.8,36.6,30.7,43.0
2022,zone,Kwilu,Lusanga,149,73.0,45.7,89.7,73.0,45.7,89.7,87.0,69.8,95.1,13.0,4.9,30.2,82.1,66.8,91.3,67.3,42.6,85.1
2022,zone,Kwilu,Masi Manimba,157,52.2,41.1,63.0,52.2,41.1,63.0,93.2,85.6,96.9,6.8,3.1,14.4,52.9,34.5,70.4,22.6,13.3,35.6
2022,zone,Kwilu,Moanza,150,62.9,51.4,73.2,62.9,51.4,73.2,94.9,92.0,96.8,5.1,3.2,8.0,37.4,28.3,47.4,12.2,8.1,18.0
2022,zone,Kwilu,Mokala,146,100.0,100.0,100.0,100.0,100.0,100.0,99.0,93.5,99.8,1.0,0.2,6.5,98.4,89.3,99.8,92.8,83.8,97.0
2022,zone,Kwilu,Mosango,152,99.6,94.2,100.0,99.6,94.2,100.0,100.0,100.0,100.0,0.0,0.0,0.0,72.1,44.1,89.4,70.4,47.9,86.0
2022,zone,Kwilu,Mukedi,149,95.9,75.9,99.4,95.9,75.9,99.4,98.9,93.9,99.8,1.1,0.2,6.1,15.4,6.9,30.7,15.0,5.2,36.1
2022,zone,Kwilu,Mungindu,152,78.8,42.9,94.9,79.4,44.8,94.8,94.4,81.8,98.4,5.6,1.6,18.2,10.5,1.8,42.5,7.0,1.0,36.0
2022,zone,Kwilu,Pay Kongila,152,98.1,90.4,99.6,98.1,90.4,99.6,100.0,100.0,100.0,0.0,0.0,0.0,75.6,42.3,92.9,68.6,44.2,85.7
2022,zone,Kwilu,Sia,163,36.0,9.9,74.2,37.5,10.9,74.7,97.0,90.5,99.1,3.0,0.9,9.5,15.3,3.0,50.8,3.3,1.2,8.5
2022,zone,Kwilu,Vanga,152,98.7,93.9,99.7,98.7,93.9,99.7,100.0,100.0,100.0,0.0,0.0,0.0,99.0,87.4,99.9,88.4,67.5,96.6
2022,zone,Kwilu,Yasa Bonga,150,71.5,61.3,79.8,71.5,61.3,79.8,96.1,88.6,98.7,3.9,1.3,11.4,57.8,47.0,67.9,24.6,17.6,33.3
2022,zone,Lomami,Kabinda,181,89.6,85.0,92.9,89.6,85.0,92.9,95.8,92.9,97.6,4.2,2.4,7.1,21.5,5.4,56.8,12.4,3.9,33.0
2022,zone,Lomami,Kalambayi Kabanga,147,78.3,65.8,87.1,78.3,65.8,87.1,98.9,92.5,99.8,1.1,0.2,7.5,0.4,0.0,6.5,4.3,1.8,9.6
2022,zone,Lomami,Kalenda,152,82.3,66.3,91.7,84.5,70.2,92.7,100.0,100.0,100.0,0.0,0.0,0.0,51.7,45.1,58.3,17.5,6.9,37.5
2022,zone,Lomami,Kalonda Est,150,68.0,43.6,85.4,68.0,43.6,85.4,98.1,89.4,99.7,1.9,0.3,10.6,22.3,11.9,37.9,5.7,1.0,26.5
2022,zone,Lomami,Kamana,151,93.2,80.3,97.9,93.2,80.3,97.9,88.7,75.8,95.1,11.3,4.9,24.2,38.3,26.2,52.2,9.4,2.8,27.1
2022,zone,Lomami,Kamiji,151,71.9,61.7,80.2,73.0,65.3,79.5,98.3,93.9,99.5,1.7,0.5,6.1,31.1,15.5,52.6,21.9,5.4,58.2
2022,zone,Lomami,Kanda Kanda,150,89.2,43.4,98.9,89.8,46.1,98.9,99.4,92.4,100.0,0.6,0.0,7.6,9.5,2.2,32.4,11.4,6.4,19.5
2022,zone,Lomami,Lubao,149,90.6,68.5,97.7,91.3,72.3,97.7,96.0,93.9,97.4,4.0,2.6,6.1,16.2,11.9,21.8,12.6,9.7,16.3
2022,zone,Lomami,Ludimbi Lukula,150,85.2,77.0,90.9,85.2,77.0,90.9,94.4,82.5,98.4,5.6,1.6,17.5,24.6,12.5,42.6,10.6,5.3,20.2
2022,zone,Lomami,Luputa,154,83.5,76.4,88.8,83.5,76.4,88.8,98.5,85.3,99.9,1.5,0.1,14.7,15.4,10.5,22.2,15.4,10.5,22.2
2022,zone,Lomami,Makota,154,50.8,34.1,67.3,51.5,33.9,68.7,99.3,92.6,99.9,0.7,0.1,7.4,59.1,54.2,63.8,53.8,43.4,63.9
2022,zone,Lomami,Mulumba,150,89.1,78.3,94.9,89.6,79.8,94.9,98.0,79.1,99.8,2.0,0.2,20.9,2.1,0.4,9.8,3.7,0.9,14.7
2022,zone,Lomami,Mweneditu,152,84.9,50.9,96.8,86.2,53.8,97.1,99.6,94.0,100.0,0.4,0.0,6.0,55.6,45.5,65.3,43.0,28.1,59.3
2022,zone,Lomami,Ngandajika,149,100.0,100.0,100.0,100.0,100.0,100.0,99.3,92.1,99.9,0.7,0.1,7.9,50.3,49.5,51.2,45.4,38.3,52.6
2022,zone,Lomami,Tshofa,153,90.6,66.8,97.9,92.1,68.5,98.4,93.3,87.5,96.5,6.7,3.5,12.5,18.3,10.3,30.4,22.5,15.7,31.2
2022,zone,Lomami,Wikong,149,96.3,88.6,98.9,96.3,88.6,98.9,99.5,92.8,100.0,0.5,0.0,7.2,34.5,15.8,59.7,19.8,7.8,41.9
2022,zone,Lualaba,Bunkeya,154,92.5,87.9,95.4,92.5,87.9,95.4,100.0,100.0,100.0,0.0,0.0,0.0,95.0,88.8,97.8,25.0,17.2,34.8
2022,zone,Lualaba,Dilala,149,78.2,58.6,90.1,79.1,62.1,89.7,98.0,94.3,99.3,2.0,0.7,5.7,67.1,48.1,81.8,40.5,19.1,66.4
2022,zone,Lualaba,Dilolo,157,88.1,49.7,98.2,88.1,49.7,98.2,98.5,80.5,99.9,1.5,0.1,19.5,15.2,6.4,31.7,0.6,0.0,7.3
2022,zone,Lualaba,Fungurume,152,38.6,31.2,46.5,39.8,31.8,48.3,93.7,88.3,96.8,6.3,3.2,11.7,20.4,13.8,29.3,21.8,15.7,29.5
2022,zone,Lualaba,Kafakumba,151,54.6,52.1,57.1,55.5,52.3,58.6,97.9,87.6,99.7,2.1,0.3,12.4,32.6,25.1,41.0,1.7,0.2,15.8
2022,zone,Lualaba,Kalamba,151,76.8,63.6,86.3,76.8,63.6,86.3,100.0,100.0,100.0,0.0,0.0,0.0,1.8,0.1,20.0,0.0,0.0,0.0
2022,zone,Lualaba,Kanzenze,156,92.9,87.9,96.0,92.9,87.9,96.0,100.0,100.0,100.0,0.0,0.0,0.0,32.4,19.8,48.1,8.7,3.2,21.3
2022,zone,Lualaba,Kapanga,153,74.6,66.5,81.2,74.6,66.5,81.2,100.0,100.0,100.0,0.0,0.0,0.0,0.0,0.0,0.0,0.0,0.0,0.0
2022,zone,Lualaba,Kasaji,150,89.5,62.6,97.7,89.5,62.6,97.7,100.0,100.0,100.0,0.0,0.0,0.0,20.2,17.7,23.0,7.3,2.1,22.5
2022,zone,Lualaba,Lualaba,152,46.0,25.9,67.5,46.0,25.9,67.5,96.1,81.2,99.3,3.9,0.7,18.8,25.7,17.2,36.7,28.5,20.9,37.4
2022,zone,Lualaba,Lubudi,147,92.1,76.6,97.7,92.1,76.6,97.7,100.0,100.0,100.0,0.0,0.0,0.0,93.9,84.0,97.9,6.8,1.7,23.6
2022,zone,Lualaba,Manika,151,76.1,70.2,81.2,76.1,70.2,81.2,98.0,91.0,99.6,2.0,0.4,9.0,50.1,17.6,82.5,36.3,9.2,76.3
2022,zone,Lualaba,Mutshatsha,154,80.0,37.7,96.4,80.0,37.7,96.4,100.0,100.0,100.0,0.0,0.0,0.0,26.2,4.0,75.2,0.8,0.1,8.1
2022,zone,Lualaba,Sandoa,149,53.1,44.7,61.4,53.8,45.4,62.0,99.3,92.2,99.9,0.7,0.1,7.8,29.0,24.3,34.2,0.0,0.0,0.0
2022,zone,Maindombe,Banzow Moke,187,4.8,0.7,27.8,4.8,0.7,27.8,100.0,100.0,100.0,0.0,0.0,0.0,0.4,0.0,6.0,0.0,0.0,0.0
2022,zone,Maindombe,Bokoro,181,79.1,54.0,92.4,79.1,54.0,92.4,100.0,100.0,100.0,0.0,0.0,0.0,32.5,14.8,57.1,32.0,14.4,57.0
2022,zone,Maindombe,Bolobo,180,62.0,38.9,80.6,94.2,83.4,98.1,100.0,100.0,100.0,0.0,0.0,0.0,0.5,0.0,6.4,0.5,0.0,6.4
2022,zone,Maindombe,Bosobe,178,59.6,29.5,83.9,59.6,29.5,83.9,98.5,86.2,99.9,1.5,0.1,13.8,15.3,2.4,57.3,15.8,2.5,57.6
2022,zone,Maindombe,Inongo,179,26.8,6.8,64.8,26.8,6.8,64.8,100.0,100.0,100.0,0.0,0.0,0.0,17.8,5.4,44.8,16.5,4.8,43.6
2022,zone,Maindombe,Kiri,185,35.7,17.3,59.7,35.7,17.3,59.7,96.8,88.1,99.2,3.2,0.8,11.9,0.0,0.0,0.0,0.5,0.0,6.8
2022,zone,Maindombe,Kwamouth,110,61.1,0.0,100.0,81.1,0.0,100.0,100.0,,,0.0,,,7.1,2.1,16.8,12.2,0.0,98.7
2022,zone,Maindombe,Mimia,180,28.0,21.9,35.1,28.0,21.9,35.1,99.3,89.8,100.0,0.7,0.0,10.2,8.6,1.6,36.0,8.4,1.5,35.1
2022,zone,Maindombe,Mushie,177,32.0,5.1,80.6,94.0,71.7,99.0,100.0,100.0,100.0,0.0,0.0,0.0,15.6,4.4,42.5,14.7,4.0,41.5
2022,zone,Maindombe,Nioki,187,22.5,10.3,42.2,22.5,10.3,42.2,100.0,100.0,100.0,0.0,0.0,0.0,30.1,20.0,42.5,28.3,17.9,41.7
2022,zone,Maindombe,Ntandembelo,196,7.2,0.8,42.6,7.2,0.8,42.6,100.0,100.0,100.0,0.0,0.0,0.0,0.7,0.1,6.5,0.0,0.0,0.0
2022,zone,Maindombe,Oshwe,182,29.2,18.5,42.9,29.6,18.5,44.0,100.0,100.0,100.0,0.0,0.0,0.0,12.0,4.1,30.4,10.0,2.5,32.0
2022,zone,Maindombe,Pendjwa,176,41.3,34.3,48.7,41.3,34.3,48.7,97.1,89.4,99.2,2.9,0.8,10.6,0.0,0.0,0.0,0.0,0.0,0.0
2022,zone,Maindombe,Yumbi,180,34.9,20.4,52.8,87.4,85.5,89.1,100.0,100.0,100.0,0.0,0.0,0.0,2.8,0.4,15.8,6.1,1.8,18.5
2022,zone,Maniema,Alunguli,162,18.5,7.7,38.2,18.5,7.7,38.2,96.4,90.2,98.7,3.6,1.3,9.8,8.6,4.7,15.1,4.7,1.5,13.8
2022,zone,Maniema,Ferekeni,162,5.2,2.3,11.4,5.7,3.0,10.6,96.4,92.5,98.3,3.6,1.7,7.5,11.9,4.7,26.9,8.0,1.2,37.7
2022,zone,Maniema,Kabambare,125,2.5,0.5,11.5,2.5,0.5,11.5,100.0,100.0,100.0,0.0,0.0,0.0,17.2,7.4,35.0,15.0,6.1,32.6
2022,zone,Maniema,Kailo,160,14.8,7.8,26.4,14.8,7.8,26.4,94.5,87.5,97.7,5.5,2.3,12.5,13.3,2.5,47.8,24.3,4.2,69.9
2022,zone,Maniema,Kalima,157,7.2,1.6,27.1,9.4,2.9,26.9,96.0,92.8,97.9,4.0,2.1,7.2,10.3,2.6,32.9,13.3,3.2,41.4
2022,zone,Maniema,Kampene,174,7.0,1.3,29.5,7.0,1.3,29.5,94.0,89.0,96.8,6.0,3.2,11.0,0.6,0.0,10.6,1.0,0.1,8.4
2022,zone,Maniema,Kasongo,154,16.1,8.8,27.5,16.1,8.8,27.5,98.6,93.7,99.7,1.4,0.3,6.3,14.4,5.8,31.5,18.2,7.7,37.3
2022,zone,Maniema,Kibombo,154,0.0,0.0,0.0,0.0,0.0,0.0,100.0,100.0,100.0,0.0,0.0,0.0,0.0,0.0,0.0,0.7,0.1,7.9
2022,zone,Maniema,Kindu,165,17.0,12.3,23.0,17.0,12.3,23.0,96.8,81.4,99.5,3.2,0.5,18.6,23.6,17.3,31.2,23.5,11.5,42.1
2022,zone,Maniema,Kunda,154,7.0,3.2,14.9,7.0,3.2,14.9,98.3,94.1,99.6,1.7,0.4,5.9,0.6,0.0,7.0,0.6,0.0,7.0
2022,zone,Maniema,Lubutu,160,23.3,18.1,29.4,23.3,18.1,29.4,97.8,92.2,99.4,2.2,0.6,7.8,11.8,7.2,18.9,7.2,4.1,12.3
2022,zone,Maniema,Lusangi,151,11.3,5.7,21.4,11.9,6.3,21.1,100.0,100.0,100.0,0.0,0.0,0.0,13.9,1.8,58.9,16.8,3.3,54.8
2022,zone,Maniema,Obokote,155,32.7,24.0,42.9,32.7,24.0,42.9,98.0,89.4,99.7,2.0,0.3,10.6,17.2,11.1,25.6,14.0,7.1,25.8
2022,zone,Maniema,Pangi,158,9.2,1.4,41.2,9.2,1.4,41.2,94.3,86.7,97.7,5.7,2.3,13.3,0.6,0.0,7.1,0.6,0.0,7.1
2022,zone,Maniema,Punia,161,16.3,8.3,29.5,16.3,8.3,29.5,97.7,93.4,99.2,2.3,0.8,6.6,13.5,5.9,28.0,8.0,3.9,15.9
2022,zone,Maniema,Samba,154,6.8,4.0,11.3,7.2,4.3,11.8,98.5,84.8,99.9,1.5,0.1,15.2,1.2,0.2,6.1,2.3,0.5,9.9
2022,zone,Maniema,Saramabila,157,4.0,1.5,10.5,5.0,3.1,7.9,97.2,92.5,99.0,2.8,1.0,7.5,20.0,17.1,23.3,21.8,18.3,25.6
2022,zone,Maniema,Tunda,159,5.0,2.0,11.9,5.0,2.0,11.9,99.5,93.7,100.0,0.5,0.0,6.3,0.0,0.0,0.0,0.0,0.0,0.0
2022,zone,Mongala,Binga,150,5.2,1.2,19.9,5.2,1.2,19.9,100.0,100.0,100.0,0.0,0.0,0.0,0.0,0.0,0.0,0.0,0.0,0.0
2022,zone,Mongala,Bongandanga,162,3.8,0.7,17.4,3.8,0.7,17.4,96.4,89.1,98.9,3.6,1.1,10.9,8.2,3.8,17.0,0.0,0.0,0.0
2022,zone,Mongala,Boso Manzi,153,11.6,7.6,17.4,11.6,7.6,17.4,100.0,100.0,100.0,0.0,0.0,0.0,0.0,0.0,0.0,0.0,0.0,0.0
2022,zone,Mongala,Boso Mondanda,154,4.6,0.5,32.4,4.6,0.5,32.4,93.8,86.6,97.3,6.2,2.7,13.4,11.0,6.1,18.9,0.0,0.0,0.0
2022,zone,Mongala,Bosondjo,153,4.0,0.5,24.1,4.0,0.5,24.1,96.5,88.8,99.0,3.5,1.0,11.2,7.2,2.7,17.5,0.0,0.0,0.0
2022,zone,Mongala,Bumba,155,33.8,21.0,49.4,33.8,21.0,49.4,96.3,95.1,97.3,3.7,2.7,4.9,2.8,0.5,14.9,0.0,0.0,0.0
2022,zone,Mongala,Lisala,149,18.5,3.8,57.0,18.5,3.8,57.0,97.3,89.0,99.4,2.7,0.6,11.0,3.4,0.4,23.0,0.0,0.0,0.0
2022,zone,Mongala,Lolo,157,26.0,15.7,40.0,26.0,15.7,40.0,94.8,88.7,97.7,5.2,2.3,11.3,0.0,0.0,0.0,0.0,0.0,0.0
2022,zone,Mongala,Pimu,154,14.8,7.6,26.7,14.8,7.6,26.7,97.5,92.1,99.2,2.5,0.8,7.9,11.2,9.4,13.2,0.0,0.0,0.0
2022,zone,Mongala,Yamaluka,160,9.7,3.8,22.5,9.7,3.8,22.5,87.2,72.5,94.6,12.8,5.4,27.5,1.2,0.3,5.6,0.0,0.0,0.0
2022,zone,Mongala,Yambuku,151,6.3,0.4,50.6,6.3,0.4,50.6,98.4,94.0,99.6,1.6,0.4,6.0,0.0,0.0,0.0,0.0,0.0,0.0
2022,zone,Mongala,Yamongili,156,14.2,7.7,24.6,14.2,7.7,24.6,92.5,85.0,96.4,7.5,3.6,15.0,0.0,0.0,0.0,0.0,0.0,0.0
2022,zone,Nord Kivu,Alimbongo,153,98.7,85.3,99.9,100.0,100.0,100.0,98.3,93.9,99.5,1.7,0.5,6.1,100.0,100.0,100.0,82.4,74.3,88.3
2022,zone,Nord Kivu,Beni,154,88.5,82.1,92.8,88.5,82.1,92.8,96.2,93.1,97.9,3.8,2.1,6.9,82.7,69.9,90.7,66.0,52.7,77.2
2022,zone,Nord Kivu,Biena,151,96.4,66.5,99.7,96.4,66.5,99.7,97.1,95.5,98.2,2.9,1.8,4.5,93.1,88.7,95.8,54.6,42.9,65.8
2022,zone,Nord Kivu,Butembo,151,88.6,68.3,96.5,89.7,72.0,96.7,95.9,88.3,98.6,4.1,1.4,11.7,92.6,77.9,97.8,57.1,39.0,73.4
2022,zone,Nord Kivu,Goma,157,95.1,82.8,98.8,95.1,82.8,98.8,95.7,86.0,98.8,4.3,1.2,14.0,92.2,89.5,94.2,83.7,77.4,88.5
2022,zone,Nord Kivu,Itebero,149,98.7,90.7,99.8,98.7,90.7,99.8,99.6,93.6,100.0,0.4,0.0,6.4,36.3,16.2,62.7,7.3,2.9,17.5
2022,zone,Nord Kivu,Kalunguta,180,100.0,100.0,100.0,100.0,100.0,100.0,98.6,94.0,99.7,1.4,0.3,6.0,74.0,55.6,86.6,33.1,21.4,47.2
2022,zone,Nord Kivu,Kamango,153,87.1,76.1,93.5,87.6,76.8,93.8,99.1,91.5,99.9,0.9,0.1,8.5,60.8,51.7,69.2,10.6,5.8,18.6
2022,zone,Nord Kivu,Karisimbi,153,92.9,70.5,98.6,92.9,70.5,98.6,99.0,90.8,99.9,1.0,0.1,9.2,94.5,59.7,99.5,88.4,57.3,97.7
2022,zone,Nord Kivu,Katwa,155,94.9,71.1,99.3,95.4,68.7,99.5,97.3,92.0,99.1,2.7,0.9,8.0,92.7,86.1,96.3,67.7,44.8,84.4
2022,zone,Nord Kivu,Kayna,151,100.0,100.0,100.0,100.0,100.0,100.0,98.1,94.1,99.4,1.9,0.6,5.9,100.0,100.0,100.0,83.2,72.0,90.5
2022,zone,Nord Kivu,Kibua,147,100.0,100.0,100.0,100.0,100.0,100.0,100.0,100.0,100.0,0.0,0.0,0.0,65.3,47.0,79.9,15.9,7.5,30.4
2022,zone,Nord Kivu,Kirotshe,155,99.6,89.9,100.0,100.0,100.0,100.0,100.0,100.0,100.0,0.0,0.0,0.0,85.0,33.5,98.5,67.4,30.2,90.8
2022,zone,Nord Kivu,Kyondo,168,99.3,92.1,99.9,100.0,100.0,100.0,99.3,92.1,99.9,0.7,0.1,7.9,100.0,100.0,100.0,74.4,70.2,78.2
2022,zone,Nord Kivu,Lubero,154,100.0,100.0,100.0,100.0,100.0,100.0,96.7,92.4,98.6,3.3,1.4,7.6,100.0,100.0,100.0,88.1,80.7,92.9
2022,zone,Nord Kivu,Mabalako,296,96.2,91.0,98.5,96.2,91.0,98.5,97.4,96.1,98.3,2.6,1.7,3.9,97.5,89.6,99.4,53.6,47.1,59.9
2022,zone,Nord Kivu,Manguredjipa,152,89.6,83.6,93.6,90.3,82.6,94.7,98.4,93.6,99.6,1.6,0.4,6.4,93.9,89.4,96.6,52.6,31.7,72.6
2022,zone,Nord Kivu,Masereka,169,100.0,100.0,100.0,100.0,100.0,100.0,99.1,92.3,99.9,0.9,0.1,7.7,100.0,100.0,100.0,78.1,65.0,87.2
2022,zone,Nord Kivu,Masisi,148,96.1,86.6,99.0,97.4,89.8,99.4,100.0,100.0,100.0,0.0,0.0,0.0,92.4,82.9,96.8,66.1,47.7,80.7
2022,zone,Nord Kivu,Musienene,153,99.4,91.8,100.0,99.4,91.8,100.0,99.4,91.8,100.0,0.6,0.0,8.2,96.9,94.0,98.4,78.2,73.5,82.4
2022,zone,Nord Kivu,Mutwanga,151,95.8,77.2,99.4,96.7,69.1,99.7,98.7,85.7,99.9,1.3,0.1,14.3,73.4,27.5,95.3,34.4,16.1,58.9
2022,zone,Nord Kivu,Nyiragongo,150,89.6,71.8,96.7,90.2,72.9,96.9,99.4,92.2,100.0,0.6,0.0,7.8,82.2,69.2,90.5,72.4,59.7,82.3
2022,zone,Nord Kivu,Oicha,305,96.4,89.2,98.9,96.4,89.2,98.9,99.4,93.0,99.9,0.6,0.1,7.0,86.6,81.5,90.4,48.8,38.8,58.9
2022,zone,Nord Kivu,Pinga,150,89.2,74.9,95.8,89.2,74.9,95.8,99.5,93.2,100.0,0.5,0.0,6.8,86.2,71.9,93.9,79.3,64.8,88.8
2022,zone,Nord Kivu,Vuhovi,161,100.0,100.0,100.0,100.0,100.0,100.0,99.6,93.6,100.0,0.4,0.0,6.4,100.0,100.0,100.0,86.2,73.3,93.4
2022,zone,Nord Kivu,Walikale,150,100.0,100.0,100.0,100.0,100.0,100.0,99.3,92.3,99.9,0.7,0.1,7.7,72.1,64.6,78.5,21.0,14.1,30.2
2022,zone,Nord Ubangi,Abuzi,151,98.0,94.1,99.3,98.4,92.6,99.6,98.4,92.6,99.6,1.6,0.4,7.4,32.7,26.3,39.9,27.8,20.8,36.1
2022,zone,Nord Ubangi,Bili,151,96.4,92.1,98.4,96.4,92.1,98.4,86.0,80.3,90.3,14.0,9.7,19.7,4.6,2.2,9.6,4.4,1.3,13.6
2022,zone,Nord Ubangi,Bosobolo,149,86.5,69.1,94.8,86.5,69.1,94.8,93.4,68.2,98.9,6.6,1.1,31.8,3.6,1.6,8.3,2.4,0.6,9.4
2022,zone,Nord Ubangi,Businga,151,96.9,83.6,99.5,96.9,83.6,99.5,100.0,100.0,100.0,0.0,0.0,0.0,0.0,0.0,0.0,0.0,0.0,0.0
2022,zone,Nord Ubangi,Gbadolite,150,86.7,56.3,97.1,87.6,54.3,97.7,94.5,81.0,98.6,5.5,1.4,19.0,37.0,13.1,69.7,35.9,14.9,64.1
2022,zone,Nord Ubangi,Karawa,151,90.4,53.9,98.7,96.7,76.5,99.6,97.3,72.6,99.8,2.7,0.2,27.4,0.4,0.0,5.8,0.4,0.0,5.8
2022,zone,Nord Ubangi,Loko,150,100.0,100.0,100.0,100.0,100.0,100.0,95.3,85.8,98.5,4.7,1.5,14.2,4.8,0.7,25.9,4.8,0.7,26.0
2022,zone,Nord Ubangi,Mobayi Mbongo,151,61.6,49.0,72.9,61.6,49.0,72.9,89.7,80.2,94.9,10.3,5.1,19.8,2.1,0.2,19.2,3.1,0.4,20.2
2022,zone,Nord Ubangi,Wapinda,153,100.0,100.0,100.0,100.0,100.0,100.0,98.6,94.0,99.7,1.4,0.3,6.0,28.6,26.4,30.8,23.2,19.1,27.8
2022,zone,Nord Ubangi,Wasolo,151,100.0,100.0,100.0,100.0,100.0,100.0,98.7,93.3,99.7,1.3,0.3,6.7,34.3,30.6,38.1,25.0,19.9,30.9
2022,zone,Nord Ubangi,Yakoma,155,97.0,91.0,99.0,97.0,91.0,99.0,98.8,94.0,99.8,1.2,0.2,6.0,33.0,24.9,42.3,30.1,20.2,42.4
2022,zone,Sankuru,Bena Dibele,180,28.3,9.7,59.2,28.3,9.7,59.2,91.4,83.1,95.8,8.6,4.2,16.9,11.7,6.2,20.9,10.7,3.6,28.2
2022,zone,Sankuru,Dikungu,180,7.7,1.7,29.1,7.7,1.7,29.1,91.3,81.7,96.1,8.7,3.9,18.3,1.6,0.5,4.7,3.1,0.9,10.5
2022,zone,Sankuru,Djalo Ndjeka,184,20.8,8.9,41.3,20.8,8.9,41.3,90.7,84.7,94.5,9.3,5.5,15.3,1.0,0.2,4.9,1.6,0.3,8.9
2022,zone,Sankuru,Katako Kombe,179,28.3,12.7,51.8,28.3,12.7,51.8,89.4,79.2,94.9,10.6,5.1,20.8,0.5,0.0,6.2,3.2,0.6,15.0
2022,zone,Sankuru,Kole,182,21.1,5.5,55.5,21.1,5.5,55.5,88.0,81.3,92.5,12.0,7.5,18.7,15.6,8.4,27.2,14.3,3.3,45.2
2022,zone,Sankuru,Lodja,173,20.9,9.8,39.2,21.4,10.5,38.8,85.8,73.2,93.0,14.2,7.0,26.8,9.0,4.1,18.8,10.3,4.7,21.1
2022,zone,Sankuru,Lomela,181,17.8,7.5,36.7,17.8,7.5,36.7,95.8,81.3,99.2,4.2,0.8,18.7,7.6,1.2,35.1,7.5,2.0,24.3
2022,zone,Sankuru,Lusambo,179,23.2,13.7,36.5,23.2,13.7,36.5,98.9,94.0,99.8,1.1,0.2,6.0,3.7,1.8,7.2,4.0,2.0,8.1
2022,zone,Sankuru,Minga,180,11.5,2.2,42.8,12.1,2.7,41.0,92.0,70.2,98.2,8.0,1.8,29.8,3.6,0.8,14.7,3.3,0.6,16.5
2022,zone,Sankuru,Omendjadi,183,14.1,5.3,32.6,14.1,5.3,32.6,93.4,88.2,96.4,6.6,3.6,11.8,0.0,0.0,0.0,0.8,0.1,7.1
2022,zone,Sankuru,Ototo,181,22.2,18.7,26.2,22.2,18.7,26.2,96.1,89.1,98.7,3.9,1.3,10.9,9.6,2.3,32.8,3.3,2.1,5.1
2022,zone,Sankuru,Pania Mutombo,185,17.9,8.0,35.4,18.3,8.3,35.7,92.5,78.6,97.6,7.5,2.4,21.4,2.2,0.7,6.7,1.8,0.5,6.9
2022,zone,Sankuru,Tshudi Loto,181,10.2,4.2,22.7,10.2,4.2,22.7,89.9,83.0,94.2,10.1,5.8,17.0,7.4,1.3,31.9,0.5,0.0,6.0
2022,zone,Sankuru,Tshumbe,180,8.4,1.2,40.1,8.4,1.2,40.1,94.3,87.7,97.4,5.7,2.6,12.3,1.8,0.7,4.7,2.2,0.9,5.4
2022,zone,Sankuru,Vanga Kete,187,14.8,5.4,34.5,15.3,6.0,33.6,84.6,67.9,93.4,15.4,6.6,32.1,2.0,0.3,11.8,1.9,0.1,21.0
2022,zone,Sankuru,Wembo Nyama,181,34.2,17.8,55.6,35.6,20.0,55.1,92.3,85.1,96.1,7.7,3.9,14.9,1.8,0.8,4.2,1.8,0.8,4.2
2022,zone,Sud Kivu,Bagira,178,72.0,57.1,83.3,72.8,59.3,83.2,88.2,76.3,94.6,11.8,5.4,23.7,85.5,78.6,90.5,72.8,59.2,83.1
2022,zone,Sud Kivu,Bunyakiri,157,45.8,27.8,64.9,46.6,27.9,66.3,100.0,100.0,100.0,0.0,0.0,0.0,79.6,74.5,83.9,59.1,52.9,65.0
2022,zone,Sud Kivu,Fizi,154,29.0,14.8,49.0,29.0,14.8,49.0,99.8,95.7,100.0,0.2,0.0,4.3,72.5,64.7,79.2,54.5,33.0,74.5
2022,zone,Sud Kivu,Haut Plateau,157,10.0,0.5,71.6,11.3,0.7,70.6,97.6,89.2,99.5,2.4,0.5,10.8,21.7,5.0,59.5,11.3,6.5,19.0
2022,zone,Sud Kivu,Ibanda,188,98.2,88.3,99.7,98.2,88.3,99.7,98.1,89.3,99.7,1.9,0.3,10.7,75.9,65.0,84.2,78.7,68.5,86.3
2022,zone,Sud Kivu,Idjwi,157,38.0,26.2,51.5,38.0,26.2,51.5,100.0,100.0,100.0,0.0,0.0,0.0,86.1,76.3,92.3,61.1,50.6,70.6
2022,zone,Sud Kivu,Itombwe,158,86.5,42.1,98.3,86.5,42.1,98.3,95.4,59.4,99.7,4.6,0.3,40.6,69.3,27.9,92.9,64.2,22.6,91.7
2022,zone,Sud Kivu,Kabare,191,73.4,64.4,80.8,73.4,64.4,80.8,98.1,81.2,99.8,1.9,0.2,18.8,88.5,84.2,91.8,89.8,86.8,92.2
2022,zone,Sud Kivu,Kadutu,178,89.9,76.4,96.1,89.9,76.4,96.1,97.6,90.4,99.4,2.4,0.6,9.6,80.1,70.6,87.1,76.8,69.1,83.1
2022,zone,Sud Kivu,Kalehe,180,69.5,43.7,87.0,69.5,43.7,87.0,91.1,85.0,94.9,8.9,5.1,15.0,55.2,29.0,78.8,71.5,64.0,78.0
2022,zone,Sud Kivu,Kalole,181,99.0,88.3,99.9,99.0,88.3,99.9,99.4,93.2,99.9,0.6,0.1,6.8,42.9,28.6,58.5,32.2,25.5,39.8
2022,zone,Sud Kivu,Kalonge,185,78.6,40.2,95.3,78.6,40.2,95.3,98.7,92.4,99.8,1.3,0.2,7.6,85.9,82.0,89.0,79.6,77.1,82.0
2022,zone,Sud Kivu,Kamituga,181,73.9,59.2,84.7,74.4,58.8,85.5,99.5,93.4,100.0,0.5,0.0,6.6,57.8,42.1,72.0,23.8,14.2,37.0
2022,zone,Sud Kivu,Kaniola,180,71.9,61.1,80.7,71.9,61.1,80.7,92.9,80.3,97.7,7.1,2.3,19.7,72.3,62.8,80.1,72.4,66.6,77.6
2022,zone,Sud Kivu,Katana,161,60.4,29.6,84.6,70.6,50.9,84.7,97.5,86.6,99.6,2.5,0.4,13.4,74.5,67.0,80.7,68.5,61.7,74.6
2022,zone,Sud Kivu,Kaziba,177,88.4,82.6,92.4,88.4,82.6,92.4,90.3,75.9,96.5,9.7,3.5,24.1,88.7,81.4,93.4,76.6,57.1,89.0
2022,zone,Sud Kivu,Kimbi Lulenge,152,0.0,0.0,0.0,0.0,0.0,0.0,98.8,94.0,99.8,1.2,0.2,6.0,29.9,19.0,43.8,27.6,21.6,34.5
2022,zone,Sud Kivu,Kitutu,182,8.2,4.4,14.6,9.2,4.9,16.9,99.5,95.4,100.0,0.5,0.0,4.6,50.2,46.2,54.2,24.6,14.5,38.5
2022,zone,Sud Kivu,Lemera,155,0.0,0.0,0.0,0.0,0.0,0.0,99.2,88.3,99.9,0.8,0.1,11.7,38.7,29.6,48.6,22.4,11.3,39.5
2022,zone,Sud Kivu,Lulingu,181,93.7,86.6,97.2,94.8,88.3,97.7,100.0,100.0,100.0,0.0,0.0,0.0,95.3,93.4,96.7,79.3,61.0,90.4
2022,zone,Sud Kivu,Minembwe,153,86.0,21.7,99.3,86.0,21.7,99.3,100.0,100.0,100.0,0.0,0.0,0.0,74.4,24.9,96.2,72.6,24.2,95.6
2022,zone,Sud Kivu,Minova,173,94.0,90.7,96.2,94.0,90.7,96.2,98.6,95.1,99.6,1.4,0.4,4.9,86.4,79.5,91.2,78.8,72.6,83.8
2022,zone,Sud Kivu,Miti Murhesa,179,73.4,59.8,83.6,73.8,59.7,84.3,94.3,92.0,96.0,5.7,4.0,8.0,53.1,35.3,70.2,48.6,33.6,63.8
2022,zone,Sud Kivu,Mubumbano,179,86.5,75.8,92.9,86.5,75.8,92.9,96.8,91.6,98.9,3.2,1.1,8.4,52.8,40.8,64.5,58.3,43.6,71.6
2022,zone,Sud Kivu,Mulungu,180,46.5,41.4,51.8,46.5,41.4,51.8,91.3,80.2,96.4,8.7,3.6,19.8,69.2,60.2,76.8,62.7,54.1,70.6
2022,zone,Sud Kivu,Mwana,179,87.1,75.8,93.6,87.1,75.8,93.6,95.0,90.6,97.4,5.0,2.6,9.4,42.0,36.2,48.0,41.7,35.3,48.5
2022,zone,Sud Kivu,Mwenga,181,60.4,36.1,80.5,60.4,36.1,80.5,99.7,95.4,100.0,0.3,0.0,4.6,60.5,54.1,66.6,24.4,15.4,36.4
2022,zone,Sud Kivu,Nundu,164,54.4,43.5,64.8,58.3,46.3,69.3,97.0,92.7,98.8,3.0,1.2,7.3,79.7,70.7,86.5,62.8,52.6,72.0
2022,zone,Sud Kivu,Nyangezi,183,92.3,70.9,98.4,92.7,71.6,98.5,97.3,78.2,99.7,2.7,0.3,21.8,96.4,82.8,99.3,64.8,14.5,95.2
2022,zone,Sud Kivu,Nyantende,173,85.6,55.8,96.5,85.6,55.8,96.5,91.3,58.2,98.7,8.7,1.3,41.8,90.3,62.7,98.1,53.6,9.8,92.5
2022,zone,Sud Kivu,Ruzizi,154,59.4,46.3,71.2,59.4,46.3,71.2,98.7,93.8,99.7,1.3,0.3,6.2,70.6,63.9,76.5,62.6,35.4,83.7
2022,zone,Sud Kivu,Shabunda,180,97.9,85.2,99.7,97.9,85.2,99.7,100.0,100.0,100.0,0.0,0.0,0.0,46.7,23.4,71.5,44.4,22.4,68.9
2022,zone,Sud Kivu,Uvira,162,60.3,39.9,77.7,62.8,42.1,79.6,97.9,91.5,99.5,2.1,0.5,8.5,88.6,74.1,95.5,79.6,67.9,87.8
2022,zone,Sud Kivu,Walungu,180,95.7,90.8,98.1,97.0,89.3,99.2,99.0,94.7,99.8,1.0,0.2,5.3,63.7,59.8,67.4,60.2,54.7,65.4
2022,zone,Sud Ubangi,Bangabola,164,77.8,63.4,87.7,77.8,63.4,87.7,99.6,94.4,100.0,0.4,0.0,5.6,13.5,4.9,32.1,24.5,11.3,45.2
2022,zone,Sud Ubangi,Bogosenubea,150,96.2,60.7,99.8,100.0,100.0,100.0,100.0,100.0,100.0,0.0,0.0,0.0,1.2,0.2,7.8,3.2,0.4,19.8
2022,zone,Sud Ubangi,Bokonzi,150,83.9,38.3,97.8,83.9,38.3,97.8,99.1,91.2,99.9,0.9,0.1,8.8,38.7,24.1,55.7,0.4,0.0,6.6
2022,zone,Sud Ubangi,Bominenge,150,94.6,89.9,97.2,100.0,100.0,100.0,98.7,94.0,99.7,1.3,0.3,6.0,30.4,23.3,38.6,21.7,13.0,34.0
2022,zone,Sud Ubangi,Boto,155,87.1,63.0,96.4,87.1,63.0,96.4,100.0,100.0,100.0,0.0,0.0,0.0,38.8,16.9,66.4,4.6,0.9,21.2
2022,zone,Sud Ubangi,Budjala,151,97.4,85.5,99.6,97.4,85.5,99.6,99.3,92.0,99.9,0.7,0.1,8.0,2.5,0.5,12.5,2.1,0.2,16.6
2022,zone,Sud Ubangi,Bulu,156,82.3,45.2,96.3,82.3,45.2,96.3,100.0,100.0,100.0,0.0,0.0,0.0,0.7,0.0,10.2,0.3,0.0,5.3
2022,zone,Sud Ubangi,Bwamanda,154,99.2,91.8,99.9,99.2,91.8,99.9,99.2,91.8,99.9,0.8,0.1,8.2,27.3,7.8,62.4,25.8,11.3,48.5
2022,zone,Sud Ubangi,Gemena,156,90.1,76.9,96.2,92.4,78.8,97.6,99.5,93.1,100.0,0.5,0.0,6.9,45.8,25.1,68.1,36.7,12.1,71.1
2022,zone,Sud Ubangi,Kungu,150,72.0,23.9,95.5,72.8,25.5,95.4,99.3,92.2,99.9,0.7,0.1,7.8,32.3,13.0,60.4,0.7,0.1,7.8
2022,zone,Sud Ubangi,Libenge,151,97.9,93.0,99.4,97.9,93.0,99.4,99.7,94.1,100.0,0.3,0.0,5.9,21.0,9.6,40.0,10.5,4.0,24.8
2022,zone,Sud Ubangi,Mawuya,150,100.0,100.0,100.0,100.0,100.0,100.0,100.0,100.0,100.0,0.0,0.0,0.0,22.4,14.7,32.7,3.5,1.1,10.5
2022,zone,Sud Ubangi,Mbaya,150,87.8,65.7,96.4,87.8,65.7,96.4,99.3,92.0,99.9,0.7,0.1,8.0,0.0,0.0,0.0,0.0,0.0,0.0
2022,zone,Sud Ubangi,Ndage,150,98.1,94.3,99.4,99.2,91.8,99.9,98.9,94.0,99.8,1.1,0.2,6.0,43.5,19.1,71.5,24.0,13.0,40.1
2022,zone,Sud Ubangi,Tandala,155,94.0,76.7,98.7,94.0,76.7,98.7,100.0,100.0,100.0,0.0,0.0,0.0,44.8,36.5,53.4,10.9,3.8,27.7
2022,zone,Sud Ubangi,Zongo,150,100.0,100.0,100.0,100.0,100.0,100.0,100.0,100.0,100.0,0.0,0.0,0.0,35.9,11.5,70.8,10.5,3.3,29.2
2022,zone,Tanganyika,Ankoro,150,97.1,88.0,99.3,97.1,88.0,99.3,97.7,94.9,99.0,2.3,1.0,5.1,4.0,2.2,7.4,4.7,2.1,10.0
2022,zone,Tanganyika,Kabalo,154,98.9,86.1,99.9,100.0,100.0,100.0,98.0,93.5,99.4,2.0,0.6,6.5,43.6,33.8,53.9,50.4,31.8,68.8
2022,zone,Tanganyika,Kalemie,169,88.1,48.9,98.3,89.5,50.8,98.6,98.7,93.8,99.7,1.3,0.3,6.2,51.0,25.4,76.0,53.7,27.3,78.2
2022,zone,Tanganyika,Kansimba,149,34.3,13.8,63.0,34.3,13.8,63.0,100.0,100.0,100.0,0.0,0.0,0.0,1.1,0.1,9.3,4.9,1.2,18.0
2022,zone,Tanganyika,Kiambi,157,92.2,82.8,96.6,92.2,82.8,96.6,98.7,85.4,99.9,1.3,0.1,14.6,25.4,15.9,38.0,25.5,16.8,36.9
2022,zone,Tanganyika,Kongolo,151,100.0,100.0,100.0,100.0,100.0,100.0,99.5,93.4,100.0,0.5,0.0,6.6,31.5,23.8,40.3,46.2,26.7,66.9
2022,zone,Tanganyika,Manono,150,89.7,83.4,93.8,90.1,82.6,94.6,95.7,88.4,98.5,4.3,1.5,11.6,25.1,13.4,42.2,26.3,13.9,44.1
2022,zone,Tanganyika,Mbulula,153,100.0,100.0,100.0,100.0,100.0,100.0,98.2,94.6,99.4,1.8,0.6,5.4,35.0,29.9,40.6,30.2,25.2,35.8
2022,zone,Tanganyika,Moba,151,86.0,71.8,93.7,86.0,71.8,93.7,98.0,89.8,99.7,2.0,0.3,10.2,18.8,7.0,41.7,23.8,9.2,49.0
2022,zone,Tanganyika,Nyemba,171,94.3,48.1,99.7,94.3,48.1,99.7,99.2,94.8,99.9,0.8,0.1,5.2,41.1,23.2,61.7,37.8,24.6,53.2
2022,zone,Tanganyika,Nyunzu,172,78.3,66.1,86.9,78.3,66.1,86.9,99.0,94.2,99.8,1.0,0.2,5.8,13.1,3.4,39.0,13.3,3.5,39.4
2022,zone,Tshopo,Bafwagbogbo,153,10.2,1.9,40.5,10.7,2.1,39.6,100.0,100.0,100.0,0.0,0.0,0.0,7.1,0.6,50.7,0.8,0.1,8.3
2022,zone,Tshopo,Bafwasende,151,25.1,13.7,41.5,25.1,13.7,41.5,99.1,91.5,99.9,0.9,0.1,8.5,14.8,5.5,34.1,0.9,0.1,8.5
2022,zone,Tshopo,Banalia,155,4.9,0.8,24.6,4.9,0.8,24.6,97.5,92.1,99.2,2.5,0.8,7.9,0.0,0.0,0.0,0.0,0.0,0.0
2022,zone,Tshopo,Basali,151,20.5,5.6,53.1,21.1,5.7,54.2,99.4,93.0,100.0,0.6,0.0,7.0,0.8,0.1,8.2,0.6,0.0,7.1
2022,zone,Tshopo,Basoko,158,20.7,11.8,33.8,21.2,12.1,34.4,94.7,82.7,98.5,5.3,1.5,17.3,8.7,1.4,39.3,7.1,1.4,28.6
2022,zone,Tshopo,Bengamisa,154,17.6,10.8,27.3,19.3,11.8,29.9,98.8,86.0,99.9,1.2,0.1,14.0,0.0,0.0,0.0,0.0,0.0,0.0
2022,zone,Tshopo,Isangi,152,37.1,19.9,58.5,37.1,19.9,58.5,100.0,100.0,100.0,0.0,0.0,0.0,6.3,1.6,22.3,2.6,0.6,10.8
2022,zone,Tshopo,Kabondo,156,32.4,22.0,44.8,33.4,23.3,45.3,90.6,79.1,96.1,9.4,3.9,20.9,18.2,11.1,28.4,8.9,3.8,19.4
2022,zone,Tshopo,Lowa,151,7.2,2.0,22.9,7.2,2.0,22.9,95.9,74.7,99.4,4.1,0.6,25.3,0.5,0.0,6.4,0.0,0.0,0.0
2022,zone,Tshopo,Lubunga,153,24.9,12.2,44.1,24.9,12.2,44.1,99.0,94.0,99.8,1.0,0.2,6.0,13.7,5.8,29.1,12.9,5.3,28.1
2022,zone,Tshopo,Makiso Kisangani,155,31.0,16.1,51.2,31.4,15.7,53.0,89.7,77.4,95.7,10.3,4.3,22.6,20.4,6.9,47.0,10.5,2.5,35.4
2022,zone,Tshopo,Mangobo,151,45.5,29.4,62.7,47.8,28.9,67.3,92.1,75.6,97.8,7.9,2.2,24.4,25.8,14.6,41.3,10.3,4.2,23.3
2022,zone,Tshopo,Opala,150,17.2,6.9,36.8,17.2,6.9,36.8,95.9,90.7,98.2,4.1,1.8,9.3,6.7,2.8,15.2,2.9,1.2,7.1
2022,zone,Tshopo,Opienge,150,9.9,4.3,21.0,9.9,4.3,21.0,97.9,94.7,99.2,2.1,0.8,5.3,0.6,0.0,7.5,0.0,0.0,0.0
2022,zone,Tshopo,Tshopo,152,37.9,22.4,56.4,40.6,24.4,59.2,83.8,54.7,95.7,16.2,4.3,45.3,13.7,7.9,22.8,12.8,4.8,30.2
2022,zone,Tshopo,Ubundu,154,29.6,18.0,44.6,29.6,18.0,44.6,99.5,92.9,100.0,0.5,0.0,7.1,0.0,0.0,0.0,0.0,0.0,0.0
2022,zone,Tshopo,Wanierukula,152,26.9,14.2,44.9,30.5,12.3,57.8,94.0,90.2,96.4,6.0,3.6,9.8,19.2,9.6,34.9,2.2,0.7,6.8
2022,zone,Tshopo,Yabaondo,163,5.2,1.0,22.7,5.2,1.0,22.7,98.5,94.4,99.6,1.5,0.4,5.6,0.0,0.0,0.0,0.0,0.0,0.0
2022,zone,Tshopo,Yahisuli,149,10.9,5.9,19.1,10.9,5.9,19.1,98.8,93.8,99.8,1.2,0.2,6.2,3.1,0.5,16.3,0.0,0.0,0.0
2022,zone,Tshopo,Yahuma,152,15.6,7.5,29.5,16.4,8.0,30.6,100.0,100.0,100.0,0.0,0.0,0.0,0.0,0.0,0.0,0.0,0.0,0.0
2022,zone,Tshopo,Yakusu,162,21.2,4.8,58.6,21.2,4.8,58.6,97.1,87.2,99.4,2.9,0.6,12.8,9.5,2.8,28.1,0.0,0.0,0.0
2022,zone,Tshopo,Yaleko,150,22.6,11.8,39.0,23.1,12.2,39.5,92.9,87.6,96.0,7.1,4.0,12.4,2.6,0.8,7.8,1.1,0.1,13.4
2022,zone,Tshopo,Yalimbongo,154,13.1,4.0,35.3,13.9,3.9,38.8,100.0,100.0,100.0,0.0,0.0,0.0,0.9,0.1,12.5,1.5,0.3,6.7
2022,zone,Tshuapa,Befale,172,0.0,0.0,0.0,0.0,0.0,0.0,93.6,83.7,97.7,6.4,2.3,16.3,0.0,0.0,0.0,0.5,0.0,6.8
2022,zone,Tshuapa,Boende,180,2.0,0.6,6.8,2.0,0.6,6.8,87.0,66.6,95.7,13.0,4.3,33.4,0.0,0.0,0.0,0.0,0.0,0.0
2022,zone,Tshuapa,Bokungu,181,0.0,0.0,0.0,0.0,0.0,0.0,89.2,80.1,94.4,10.8,5.6,19.9,1.0,0.1,7.0,0.0,0.0,0.0
2022,zone,Tshuapa,Busanga,181,13.8,6.1,28.3,13.8,6.1,28.3,97.4,89.6,99.4,2.6,0.6,10.4,0.6,0.0,6.6,0.8,0.1,7.1
2022,zone,Tshuapa,Djolu,185,0.0,0.0,0.0,0.0,0.0,0.0,92.2,80.0,97.2,7.8,2.8,20.0,0.5,0.0,6.1,0.0,0.0,0.0
2022,zone,Tshuapa,Ikela,181,0.0,0.0,0.0,0.0,0.0,0.0,89.7,77.8,95.6,10.3,4.4,22.2,2.0,0.3,13.6,1.0,0.1,7.1
2022,zone,Tshuapa,Lingomo,178,0.4,0.0,6.0,0.4,0.0,6.0,93.9,78.3,98.5,6.1,1.5,21.7,0.4,0.0,6.0,0.0,0.0,0.0
2022,zone,Tshuapa,Mompono,173,0.5,0.0,6.3,0.5,0.0,6.3,94.6,89.3,97.3,5.4,2.7,10.7,0.0,0.0,0.0,0.0,0.0,0.0
2022,zone,Tshuapa,Mondombe,180,0.0,0.0,0.0,0.0,0.0,0.0,91.3,75.3,97.3,8.7,2.7,24.7,0.0,0.0,0.0,0.5,0.0,6.4
2022,zone,Tshuapa,Monkoto,156,13.4,3.1,42.7,13.4,3.1,42.7,98.2,93.8,99.5,1.8,0.5,6.2,1.1,0.1,8.6,0.0,0.0,0.0
2022,zone,Tshuapa,Wema,179,0.0,0.0,0.0,0.0,0.0,0.0,98.4,95.2,99.5,1.6,0.5,4.8,0.0,0.0,0.0,0.0,0.0,0.0
2022,zone,Tshuapa,Yalifafu,185,3.7,0.4,25.5,4.1,0.5,29.0,95.1,89.6,97.8,4.9,2.2,10.4,0.0,0.0,0.0,1.5,0.5,4.6
2023,national,,,83372,65.0,64.0,66.0,65.7,64.7,66.6,97.6,97.5,97.8,2.4,2.2,2.5,42.1,41.2,43.1,29.3,28.3,30.2
2023,province,Bas Uele,,1721,37.3,32.2,42.8,38.0,32.9,43.4,97.6,96.4,98.4,2.4,1.6,3.6,16.1,11.8,21.6,13.9,10.0,19.1
2023,province,Equateur,,3298,87.1,83.2,90.2,87.2,83.3,90.3,94.5,93.3,95.5,5.5,4.5,6.7,19.4,14.5,25.4,14.9,10.8,20.3
2023,province,Haut Katanga,,4286,52.2,48.8,55.6,52.4,49.0,55.8,97.6,96.7,98.2,2.4,1.8,3.3,35.6,31.1,40.2,19.4,16.1,23.2
2023,province,Haut Lomami,,2956,73.7,66.1,80.1,73.7,66.1,80.1,98.5,97.8,98.9,1.5,1.1,2.2,17.7,15.1,20.7,12.0,8.6,16.4
2023,province,Haut Uele,,1998,45.0,40.1,50.0,46.8,41.8,51.9,96.9,95.5,97.8,3.1,2.2,4.5,41.6,35.9,47.6,18.4,15.4,21.8
2023,province,Ituri,,5120,78.1,73.9,81.8,79.2,75.0,82.9,98.0,97.5,98.5,2.0,1.5,2.5,64.9,62.3,67.5,31.8,29.0,34.6
2023,province,Kasai,,3177,53.2,49.4,57.0,54.3,50.4,58.1,99.0,98.4,99.4,1.0,0.6,1.6,23.0,19.8,26.5,8.5,6.4,11.2
2023,province,Kasai Central,,4212,58.2,52.8,63.5,58.8,53.4,64.1,96.0,95.1,96.8,4.0,3.2,4.9,31.2,27.1,35.7,26.6,23.2,30.3
2023,province,Kasai Oriental,,2915,67.9,63.8,71.8,68.3,64.3,72.1,96.2,95.1,97.0,3.8,3.0,4.9,31.8,27.2,36.7,29.5,24.5,35.1
2023,province,Kinshasa,,5322,58.4,55.0,61.8,60.3,56.9,63.5,98.3,97.8,98.7,1.7,1.3,2.2,82.2,79.1,84.9,61.1,58.0,64.1
2023,province,Kongo Central,,4749,63.5,60.4,66.5,64.0,60.9,67.0,97.0,96.1,97.6,3.0,2.4,3.9,48.3,43.7,52.9,35.5,31.8,39.4
2023,province,Kwango,,2457,71.8,65.6,77.2,72.2,66.0,77.7,92.9,91.3,94.3,7.1,5.7,8.7,20.4,18.0,23.0,9.7,7.6,12.4
2023,province,Kwilu,,4727,93.4,91.2,95.1,93.6,91.5,95.2,99.2,98.8,99.4,0.8,0.6,1.2,65.4,62.7,68.0,39.8,36.9,42.7
2023,province,Lomami,,2629,77.6,72.7,81.9,78.2,73.3,82.4,96.9,95.2,98.0,3.1,2.0,4.8,13.2,9.5,18.1,11.2,7.7,15.8
2023,province,Lualaba,,2239,48.5,43.3,53.8,49.7,44.5,54.9,97.8,96.5,98.6,2.2,1.4,3.5,16.5,11.9,22.6,13.8,10.1,18.7
2023,province,Maindombe,,2366,33.2,29.2,37.5,33.4,29.4,37.7,97.5,96.3,98.4,2.5,1.6,3.7,9.6,7.4,12.3,7.2,5.4,9.6
2023,province,Maniema,,2869,22.8,19.6,26.3,23.2,20.0,26.7,98.5,97.8,98.9,1.5,1.1,2.2,7.6,5.4,10.6,6.3,4.5,8.7
2023,province,Mongala,,2147,31.6,27.0,36.5,31.9,27.4,36.8,98.1,97.2,98.7,1.9,1.3,2.8,2.6,1.5,4.7,0.9,0.4,2.1
2023,province,Nord Kivu,,4405,92.8,91.3,94.1,93.7,92.1,95.0,98.2,97.4,98.8,1.8,1.2,2.6,86.3,83.5,88.6,59.7,55.9,63.4
2023,province,Nord Ubangi,,1673,96.3,94.8,97.4,96.9,95.4,97.9,96.7,94.5,98.1,3.3,1.9,5.5,15.8,11.7,21.1,11.6,7.8,16.7
2023,province,Sankuru,,2541,24.5,20.3,29.2,24.6,20.4,29.4,97.5,96.4,98.2,2.5,1.8,3.6,4.2,2.4,7.4,2.3,1.2,4.7
2023,province,Sud Kivu,,5809,80.2,75.8,84.0,80.5,76.0,84.2,98.7,98.2,99.0,1.3,1.0,1.8,76.4,72.6,79.9,64.5,60.4,68.4
2023,province,Sud Ubangi,,2605,79.6,73.9,84.3,80.2,74.5,84.9,98.1,97.2,98.7,1.9,1.3,2.8,18.4,14.0,23.9,12.1,8.1,17.6
2023,province,Tanganyika,,1901,83.7,75.7,89.5,84.1,75.9,89.9,98.3,97.1,99.1,1.7,0.9,2.9,41.2,36.2,46.4,30.1,25.7,34.9
2023,province,Tshopo,,3457,41.8,37.6,46.1,42.1,37.9,46.4,97.9,97.1,98.5,2.1,1.5,2.9,18.4,14.6,22.9,10.9,7.8,15.1
2023,province,Tshuapa,,1793,5.9,4.2,8.1,6.4,4.6,8.9,95.0,93.0,96.4,5.0,3.6,7.0,7.4,4.3,12.4,2.4,1.4,4.1
2023,zone,Bas Uele,Aketi,157,12.3,6.4,22.3,13.1,6.6,24.5,97.6,94.9,98.9,2.4,1.1,5.1,11.5,3.3,32.7,7.5,2.6,19.5
2023,zone,Bas Uele,Ango,175,50.0,31.6,68.4,50.4,32.2,68.5,99.5,94.0,100.0,0.5,0.0,6.0,0.4,0.0,4.8,1.3,0.3,5.4
2023,zone,Bas Uele,Bili,154,46.1,17.0,78.1,48.5,20.6,77.4,99.3,92.5,99.9,0.7,0.1,7.5,3.0,1.0,8.6,5.9,3.3,10.4
2023,zone,Bas Uele,Bondo,151,25.8,19.6,33.1,25.8,19.6,33.1,99.3,91.7,99.9,0.7,0.1,8.3,36.8,30.2,44.0,19.0,12.6,27.6
2023,zone,Bas Uele,Buta,154,47.7,23.9,72.5,47.7,23.9,72.5,96.8,87.9,99.2,3.2,0.8,12.1,25.2,8.5,54.8,29.8,10.9,59.5
2023,zone,Bas Uele,Ganga,166,33.6,24.6,44.1,33.6,24.6,44.1,96.3,91.1,98.5,3.7,1.5,8.9,5.1,0.7,30.4,3.7,1.0,12.7
2023,zone,Bas Uele,Likati,152,23.9,11.8,42.4,24.9,13.4,41.4,95.8,83.6,99.0,4.2,1.0,16.4,27.0,16.0,41.9,11.5,5.6,22.4
2023,zone,Bas Uele,Monga,150,43.5,31.1,56.9,43.5,31.1,56.9,98.9,86.5,99.9,1.1,0.1,13.5,26.3,16.1,40.0,13.3,7.7,22.1
2023,zone,Bas Uele,Poko,154,44.1,34.9,53.9,45.1,36.1,54.5,97.1,89.8,99.2,2.9,0.8,10.2,13.9,6.3,27.9,18.3,10.6,29.7
2023,zone,Bas Uele,Titule,155,41.0,25.5,58.4,42.7,27.8,59.0,99.5,93.1,100.0,0.5,0.0,6.9,3.3,1.1,9.5,9.9,5.8,16.4
2023,zone,Bas Uele,Viadana,153,38.4,30.6,46.9,39.6,31.8,48.0,94.9,83.3,98.6,5.1,1.4,16.7,14.8,8.6,24.3,15.7,8.1,28.4
2023,zone,Equateur,Basankusu,214,84.4,62.9,94.5,84.4,62.9,94.5,91.5,84.4,95.6,8.5,4.4,15.6,0.5,0.0,4.9,2.5,1.1,5.8
2023,zone,Equateur,Bikoro,182,84.1,72.1,91.5,84.1,72.1,91.5,95.2,88.3,98.1,4.8,1.9,11.7,43.3,22.4,66.9,48.8,38.3,59.3
2023,zone,Equateur,Bolenge,173,86.5,74.9,93.3,86.5,74.9,93.3,96.4,93.2,98.1,3.6,1.9,6.8,48.8,25.0,73.2,27.0,21.4,33.4
2023,zone,Equateur,Bolomba,242,99.6,95.9,100.0,100.0,100.0,100.0,98.4,96.1,99.4,1.6,0.6,3.9,4.0,1.8,8.8,0.2,0.0,2.5
2023,zone,Equateur,Bomongo,176,86.3,74.2,93.2,86.3,74.2,93.2,91.0,86.6,94.0,9.0,6.0,13.4,1.9,0.6,5.7,0.3,0.0,5.3
2023,zone,Equateur,Djombo,184,74.1,51.1,88.6,74.1,51.1,88.6,91.0,82.8,95.5,9.0,4.5,17.2,0.0,0.0,0.0,0.0,0.0,0.0
2023,zone,Equateur,Iboko,187,67.2,40.2,86.2,67.2,40.2,86.2,96.4,94.4,97.6,3.6,2.4,5.6,20.4,9.1,39.6,26.0,13.8,43.6
2023,zone,Equateur,Ingende,176,100.0,100.0,100.0,100.0,100.0,100.0,93.7,87.7,96.9,6.3,3.1,12.3,19.0,10.4,32.2,7.0,3.1,15.3
2023,zone,Equateur,Irebu,179,82.6,58.5,94.1,82.6,58.5,94.1,87.4,71.2,95.1,12.6,4.9,28.8,4.7,2.0,10.6,4.7,2.0,10.6
2023,zone,Equateur,Lilanga Bobangi,179,83.9,73.5,90.7,83.9,73.5,90.7,93.2,90.6,95.1,6.8,4.9,9.4,7.0,4.4,11.0,2.9,2.8,3.0
2023,zone,Equateur,Lotumbe,169,100.0,100.0,100.0,100.0,100.0,100.0,98.6,94.1,99.7,1.4,0.3,5.9,4.3,2.3,8.2,0.6,0.0,7.9
2023,zone,Equateur,Lukolela,177,91.7,85.2,95.5,91.7,85.2,95.5,92.3,80.0,97.3,7.7,2.7,20.0,23.0,8.6,48.7,9.1,3.0,24.3
2023,zone,Equateur,Makanza,176,72.2,47.1,88.3,72.2,47.1,88.3,96.4,86.1,99.2,3.6,0.8,13.9,2.5,0.9,6.7,4.1,1.3,12.0
2023,zone,Equateur,Mampoko,193,67.3,37.6,87.6,67.3,37.6,87.6,94.9,86.3,98.2,5.1,1.8,13.7,5.6,1.8,16.3,2.8,1.1,7.1
2023,zone,Equateur,Mbandaka,158,97.3,76.8,99.7,97.3,76.8,99.7,95.3,92.4,97.2,4.7,2.8,7.6,53.8,47.6,59.9,39.6,34.1,45.3
2023,zone,Equateur,Monieka,178,100.0,100.0,100.0,100.0,100.0,100.0,87.3,65.8,96.1,12.7,3.9,34.2,24.1,19.3,29.6,5.0,2.7,9.1
2023,zone,Equateur,Ntondo,178,67.1,57.3,75.6,67.1,57.3,75.6,94.7,87.0,97.9,5.3,2.1,13.0,40.2,27.1,54.9,28.7,22.1,36.5
2023,zone,Equateur,Wangata,177,82.7,66.0,92.1,83.2,66.6,92.5,94.4,85.2,98.0,5.6,2.0,14.8,29.0,17.2,44.6,34.2,18.5,54.3
2023,zone,Haut Katanga,Kafubu,153,63.8,52.4,73.8,63.8,52.4,73.8,100.0,100.0,100.0,0.0,0.0,0.0,49.3,40.4,58.3,9.3,2.3,30.9
2023,zone,Haut Katanga,Kamalondo,155,68.7,53.7,80.5,68.7,53.7,80.5,98.2,82.0,99.9,1.8,0.1,18.0,52.0,39.7,64.0,44.3,30.8,58.7
2023,zone,Haut Katanga,Kambove,152,32.4,18.9,49.6,32.4,18.9,49.6,98.6,94.1,99.7,1.4,0.3,5.9,19.5,13.1,28.1,5.5,2.3,12.6
2023,zone,Haut Katanga,Kampemba,152,43.9,32.7,55.7,43.9,32.7,55.7,95.1,86.2,98.4,4.9,1.6,13.8,25.5,15.2,39.5,19.3,10.7,32.3
2023,zone,Haut Katanga,Kapolowe,154,34.7,24.9,46.1,34.7,24.9,46.1,98.5,93.5,99.7,1.5,0.3,6.5,14.4,3.7,42.8,9.2,1.2,46.6
2023,zone,Haut Katanga,Kasenga,152,36.7,28.7,45.6,36.7,28.7,45.6,96.6,88.2,99.1,3.4,0.9,11.8,7.9,2.2,25.1,9.3,1.6,39.1
2023,zone,Haut Katanga,Kashobwe,151,27.0,14.1,45.4,27.0,14.1,45.4,98.5,93.9,99.6,1.5,0.4,6.1,36.6,23.4,52.3,2.8,0.7,10.6
2023,zone,Haut Katanga,Katuba,151,62.3,55.8,68.3,62.3,55.8,68.3,96.4,80.4,99.4,3.6,0.6,19.6,67.4,57.7,75.8,15.2,5.1,37.5
2023,zone,Haut Katanga,Kenya,160,53.0,47.2,58.7,53.5,46.8,60.0,94.6,82.5,98.5,5.4,1.5,17.5,29.5,21.4,39.2,12.1,6.7,20.9
2023,zone,Haut Katanga,Kikula,151,58.3,41.0,73.8,58.3,41.0,73.8,99.3,92.1,99.9,0.7,0.1,7.9,53.3,40.6,65.6,51.3,30.2,72.0
2023,zone,Haut Katanga,Kilela Balanda,149,29.5,15.5,48.8,29.5,15.5,48.8,99.0,91.5,99.9,1.0,0.1,8.5,4.3,1.5,11.7,2.2,0.3,12.9
2023,zone,Haut Katanga,Kilwa,185,46.1,37.2,55.2,46.5,37.9,55.4,95.0,87.9,98.0,5.0,2.0,12.1,15.5,12.0,19.8,0.0,0.0,0.0
2023,zone,Haut Katanga,Kipushi,153,47.2,34.0,60.7,47.2,34.0,60.7,100.0,100.0,100.0,0.0,0.0,0.0,18.7,5.3,48.6,6.4,1.5,23.9
2023,zone,Haut Katanga,Kisanga,157,54.9,39.6,69.4,55.5,39.0,70.9,93.5,87.7,96.6,6.5,3.4,12.3,31.7,13.9,57.2,10.7,6.1,18.0
2023,zone,Haut Katanga,Kowe,151,66.3,49.3,79.9,66.3,49.3,79.9,100.0,100.0,100.0,0.0,0.0,0.0,70.6,52.8,83.8,37.9,28.3,48.6
2023,zone,Haut Katanga,Likasi,151,59.0,39.3,76.2,59.0,39.3,76.2,98.2,90.3,99.7,1.8,0.3,9.7,52.2,36.2,67.7,46.8,28.4,66.2
2023,zone,Haut Katanga,Lubumbashi,187,61.5,46.8,74.5,61.5,46.8,74.5,98.5,94.2,99.6,1.5,0.4,5.8,72.2,43.7,89.7,48.4,25.3,72.1
2023,zone,Haut Katanga,Lukafu,156,17.9,7.5,36.8,17.9,7.5,36.8,99.2,88.2,99.9,0.8,0.1,11.8,11.3,5.3,22.7,11.2,5.8,20.3
2023,zone,Haut Katanga,Mitwaba,184,60.4,48.0,71.6,60.4,48.0,71.6,100.0,100.0,100.0,0.0,0.0,0.0,34.3,27.2,42.1,7.5,1.9,25.0
2023,zone,Haut Katanga,Mufunga Sampwe,182,74.5,49.0,89.9,74.5,49.0,89.9,100.0,100.0,100.0,0.0,0.0,0.0,44.0,25.9,63.9,24.8,14.0,40.1
2023,zone,Haut Katanga,Mumbunda,151,74.2,57.6,85.8,74.2,57.6,85.8,98.4,90.3,99.7,1.6,0.3,9.7,72.3,51.6,86.5,34.3,12.8,65.1
2023,zone,Haut Katanga,Panda,153,65.9,44.8,82.1,66.8,45.3,83.1,99.0,91.4,99.9,1.0,0.1,8.6,60.5,46.8,72.8,55.3,37.6,71.7
2023,zone,Haut Katanga,Pweto,157,31.6,22.0,43.1,31.6,22.0,43.1,95.9,87.1,98.8,4.1,1.2,12.9,14.7,12.8,16.9,1.8,0.3,8.5
2023,zone,Haut Katanga,Ruashi,183,50.2,41.9,58.4,50.2,41.9,58.4,98.8,94.2,99.8,1.2,0.2,5.8,23.5,19.3,28.5,23.5,20.6,26.6
2023,zone,Haut Katanga,Sakania,150,39.8,25.4,56.3,39.8,25.4,56.3,100.0,100.0,100.0,0.0,0.0,0.0,21.2,10.8,37.2,10.0,2.6,31.4
2023,zone,Haut Katanga,Tshamilemba,154,79.6,75.2,83.4,80.4,75.3,84.7,99.4,93.0,100.0,0.6,0.0,7.0,62.2,47.4,75.0,38.6,25.5,53.7
2023,zone,Haut Katanga,Vangu,152,86.1,61.0,96.1,86.1,61.0,96.1,100.0,100.0,100.0,0.0,0.0,0.0,67.6,55.2,77.9,39.7,32.0,48.0
2023,zone,Haut Lomami,Baka,149,63.0,26.6,88.9,63.0,26.6,88.9,99.5,90.7,100.0,0.5,0.0,9.3,18.9,13.1,26.4,18.9,12.1,28.5
2023,zone,Haut Lomami,Bukama,180,88.4,67.8,96.5,88.4,67.8,96.5,99.3,93.7,99.9,0.7,0.1,6.3,20.1,17.6,22.9,0.0,0.0,0.0
2023,zone,Haut Lomami,Butumba,151,91.0,72.9,97.4,91.0,72.9,97.4,99.4,92.6,100.0,0.6,0.0,7.4,20.5,15.9,26.0,0.0,0.0,0.0
2023,zone,Haut Lomami,Kabondo Dianda,149,99.5,93.1,100.0,100.0,100.0,100.0,99.1,91.7,99.9,0.9,0.1,8.3,33.7,18.6,53.0,23.3,3.8,69.7
2023,zone,Haut Lomami,Kabongo,249,32.2,16.6,53.2,32.2,16.6,53.2,100.0,100.0,100.0,0.0,0.0,0.0,9.3,5.8,14.6,8.4,5.7,12.1
2023,zone,Haut Lomami,Kamina,183,74.1,55.6,86.8,74.1,55.6,86.8,95.2,92.1,97.2,4.8,2.8,7.9,25.1,13.6,41.6,27.3,7.9,62.1
2023,zone,Haut Lomami,Kaniama,217,46.8,33.3,60.8,46.8,33.3,60.8,96.5,92.8,98.3,3.5,1.7,7.2,0.9,0.1,6.6,1.8,0.2,13.2
2023,zone,Haut Lomami,Kayamba,160,61.5,32.3,84.3,62.1,33.6,84.2,100.0,100.0,100.0,0.0,0.0,0.0,31.5,26.7,36.6,5.9,2.3,14.7
2023,zone,Haut Lomami,Kinda,152,61.6,50.3,71.8,61.6,50.3,71.8,97.7,90.1,99.5,2.3,0.5,9.9,0.0,0.0,0.0,0.8,0.1,8.1
2023,zone,Haut Lomami,Kinkondja,208,100.0,100.0,100.0,100.0,100.0,100.0,100.0,100.0,100.0,0.0,0.0,0.0,24.3,22.1,26.6,1.0,0.2,4.3
2023,zone,Haut Lomami,Kitenge,251,43.7,20.8,69.6,43.7,20.8,69.6,100.0,100.0,100.0,0.0,0.0,0.0,21.4,11.9,35.4,6.4,3.5,11.4
2023,zone,Haut Lomami,Lwamba,182,98.8,86.8,99.9,98.8,86.8,99.9,96.3,88.4,98.9,3.7,1.1,11.6,3.6,1.4,8.9,17.7,9.6,30.4
2023,zone,Haut Lomami,Malemba Nkulu,180,99.2,90.6,99.9,99.2,90.6,99.9,99.1,93.1,99.9,0.9,0.1,6.9,13.2,9.8,17.5,22.4,16.8,29.3
2023,zone,Haut Lomami,Mukanga,150,98.3,79.9,99.9,98.3,79.9,99.9,96.7,90.2,98.9,3.3,1.1,9.8,18.7,14.0,24.6,22.0,20.3,23.9
2023,zone,Haut Lomami,Mulongo,180,97.1,87.2,99.4,97.1,87.2,99.4,99.1,95.2,99.8,0.9,0.2,4.8,30.5,20.1,43.3,37.4,20.3,58.4
2023,zone,Haut Lomami,Songa,215,41.4,18.9,68.2,41.4,18.9,68.2,95.2,89.9,97.8,4.8,2.2,10.1,1.8,0.5,6.0,0.9,0.1,6.7
2023,zone,Haut Uele,Aba,151,30.1,15.1,51.0,31.9,14.5,56.4,94.3,91.8,96.1,5.7,3.9,8.2,34.8,24.8,46.4,13.7,4.9,32.9
2023,zone,Haut Uele,Boma Mangbetu,152,47.8,37.0,58.9,56.0,40.2,70.6,96.6,93.2,98.3,3.4,1.7,6.8,51.9,28.8,74.3,23.9,14.4,37.0
2023,zone,Haut Uele,Doruma,150,29.6,18.6,43.7,30.1,19.1,44.2,98.9,88.3,99.9,1.1,0.1,11.7,20.9,19.6,22.3,9.4,3.4,23.6
2023,zone,Haut Uele,Dungu,154,54.0,37.6,69.6,54.9,37.5,71.1,98.4,94.2,99.6,1.6,0.4,5.8,34.4,25.7,44.3,22.6,15.5,31.7
2023,zone,Haut Uele,Faradje,152,38.1,22.9,56.0,38.1,22.9,56.0,99.3,92.3,99.9,0.7,0.1,7.7,21.0,11.4,35.4,20.3,8.7,40.5
2023,zone,Haut Uele,Gombari,156,61.2,26.2,87.6,63.5,30.2,87.5,95.5,86.7,98.5,4.5,1.5,13.3,39.1,27.3,52.3,14.0,8.2,22.8
2023,zone,Haut Uele,Isiro,158,48.5,40.9,56.1,48.9,41.2,56.7,97.4,81.6,99.7,2.6,0.3,18.4,49.8,25.6,74.1,16.9,7.2,34.6
2023,zone,Haut Uele,Makoro,153,15.7,11.2,21.4,17.8,12.4,25.0,92.6,84.1,96.7,7.4,3.3,15.9,15.4,6.5,32.3,5.8,1.7,17.6
2023,zone,Haut Uele,Niangara,154,37.4,23.6,53.5,41.0,27.9,55.5,99.5,92.8,100.0,0.5,0.0,7.2,50.9,34.0,67.7,12.7,6.7,22.9
2023,zone,Haut Uele,Pawa,154,70.9,55.3,82.8,75.3,55.9,88.1,94.6,88.6,97.5,5.4,2.5,11.4,61.7,50.2,71.9,19.1,7.3,41.6
2023,zone,Haut Uele,Rungu,153,23.5,9.0,48.7,26.6,12.8,47.0,98.7,94.2,99.7,1.3,0.3,5.8,47.8,32.7,63.3,26.2,15.5,40.6
2023,zone,Haut Uele,Wamba,153,24.7,14.6,38.6,24.7,14.6,38.6,94.8,86.9,98.1,5.2,1.9,13.1,41.5,19.1,68.1,21.1,5.6,54.8
2023,zone,Haut Uele,Watsa,158,56.0,50.0,61.8,56.3,50.9,61.6,98.1,88.7,99.7,1.9,0.3,11.3,42.3,24.6,62.3,23.2,14.6,34.8
2023,zone,Ituri,Adi,154,70.6,60.4,79.1,80.1,67.4,88.6,99.5,93.6,100.0,0.5,0.0,6.4,66.8,61.2,72.0,49.9,45.0,54.8
2023,zone,Ituri,Adja,152,26.0,4.9,70.6,26.0,4.9,70.6,98.0,87.6,99.7,2.0,0.3,12.4,62.1,48.9,73.8,37.5,30.9,44.7
2023,zone,Ituri,Angumu,153,99.0,94.2,99.8,99.0,94.2,99.8,99.1,91.7,99.9,0.9,0.1,8.3,55.5,40.6,69.5,21.1,14.1,30.2
2023,zone,Ituri,Ariwara,152,89.9,82.4,94.4,90.7,85.3,94.2,100.0,100.0,100.0,0.0,0.0,0.0,78.3,73.8,82.2,38.6,35.1,42.2
2023,zone,Ituri,Aru,182,78.5,70.2,85.0,89.8,85.7,92.8,100.0,100.0,100.0,0.0,0.0,0.0,58.9,48.5,68.5,44.7,35.5,54.2
2023,zone,Ituri,Aungba,152,59.6,42.8,74.4,59.6,42.8,74.4,98.8,94.0,99.7,1.2,0.3,6.0,67.8,59.7,75.0,40.1,31.0,49.8
2023,zone,Ituri,Bambu,156,68.7,46.1,84.9,68.7,46.1,84.9,95.6,89.3,98.3,4.4,1.7,10.7,77.9,64.9,87.1,8.0,4.8,13.1
2023,zone,Ituri,Biringi,152,57.3,16.6,90.0,57.8,17.2,90.0,98.5,94.2,99.6,1.5,0.4,5.8,71.4,44.5,88.6,30.5,14.8,52.5
2023,zone,Ituri,Boga,149,48.9,24.5,73.8,51.5,26.2,76.1,96.3,78.8,99.5,3.7,0.5,21.2,78.5,72.9,83.2,68.0,60.7,74.6
2023,zone,Ituri,Bunia,182,86.7,70.6,94.6,87.0,71.8,94.7,96.0,89.5,98.6,4.0,1.4,10.5,82.5,70.8,90.2,42.6,33.8,51.9
2023,zone,Ituri,Fataki,151,97.5,81.1,99.7,97.8,78.3,99.8,100.0,100.0,100.0,0.0,0.0,0.0,51.8,37.6,65.8,30.0,19.8,42.6
2023,zone,Ituri,Gety,151,74.8,52.7,88.7,74.8,52.7,88.7,98.1,91.0,99.6,1.9,0.4,9.0,81.2,66.8,90.3,73.7,54.5,86.8
2023,zone,Ituri,Jiba,150,49.1,31.3,67.0,52.9,34.9,70.2,94.4,88.1,97.5,5.6,2.5,11.9,71.4,68.8,73.9,27.6,22.1,34.0
2023,zone,Ituri,Kambala,152,61.8,17.1,92.7,61.8,17.1,92.7,98.8,94.1,99.8,1.2,0.2,5.9,44.9,25.3,66.3,32.6,26.2,39.8
2023,zone,Ituri,Kilo,145,47.8,26.4,70.0,47.8,26.4,70.0,95.4,80.3,99.0,4.6,1.0,19.7,75.4,58.3,87.0,10.7,4.2,24.8
2023,zone,Ituri,Komanda,147,100.0,100.0,100.0,100.0,100.0,100.0,100.0,100.0,100.0,0.0,0.0,0.0,43.5,31.5,56.2,15.8,5.8,36.2
2023,zone,Ituri,Laybo,149,78.1,67.4,86.1,87.1,72.3,94.6,99.4,92.5,100.0,0.6,0.0,7.5,67.3,59.8,74.0,37.5,25.4,51.3
2023,zone,Ituri,Linga,153,35.8,15.3,63.2,36.6,15.7,64.1,95.5,87.4,98.5,4.5,1.5,12.6,76.4,56.1,89.2,28.1,22.1,35.2
2023,zone,Ituri,Lita,155,51.6,32.0,70.7,51.6,32.0,70.7,93.6,88.7,96.4,6.4,3.6,11.3,61.7,51.8,70.7,37.0,25.0,50.8
2023,zone,Ituri,Logo,182,98.2,89.5,99.7,98.7,92.8,99.8,97.9,93.2,99.4,2.1,0.6,6.8,60.6,44.9,74.4,33.6,26.2,41.8
2023,zone,Ituri,Mahagi,157,84.3,69.7,92.6,84.3,69.7,92.6,95.0,88.1,98.0,5.0,2.0,11.9,63.8,52.7,73.6,38.2,22.4,56.8
2023,zone,Ituri,Mambasa,150,99.6,93.7,100.0,99.6,93.7,100.0,98.7,91.6,99.8,1.3,0.2,8.4,48.9,34.8,63.1,16.7,8.7,29.8
2023,zone,Ituri,Mandima,147,100.0,100.0,100.0,100.0,100.0,100.0,100.0,100.0,100.0,0.0,0.0,0.0,62.3,54.2,69.7,10.9,7.3,15.9
2023,zone,Ituri,Mangala,151,67.3,47.8,82.3,67.3,47.8,82.3,99.5,93.2,100.0,0.5,0.0,6.8,81.7,70.7,89.1,4.4,1.2,14.3
2023,zone,Ituri,Mongbwalu,151,78.7,62.9,88.9,79.4,63.8,89.4,94.5,91.2,96.6,5.5,3.4,8.8,80.4,67.5,89.1,30.1,25.0,35.7
2023,zone,Ituri,Nia Nia,151,99.1,87.7,99.9,99.1,87.7,99.9,99.0,91.8,99.9,1.0,0.1,8.2,38.1,30.4,46.4,7.5,2.7,19.2
2023,zone,Ituri,Nizi,149,99.1,92.8,99.9,99.1,92.8,99.9,99.8,96.1,100.0,0.2,0.0,3.9,53.7,38.0,68.6,23.6,12.7,39.5
2023,zone,Ituri,Nyankunde,151,96.7,71.8,99.7,96.7,71.8,99.7,100.0,100.0,100.0,0.0,0.0,0.0,60.4,47.1,72.4,27.5,18.3,39.1
2023,zone,Ituri,Nyarambe,188,90.6,79.5,96.0,90.6,79.5,96.0,98.9,94.0,99.8,1.1,0.2,6.0,48.6,41.7,55.6,13.1,8.9,18.8
2023,zone,Ituri,Rethy,150,53.2,48.7,57.5,53.2,48.7,57.5,97.2,95.5,98.3,2.8,1.7,4.5,75.4,66.4,82.6,33.6,19.7,51.0
2023,zone,Ituri,Rimba,152,58.7,49.2,67.5,58.7,49.2,67.5,98.0,94.5,99.3,2.0,0.7,5.5,67.3,58.8,74.9,32.8,29.2,36.7
2023,zone,Ituri,Rwampara,149,98.6,92.9,99.7,98.6,92.9,99.7,100.0,100.0,100.0,0.0,0.0,0.0,75.8,69.3,81.2,31.0,18.0,47.8
2023,zone,Ituri,Tchomia,155,71.4,49.2,86.5,71.4,49.2,86.5,97.6,78.2,99.8,2.4,0.2,21.8,72.1,57.6,83.0,56.4,43.7,68.3
2023,zone,Kasai,Banga Lubaka,150,77.8,49.7,92.5,77.8,49.7,92.5,100.0,100.0,100.0,0.0,0.0,0.0,20.6,17.0,24.9,22.6,18.8,26.9
2023,zone,Kasai,Bulape,154,51.6,31.1,71.5,51.6,31.1,71.5,100.0,100.0,100.0,0.0,0.0,0.0,28.5,21.1,37.3,0.6,0.0,7.1
2023,zone,Kasai,Dekese,178,24.0,15.7,35.0,24.0,15.7,35.0,98.6,94.8,99.7,1.4,0.3,5.2,11.7,6.5,20.1,0.0,0.0,0.0
2023,zone,Kasai,Ilebo,151,35.8,25.0,48.2,35.8,25.0,48.2,100.0,100.0,100.0,0.0,0.0,0.0,33.6,29.3,38.2,6.0,2.6,13.4
2023,zone,Kasai,Kakenge,179,53.9,46.7,60.9,55.6,47.0,63.9,100.0,100.0,100.0,0.0,0.0,0.0,8.8,3.2,22.0,1.4,0.1,12.3
2023,zone,Kasai,Kalonda Ouest,213,43.9,29.6,59.3,45.4,31.7,59.9,99.3,96.4,99.9,0.7,0.1,3.6,26.2,14.5,42.5,12.1,5.4,24.8
2023,zone,Kasai,Kamonia,176,54.5,41.5,67.0,55.5,40.8,69.3,99.2,94.1,99.9,0.8,0.1,5.9,36.5,31.8,41.6,8.7,6.1,12.3
2023,zone,Kasai,Kamwesha,210,41.4,31.3,52.4,41.8,31.5,52.8,99.2,96.0,99.8,0.8,0.2,4.0,20.1,17.8,22.6,4.6,2.7,7.6
2023,zone,Kasai,Kanzala,165,47.8,32.1,63.9,50.8,36.2,65.3,99.4,92.8,100.0,0.6,0.0,7.2,37.3,23.1,54.1,11.5,6.0,21.1
2023,zone,Kasai,Kitangwa,214,79.8,66.2,88.8,80.3,66.2,89.5,99.0,95.7,99.8,1.0,0.2,4.3,3.4,0.9,12.0,2.2,0.6,7.6
2023,zone,Kasai,Luebo,181,56.5,50.8,62.1,58.0,52.5,63.3,100.0,100.0,100.0,0.0,0.0,0.0,1.7,0.5,5.1,0.0,0.0,0.0
2023,zone,Kasai,Mikope,177,66.1,57.2,74.0,67.7,57.1,76.7,100.0,100.0,100.0,0.0,0.0,0.0,25.3,12.9,43.7,24.1,11.2,44.4
2023,zone,Kasai,Mushenge,181,64.8,53.9,74.3,64.8,53.9,74.3,99.6,94.9,100.0,0.4,0.0,5.1,41.6,32.2,51.6,0.0,0.0,0.0
2023,zone,Kasai,Mutena,148,56.2,37.9,73.0,56.2,37.9,73.0,96.7,92.6,98.6,3.3,1.4,7.4,21.5,15.8,28.5,4.6,1.7,11.6
2023,zone,Kasai,Mweka,213,56.6,44.7,67.8,61.4,52.3,69.7,100.0,100.0,100.0,0.0,0.0,0.0,25.0,11.6,45.9,9.7,2.4,32.1
2023,zone,Kasai,Ndjoko Mpunda,154,25.8,12.2,46.5,27.9,13.9,48.2,99.3,92.4,99.9,0.7,0.1,7.6,6.3,1.8,19.7,0.8,0.1,8.8
2023,zone,Kasai,Nyanga,149,80.8,67.3,89.6,80.8,67.3,89.6,100.0,100.0,100.0,0.0,0.0,0.0,21.3,12.2,34.6,21.3,12.2,34.6
2023,zone,Kasai,Tshikapa,184,60.8,43.0,76.2,61.4,43.1,77.1,95.1,85.3,98.5,4.9,1.5,14.7,31.1,12.0,59.9,20.6,6.2,50.3
2023,zone,Kasai Central,Bena Leka,181,61.8,36.6,81.9,62.4,38.3,81.6,98.9,95.2,99.8,1.1,0.2,4.8,34.4,25.0,45.3,28.4,20.7,37.7
2023,zone,Kasai Central,Bena Tshadi,154,84.6,78.8,89.0,85.3,77.5,90.8,100.0,100.0,100.0,0.0,0.0,0.0,36.1,21.6,53.7,34.1,20.4,51.1
2023,zone,Kasai Central,Bilomba,152,48.0,25.1,71.8,48.0,25.1,71.8,91.7,77.9,97.2,8.3,2.8,22.1,30.4,15.6,50.8,26.8,20.1,34.7
2023,zone,Kasai Central,Bobozo,151,71.6,62.2,79.4,73.1,60.2,83.0,98.8,93.7,99.8,1.2,0.2,6.3,48.3,29.5,67.6,39.3,23.7,57.5
2023,zone,Kasai Central,Bunkonde,150,31.4,9.1,67.7,32.1,9.7,67.6,96.0,85.8,98.9,4.0,1.1,14.2,21.0,8.6,43.0,26.2,12.2,47.6
2023,zone,Kasai Central,Demba,184,32.7,11.6,64.2,32.7,11.6,64.2,96.3,90.9,98.6,3.7,1.4,9.1,30.7,15.1,52.4,32.4,20.6,47.0
2023,zone,Kasai Central,Dibaya,154,46.2,20.5,74.0,46.7,20.7,74.7,90.0,76.3,96.2,10.0,3.8,23.7,22.7,20.7,24.9,13.1,6.1,25.8
2023,zone,Kasai Central,Kalomba,155,46.2,24.2,69.7,46.2,24.2,69.7,92.6,85.2,96.5,7.4,3.5,14.8,26.2,19.1,34.6,20.6,13.7,29.7
2023,zone,Kasai Central,Kananga,181,56.3,39.0,72.2,56.3,39.0,72.2,97.9,91.7,99.5,2.1,0.5,8.3,58.7,42.6,73.2,51.3,36.0,66.4
2023,zone,Kasai Central,Katende,151,53.5,23.5,81.2,53.5,23.5,81.2,95.3,90.9,97.6,4.7,2.4,9.1,23.1,11.9,40.1,38.0,25.3,52.6
2023,zone,Kasai Central,Katoka,152,59.5,45.6,72.1,66.7,54.4,77.1,98.3,94.3,99.5,1.7,0.5,5.7,79.0,69.1,86.4,50.1,37.1,63.1
2023,zone,Kasai Central,Luambo,153,95.6,90.2,98.1,95.6,90.2,98.1,99.5,93.1,100.0,0.5,0.0,6.9,0.0,0.0,0.0,3.9,1.0,13.3
2023,zone,Kasai Central,Lubondaie,153,57.4,39.7,73.3,57.4,39.7,73.3,95.6,83.8,98.9,4.4,1.1,16.2,23.6,12.9,39.1,5.5,2.2,13.0
2023,zone,Kasai Central,Lubunga,150,55.6,30.4,78.2,55.6,30.4,78.2,96.8,88.3,99.2,3.2,0.8,11.7,23.7,12.5,40.3,38.2,34.6,42.0
2023,zone,Kasai Central,Luiza,154,95.0,81.9,98.8,95.5,84.3,98.8,100.0,100.0,100.0,0.0,0.0,0.0,4.3,1.0,16.7,2.5,0.3,16.5
2023,zone,Kasai Central,Lukonga,157,51.1,40.3,61.7,55.5,42.2,68.1,92.9,85.0,96.8,7.1,3.2,15.0,58.1,36.9,76.6,39.4,23.0,58.7
2023,zone,Kasai Central,Masuika,186,95.3,93.4,96.7,95.3,93.4,96.7,97.9,91.0,99.5,2.1,0.5,9.0,6.1,2.0,17.0,8.8,3.5,20.6
2023,zone,Kasai Central,Mikalayi,184,34.6,12.9,65.4,34.6,12.9,65.4,97.0,91.3,99.0,3.0,1.0,8.7,41.7,23.8,62.1,25.2,6.9,60.4
2023,zone,Kasai Central,Muetshi,150,51.6,43.3,59.8,52.8,44.7,60.7,100.0,100.0,100.0,0.0,0.0,0.0,34.5,19.1,54.0,27.2,15.3,43.7
2023,zone,Kasai Central,Mutoto,149,36.7,21.1,55.8,36.7,21.1,55.8,96.4,75.3,99.6,3.6,0.4,24.7,15.5,5.5,36.6,31.3,21.1,43.7
2023,zone,Kasai Central,Ndekesha,154,72.1,56.7,83.7,72.1,56.7,83.7,93.2,85.1,97.0,6.8,3.0,14.9,38.4,28.5,49.4,30.8,26.2,35.7
2023,zone,Kasai Central,Ndesha,151,74.6,68.7,79.6,74.6,68.7,79.6,96.5,90.6,98.8,3.5,1.2,9.4,58.7,46.4,69.9,52.1,44.2,59.9
2023,zone,Kasai Central,Tshibala,181,63.6,45.8,78.3,63.6,45.8,78.3,96.5,93.8,98.1,3.5,1.9,6.2,20.3,16.2,25.2,27.9,14.7,46.4
2023,zone,Kasai Central,Tshikaji,155,72.2,39.1,91.3,72.2,39.1,91.3,90.3,84.8,93.9,9.7,6.1,15.2,48.9,34.8,63.2,30.2,21.5,40.6
2023,zone,Kasai Central,Tshikula,149,30.4,9.7,63.8,30.4,9.7,63.8,91.8,85.7,95.4,8.2,4.6,14.3,13.9,7.6,24.0,26.5,21.8,31.8
2023,zone,Kasai Central,Yangala,221,71.1,55.7,82.9,71.1,55.7,82.9,93.5,82.0,97.9,6.5,2.1,18.0,29.1,22.8,36.2,4.4,0.6,25.4
2023,zone,Kasai Oriental,Bibanga,154,48.6,28.4,69.2,48.6,28.4,69.2,98.0,91.9,99.5,2.0,0.5,8.1,10.3,2.0,39.7,8.4,2.0,28.4
2023,zone,Kasai Oriental,Bipemba,154,76.0,60.4,86.8,76.0,60.4,86.8,94.7,89.6,97.4,5.3,2.6,10.4,32.7,14.7,57.9,33.4,16.2,56.7
2023,zone,Kasai Oriental,Bonzola,154,80.9,58.7,92.7,80.9,58.7,92.7,95.3,85.6,98.6,4.7,1.4,14.4,26.8,17.1,39.3,25.0,14.0,40.6
2023,zone,Kasai Oriental,Cilundu,150,82.7,73.8,89.0,82.7,73.8,89.0,98.3,92.3,99.6,1.7,0.4,7.7,34.2,22.3,48.4,7.4,1.1,37.3
2023,zone,Kasai Oriental,Citenge,151,45.5,30.5,61.3,46.4,31.6,61.8,98.0,86.6,99.7,2.0,0.3,13.4,6.6,2.6,15.7,10.1,5.8,17.1
2023,zone,Kasai Oriental,Dibindi,157,75.2,55.6,88.0,75.2,55.6,88.0,93.9,85.8,97.5,6.1,2.5,14.2,35.5,25.8,46.6,26.5,12.4,47.9
2023,zone,Kasai Oriental,Diulu,152,79.8,54.6,92.8,79.8,54.6,92.8,96.7,93.4,98.3,3.3,1.7,6.6,65.9,37.4,86.2,60.2,29.5,84.5
2023,zone,Kasai Oriental,Kabeya Kamwanga,151,77.5,62.2,87.8,77.5,62.2,87.8,95.5,93.0,97.2,4.5,2.8,7.0,13.0,3.4,39.0,29.2,10.9,58.1
2023,zone,Kasai Oriental,Kansele,151,83.2,77.8,87.5,83.2,77.8,87.5,96.1,89.1,98.7,3.9,1.3,10.9,52.7,37.5,67.5,62.6,49.3,74.1
2023,zone,Kasai Oriental,Kasansa,152,63.4,43.2,79.8,63.4,43.2,79.8,98.7,93.7,99.8,1.3,0.2,6.3,10.0,5.0,19.1,13.2,4.4,33.6
2023,zone,Kasai Oriental,Lubilanji,153,82.1,67.1,91.1,82.6,68.7,91.1,99.5,93.1,100.0,0.5,0.0,6.9,65.6,47.6,79.9,62.3,43.4,78.1
2023,zone,Kasai Oriental,Lukelenge,154,62.8,34.9,84.2,64.1,37.0,84.5,88.7,70.4,96.3,11.3,3.7,29.6,33.4,20.0,50.1,39.7,28.0,52.8
2023,zone,Kasai Oriental,Miabi,157,79.2,72.5,84.7,79.2,72.5,84.7,95.5,88.5,98.3,4.5,1.7,11.5,24.4,16.8,34.0,24.5,20.4,29.1
2023,zone,Kasai Oriental,Mpokolo,151,57.2,41.1,71.9,58.7,43.1,72.7,94.8,89.1,97.6,5.2,2.4,10.9,28.6,15.0,47.8,29.0,13.8,51.0
2023,zone,Kasai Oriental,Mukumbi,154,55.6,35.4,74.2,55.6,35.4,74.2,99.2,92.3,99.9,0.8,0.1,7.7,12.7,5.1,28.4,6.4,2.8,14.1
2023,zone,Kasai Oriental,Muya,157,59.0,46.6,70.4,59.0,46.6,70.4,98.7,94.4,99.7,1.3,0.3,5.6,21.1,10.7,37.4,25.5,10.5,49.9
2023,zone,Kasai Oriental,Nzaba,154,65.9,54.2,76.0,67.9,58.9,75.6,92.3,84.7,96.3,7.7,3.7,15.3,41.4,23.4,62.0,32.4,23.8,42.3
2023,zone,Kasai Oriental,Tshilenge,152,37.0,18.6,60.2,37.0,18.6,60.2,98.7,93.9,99.7,1.3,0.3,6.1,19.8,4.5,56.6,5.3,1.1,21.3
2023,zone,Kasai Oriental,Tshishimbi,157,61.0,46.8,73.5,61.9,46.0,75.6,97.5,88.6,99.5,2.5,0.5,11.4,9.7,7.7,12.1,15.6,7.2,30.6
2023,zone,Kinshasa,Bandalungwa,150,46.6,36.5,56.9,46.6,36.5,56.9,100.0,100.0,100.0,0.0,0.0,0.0,96.2,90.8,98.5,80.4,70.0,87.9
2023,zone,Kinshasa,Barumbu,150,68.3,54.7,79.3,68.3,54.7,79.3,97.2,82.2,99.6,2.8,0.4,17.8,84.4,76.1,90.1,47.7,39.9,55.6
2023,zone,Kinshasa,Binza Meteo,148,44.1,26.6,63.2,44.1,26.6,63.2,100.0,100.0,100.0,0.0,0.0,0.0,85.7,77.9,91.1,45.0,30.7,60.2
2023,zone,Kinshasa,Binza Ozone,155,70.5,57.1,81.1,70.5,57.1,81.1,98.6,85.9,99.9,1.4,0.1,14.1,82.6,71.4,90.0,62.9,48.2,75.5
2023,zone,Kinshasa,Biyela,156,72.4,46.3,88.9,73.8,49.0,89.2,100.0,100.0,100.0,0.0,0.0,0.0,77.9,64.0,87.5,65.1,44.7,81.2
2023,zone,Kinshasa,Bumbu,151,46.0,35.5,56.9,47.4,37.7,57.2,99.2,91.9,99.9,0.8,0.1,8.1,81.6,64.1,91.6,49.6,43.7,55.6
2023,zone,Kinshasa,Gombe,149,27.4,17.3,40.5,27.4,17.3,40.5,99.3,92.3,99.9,0.7,0.1,7.7,94.8,81.6,98.7,72.9,50.4,87.7
2023,zone,Kinshasa,Kalamu 1,152,50.8,44.6,57.0,79.3,72.0,85.1,95.8,91.3,98.0,4.2,2.0,8.7,97.6,87.7,99.6,70.3,50.6,84.5
2023,zone,Kinshasa,Kalamu 2,154,86.5,79.5,91.3,86.5,79.5,91.3,94.8,88.1,97.9,5.2,2.1,11.9,80.6,71.6,87.3,59.9,50.5,68.7
2023,zone,Kinshasa,Kasa Vubu,153,78.7,68.4,86.2,79.1,69.4,86.3,96.9,91.8,98.8,3.1,1.2,8.2,82.8,72.0,90.0,77.5,63.1,87.4
2023,zone,Kinshasa,Kikimi,151,53.4,43.8,62.9,56.8,45.7,67.2,96.3,88.9,98.8,3.7,1.2,11.1,96.5,89.4,98.9,72.7,50.1,87.6
2023,zone,Kinshasa,Kimbanseke,149,44.0,30.7,58.1,51.5,45.6,57.5,97.1,80.8,99.6,2.9,0.4,19.2,60.9,45.9,74.1,42.8,27.0,60.1
2023,zone,Kinshasa,Kingabwa,148,58.1,43.0,71.9,58.6,43.9,71.9,99.6,93.8,100.0,0.4,0.0,6.2,81.2,51.5,94.6,75.8,46.6,91.8
2023,zone,Kinshasa,Kingasani,159,63.6,41.6,81.1,66.5,45.8,82.3,98.5,90.2,99.8,1.5,0.2,9.8,77.9,54.1,91.4,73.7,57.5,85.3
2023,zone,Kinshasa,Kinshasa,150,52.0,47.0,57.0,52.0,47.0,57.0,100.0,100.0,100.0,0.0,0.0,0.0,93.5,87.4,96.8,61.7,40.7,79.0
2023,zone,Kinshasa,Kintambo,152,48.5,38.8,58.4,48.5,38.8,58.4,99.3,92.5,99.9,0.7,0.1,7.5,91.1,84.3,95.1,73.3,64.6,80.6
2023,zone,Kinshasa,Kisenso,149,44.8,40.8,48.9,44.8,40.8,48.9,100.0,100.0,100.0,0.0,0.0,0.0,100.0,100.0,100.0,75.3,65.9,82.8
2023,zone,Kinshasa,Kokolo,180,56.1,41.4,69.9,56.7,40.9,71.2,98.2,95.3,99.3,1.8,0.7,4.7,79.7,52.2,93.4,45.7,26.5,66.3
2023,zone,Kinshasa,Lemba,157,61.7,54.5,68.4,62.9,56.3,69.1,96.9,90.4,99.0,3.1,1.0,9.6,94.4,81.0,98.5,80.5,65.0,90.2
2023,zone,Kinshasa,Limete,151,36.2,24.1,50.3,45.5,30.7,61.2,98.2,87.8,99.7,1.8,0.3,12.2,96.2,90.0,98.6,58.2,49.5,66.4
2023,zone,Kinshasa,Lingwala,151,51.8,47.8,55.8,54.3,48.0,60.5,94.8,83.2,98.6,5.2,1.4,16.8,78.6,70.4,85.0,71.4,62.8,78.7
2023,zone,Kinshasa,Makala,147,70.6,61.0,78.6,70.6,61.0,78.6,98.8,93.3,99.8,1.2,0.2,6.7,65.4,54.0,75.2,44.6,35.1,54.5
2023,zone,Kinshasa,Maluku 1,151,60.0,38.3,78.4,60.0,38.3,78.4,95.7,85.6,98.8,4.3,1.2,14.4,54.7,24.1,82.1,53.8,29.6,76.3
2023,zone,Kinshasa,Maluku 2,149,35.3,10.6,71.7,35.3,10.6,71.7,99.4,92.2,100.0,0.6,0.0,7.8,37.4,25.6,50.9,31.9,22.4,43.0
2023,zone,Kinshasa,Masina 1,154,93.7,84.6,97.6,94.3,84.5,98.0,100.0,100.0,100.0,0.0,0.0,0.0,77.6,62.3,87.9,68.5,56.1,78.7
2023,zone,Kinshasa,Masina 2,149,86.5,65.9,95.5,86.5,65.9,95.5,100.0,100.0,100.0,0.0,0.0,0.0,86.8,71.1,94.6,76.4,59.4,87.8
2023,zone,Kinshasa,Matete,154,52.1,39.6,64.4,58.7,48.1,68.5,95.5,88.3,98.3,4.5,1.7,11.7,96.4,91.0,98.6,72.5,55.3,84.9
2023,zone,Kinshasa,Mont Ngafula 1,151,45.9,38.9,53.2,46.5,39.6,53.6,100.0,100.0,100.0,0.0,0.0,0.0,98.2,79.5,99.9,82.8,62.5,93.3
2023,zone,Kinshasa,Mont Ngafula 2,150,65.5,57.1,73.0,67.0,58.8,74.4,95.4,88.3,98.3,4.6,1.7,11.7,69.0,58.9,77.5,52.4,33.6,70.6
2023,zone,Kinshasa,Ndjili,152,42.8,30.0,56.5,42.8,30.0,56.5,100.0,100.0,100.0,0.0,0.0,0.0,98.2,94.2,99.5,72.1,53.6,85.2
2023,zone,Kinshasa,Ngaba,149,68.4,58.5,76.8,68.4,58.5,76.8,96.1,91.3,98.3,3.9,1.7,8.7,74.4,59.5,85.2,42.3,25.8,60.7
2023,zone,Kinshasa,Ngiri Ngiri,155,70.2,66.3,73.9,71.0,66.3,75.2,96.8,90.4,99.0,3.2,1.0,9.6,75.2,68.7,80.6,62.1,54.0,69.5
2023,zone,Kinshasa,Nsele,148,49.6,40.2,59.1,53.0,42.6,63.1,96.1,92.4,98.0,3.9,2.0,7.6,55.6,43.7,66.8,50.9,46.9,54.9
2023,zone,Kinshasa,Police,150,61.7,48.1,73.7,62.4,47.2,75.6,97.9,94.8,99.2,2.1,0.8,5.2,79.9,60.3,91.2,51.0,43.8,58.2
2023,zone,Kinshasa,Selembao,148,50.6,47.2,54.0,50.6,47.2,54.0,99.3,91.9,99.9,0.7,0.1,8.1,88.1,66.3,96.5,43.0,34.9,51.5
2023,zone,Kongo Central,Boko Kivulu,150,71.5,56.5,82.8,71.5,56.5,82.8,98.7,92.6,99.8,1.3,0.2,7.4,27.0,17.4,39.3,21.2,11.9,35.0
2023,zone,Kongo Central,Boma,154,60.1,53.0,66.7,60.8,54.7,66.6,93.8,83.6,97.8,6.2,2.2,16.4,69.3,55.4,80.5,39.1,23.5,57.4
2023,zone,Kongo Central,Boma Bungu,156,68.6,51.4,81.8,69.5,51.6,82.9,98.1,90.2,99.6,1.9,0.4,9.8,37.5,22.8,55.0,17.5,6.3,39.9
2023,zone,Kongo Central,Gombe Matadi,153,78.5,60.9,89.5,78.5,60.9,89.5,99.5,93.5,100.0,0.5,0.0,6.5,16.4,9.8,26.3,28.1,14.9,46.5
2023,zone,Kongo Central,Inga,153,55.4,21.7,84.7,55.4,21.7,84.7,99.5,93.0,100.0,0.5,0.0,7.0,57.4,35.7,76.7,35.2,14.3,63.9
2023,zone,Kongo Central,Kangu,151,75.1,61.5,85.1,75.1,61.5,85.1,98.4,91.3,99.7,1.6,0.3,8.7,54.6,41.6,67.0,37.2,26.2,49.8
2023,zone,Kongo Central,Kibunzi,154,75.0,63.9,83.5,75.6,66.3,82.9,100.0,100.0,100.0,0.0,0.0,0.0,45.6,37.6,53.8,34.4,22.7,48.3
2023,zone,Kongo Central,Kimpangu,152,65.1,61.3,68.7,65.1,61.3,68.7,98.1,89.5,99.7,1.9,0.3,10.5,25.8,10.9,49.9,42.3,29.1,56.7
2023,zone,Kongo Central,Kimpese,151,65.3,41.6,83.2,65.3,41.6,83.2,100.0,100.0,100.0,0.0,0.0,0.0,66.5,29.8,90.3,52.4,20.1,82.8
2023,zone,Kongo Central,Kimvula,157,28.8,17.1,44.2,28.8,17.1,44.2,98.9,83.8,99.9,1.1,0.1,16.2,10.9,5.5,20.5,11.7,6.0,21.6
2023,zone,Kongo Central,Kinkonzi,154,84.2,70.4,92.2,84.2,70.4,92.2,99.1,87.7,99.9,0.9,0.1,12.3,63.4,58.9,67.6,58.3,42.6,72.5
2023,zone,Kongo Central,Kisantu,152,68.6,47.9,83.9,68.6,47.9,83.9,94.2,76.9,98.8,5.8,1.2,23.1,19.0,14.0,25.2,14.3,10.0,20.0
2023,zone,Kongo Central,Kitona,157,69.5,55.3,80.8,70.1,57.1,80.5,95.2,85.9,98.5,4.8,1.5,14.1,68.1,33.9,89.9,46.1,29.4,63.7
2023,zone,Kongo Central,Kizu,153,59.4,46.8,71.0,59.4,46.8,71.0,96.9,85.4,99.4,3.1,0.6,14.6,57.4,53.8,60.9,45.7,37.8,53.7
2023,zone,Kongo Central,Kuimba,152,73.4,62.8,81.8,73.4,62.8,81.8,99.4,92.9,99.9,0.6,0.1,7.1,72.5,55.8,84.6,63.1,48.3,75.7
2023,zone,Kongo Central,Kwilu Ngongo,149,61.0,40.3,78.4,61.5,40.9,78.6,95.4,92.0,97.4,4.6,2.6,8.0,62.9,48.7,75.2,43.2,21.8,67.5
2023,zone,Kongo Central,Lukula,159,46.2,26.1,67.7,46.9,26.5,68.4,98.7,95.0,99.7,1.3,0.3,5.0,37.6,31.0,44.8,24.5,13.3,40.7
2023,zone,Kongo Central,Luozi,153,70.7,48.3,86.2,71.4,47.8,87.2,100.0,100.0,100.0,0.0,0.0,0.0,53.3,47.7,58.8,32.9,29.4,36.6
2023,zone,Kongo Central,Mangembo,157,78.7,67.6,86.7,79.4,69.9,86.5,98.5,83.1,99.9,1.5,0.1,16.9,47.3,38.9,56.0,30.1,22.9,38.4
2023,zone,Kongo Central,Massa,155,87.6,65.3,96.3,88.5,68.7,96.5,92.3,89.4,94.5,7.7,5.5,10.6,28.1,13.9,48.7,26.0,8.3,57.7
2023,zone,Kongo Central,Matadi,155,67.0,54.3,77.7,68.1,56.6,77.7,93.8,90.4,96.1,6.2,3.9,9.6,63.0,44.0,78.7,41.8,23.0,63.4
2023,zone,Kongo Central,Mbanza Ngungu,149,66.8,47.3,81.8,67.3,48.0,82.1,99.4,92.5,100.0,0.6,0.0,7.5,65.4,42.1,83.2,56.2,34.5,75.8
2023,zone,Kongo Central,Muanda,157,48.8,34.3,63.6,48.9,34.4,63.6,94.4,88.3,97.4,5.6,2.6,11.7,63.4,48.6,76.0,29.4,23.3,36.3
2023,zone,Kongo Central,Ngidinga,149,37.2,25.4,50.7,37.9,25.3,52.3,97.3,91.6,99.2,2.7,0.8,8.4,11.2,4.9,23.7,12.0,3.0,37.3
2023,zone,Kongo Central,Nselo,156,65.8,39.3,85.1,66.6,40.1,85.6,99.4,92.6,100.0,0.6,0.0,7.4,20.3,6.9,46.6,19.1,8.9,36.3
2023,zone,Kongo Central,Nsona Mpangu,152,64.4,45.5,79.7,68.3,51.3,81.5,99.1,91.6,99.9,0.9,0.1,8.4,64.7,60.5,68.7,52.6,40.7,64.1
2023,zone,Kongo Central,Nzanza,149,46.7,41.8,51.6,48.7,42.6,54.8,96.6,92.4,98.5,3.4,1.5,7.6,69.0,61.7,75.5,52.5,40.5,64.3
2023,zone,Kongo Central,Seke Banza,149,45.5,24.6,68.1,46.2,24.9,69.1,97.3,91.1,99.2,2.7,0.8,8.9,55.3,33.4,75.4,39.0,31.9,46.6
2023,zone,Kongo Central,Sona Bata,152,73.1,50.4,87.9,73.1,50.4,87.9,97.1,95.5,98.2,2.9,1.8,4.5,5.8,3.1,10.8,9.3,6.3,13.6
2023,zone,Kongo Central,Tshela,155,67.6,50.1,81.3,67.8,49.9,81.7,93.2,87.6,96.4,6.8,3.6,12.4,67.4,56.9,76.5,65.8,62.6,68.8
2023,zone,Kongo Central,Vaku,154,69.7,53.2,82.3,69.7,53.2,82.3,96.4,87.6,99.0,3.6,1.0,12.4,57.9,48.7,66.6,35.0,19.2,55.0
2023,zone,Kwango,Boko,152,52.1,34.2,69.5,52.7,35.1,69.6,89.2,69.4,96.8,10.8,3.2,30.6,24.7,14.0,39.8,31.2,17.5,49.3
2023,zone,Kwango,Feshi,183,90.5,84.5,94.3,90.5,84.5,94.3,84.6,79.8,88.5,15.4,11.5,20.2,24.9,19.0,32.0,5.4,2.8,10.0
2023,zone,Kwango,Kahemba,214,91.6,80.0,96.7,91.9,79.7,97.0,93.7,88.6,96.6,6.3,3.4,11.4,25.8,20.0,32.7,10.3,6.5,15.9
2023,zone,Kwango,Kajiji,154,77.3,59.9,88.6,78.3,58.3,90.4,93.9,77.6,98.6,6.1,1.4,22.4,22.8,10.9,41.4,8.6,4.6,15.7
2023,zone,Kwango,Kasongo Lunda,153,45.5,25.0,67.6,45.5,25.0,67.6,93.2,88.1,96.2,6.8,3.8,11.9,10.4,5.8,17.8,6.1,2.1,16.2
2023,zone,Kwango,Kenge,213,63.3,42.9,79.8,63.5,42.9,80.1,91.7,84.9,95.6,8.3,4.4,15.1,25.0,16.2,36.4,14.0,8.9,21.5
2023,zone,Kwango,Kimbao,182,90.7,80.1,96.0,90.7,80.1,96.0,96.3,90.8,98.5,3.7,1.5,9.2,19.8,16.8,23.2,1.5,0.2,12.6
2023,zone,Kwango,Kisanji,152,79.6,49.8,93.9,79.6,49.8,93.9,90.5,85.9,93.8,9.5,6.2,14.1,20.0,9.5,37.4,2.1,0.5,8.6
2023,zone,Kwango,Kitenda,191,70.4,36.5,90.8,73.3,38.6,92.3,96.0,85.2,99.0,4.0,1.0,14.8,18.6,6.7,42.1,7.3,3.4,15.1
2023,zone,Kwango,Mwela Lembwa,149,94.7,82.3,98.6,94.7,82.3,98.6,97.3,86.4,99.5,2.7,0.5,13.6,25.4,17.7,35.1,3.5,1.0,11.2
2023,zone,Kwango,Panzi,190,41.7,24.3,61.4,42.1,24.7,61.7,96.2,89.1,98.7,3.8,1.3,10.9,6.0,2.7,12.8,10.2,2.4,34.6
2023,zone,Kwango,Popokabaka,213,36.7,20.3,56.8,37.1,20.9,56.8,90.6,78.0,96.3,9.4,3.7,22.0,14.1,10.0,19.4,11.7,7.6,17.7
2023,zone,Kwango,Tembo,161,76.1,54.6,89.4,76.1,54.6,89.4,96.4,87.4,99.0,3.6,1.0,12.6,21.6,8.0,46.8,19.1,6.2,45.8
2023,zone,Kwango,Wamba Lwadi,150,100.0,100.0,100.0,100.0,100.0,100.0,94.3,81.7,98.4,5.7,1.6,18.3,19.7,14.8,25.7,1.5,0.3,6.5
2023,zone,Kwilu,Bagata,183,84.0,77.9,88.7,84.0,77.9,88.7,99.1,95.4,99.8,0.9,0.2,4.6,36.5,29.6,44.1,19.6,15.7,24.0
2023,zone,Kwilu,Bandundu,188,86.5,79.3,91.5,86.5,79.3,91.5,99.7,95.8,100.0,0.3,0.0,4.2,52.2,40.5,63.7,48.3,32.0,65.0
2023,zone,Kwilu,Bulungu,208,100.0,100.0,100.0,100.0,100.0,100.0,98.3,95.7,99.3,1.7,0.7,4.3,61.5,59.3,63.8,21.0,18.4,23.8
2023,zone,Kwilu,Djuma,237,100.0,100.0,100.0,100.0,100.0,100.0,100.0,100.0,100.0,0.0,0.0,0.0,60.2,59.2,61.2,28.6,26.0,31.4
2023,zone,Kwilu,Gungu,204,89.7,71.5,96.8,90.0,71.4,97.0,99.7,96.5,100.0,0.3,0.0,3.5,53.5,46.8,60.0,37.5,31.8,43.5
2023,zone,Kwilu,Idiofa,240,100.0,100.0,100.0,100.0,100.0,100.0,97.2,91.5,99.1,2.8,0.9,8.5,71.6,63.1,78.8,56.3,48.2,64.0
2023,zone,Kwilu,Ipamu,211,97.6,87.8,99.6,97.6,87.8,99.6,99.3,96.5,99.9,0.7,0.1,3.5,84.7,75.8,90.7,51.1,42.0,60.2
2023,zone,Kwilu,Kikongo,202,80.1,63.0,90.5,80.1,63.0,90.5,98.8,94.5,99.7,1.2,0.3,5.5,55.5,47.6,63.1,21.7,15.8,29.0
2023,zone,Kwilu,Kikwit Nord,173,91.9,79.7,97.1,93.6,85.1,97.4,97.2,95.4,98.3,2.8,1.7,4.6,79.9,70.7,86.8,62.3,42.8,78.5
2023,zone,Kwilu,Kikwit Sud,178,81.2,56.5,93.5,82.0,59.1,93.5,98.9,95.2,99.8,1.1,0.2,4.8,65.8,43.7,82.7,44.2,27.1,62.8
2023,zone,Kwilu,Kimputu,210,100.0,100.0,100.0,100.0,100.0,100.0,99.7,96.3,100.0,0.3,0.0,3.7,81.5,74.7,86.8,34.9,30.4,39.7
2023,zone,Kwilu,Kingandu,147,97.4,86.3,99.5,97.4,86.3,99.5,99.4,92.3,100.0,0.6,0.0,7.7,54.1,40.8,66.8,44.5,37.9,51.3
2023,zone,Kwilu,Koshibanda,211,100.0,100.0,100.0,100.0,100.0,100.0,99.4,93.8,100.0,0.6,0.0,6.2,77.3,70.1,83.2,34.4,32.1,36.9
2023,zone,Kwilu,Lusanga,240,97.2,93.6,98.8,97.7,95.0,99.0,100.0,100.0,100.0,0.0,0.0,0.0,64.6,57.9,70.8,30.5,24.4,37.4
2023,zone,Kwilu,Masi Manimba,180,98.7,88.5,99.9,98.7,88.5,99.9,100.0,100.0,100.0,0.0,0.0,0.0,74.9,71.1,78.5,59.0,48.3,69.0
2023,zone,Kwilu,Moanza,181,95.5,75.5,99.3,95.5,75.5,99.3,99.1,95.3,99.8,0.9,0.2,4.7,82.8,58.8,94.2,65.5,52.5,76.6
2023,zone,Kwilu,Mokala,241,100.0,100.0,100.0,100.0,100.0,100.0,100.0,100.0,100.0,0.0,0.0,0.0,62.2,59.8,64.5,26.9,22.2,32.2
2023,zone,Kwilu,Mosango,152,93.4,77.6,98.3,93.4,77.6,98.3,99.3,92.4,99.9,0.7,0.1,7.6,66.8,60.5,72.5,30.2,22.5,39.2
2023,zone,Kwilu,Mukedi,179,88.0,49.1,98.2,88.0,49.1,98.2,100.0,100.0,100.0,0.0,0.0,0.0,58.0,46.8,68.4,48.0,42.1,53.9
2023,zone,Kwilu,Mungindu,186,72.8,51.2,87.2,72.8,51.2,87.2,100.0,100.0,100.0,0.0,0.0,0.0,34.3,25.0,44.9,25.1,16.1,37.1
2023,zone,Kwilu,Pay Kongila,178,97.8,90.8,99.5,97.8,90.8,99.5,99.4,94.2,99.9,0.6,0.1,5.8,68.4,62.3,73.8,41.2,34.7,47.9
2023,zone,Kwilu,Sia,174,70.9,53.4,83.9,70.9,53.4,83.9,95.1,91.8,97.1,4.9,2.9,8.2,34.5,22.6,48.8,22.8,14.7,33.5
2023,zone,Kwilu,Vanga,240,100.0,100.0,100.0,100.0,100.0,100.0,100.0,100.0,100.0,0.0,0.0,0.0,60.0,60.0,60.0,23.8,22.2,25.5
2023,zone,Kwilu,Yasa Bonga,184,95.7,87.7,98.6,96.1,87.0,98.9,100.0,100.0,100.0,0.0,0.0,0.0,89.6,70.5,96.9,57.0,52.4,61.6
2023,zone,Lomami,Kabinda,201,72.9,55.3,85.4,73.7,57.2,85.5,89.4,79.2,94.9,10.6,5.1,20.8,19.3,6.7,44.3,22.2,8.9,45.4
2023,zone,Lomami,Kalambayi Kabanga,152,77.7,62.5,87.9,78.3,63.2,88.4,99.3,92.1,99.9,0.7,0.1,7.9,0.6,0.1,6.7,0.6,0.0,7.9
2023,zone,Lomami,Kalenda,212,62.8,46.3,76.8,62.8,46.3,76.8,99.6,95.8,100.0,0.4,0.0,4.2,10.3,2.4,35.0,2.6,1.6,4.2
2023,zone,Lomami,Kalonda Est,146,41.2,24.2,60.7,41.9,25.8,60.1,92.3,70.1,98.4,7.7,1.6,29.9,2.7,0.7,9.5,0.5,0.0,6.7
2023,zone,Lomami,Kamana,179,42.1,28.2,57.5,42.6,29.2,57.1,96.1,93.1,97.8,3.9,2.2,6.9,1.4,0.4,5.3,1.8,0.2,13.5
2023,zone,Lomami,Kamiji,150,97.4,89.6,99.4,97.4,89.6,99.4,94.4,81.8,98.5,5.6,1.5,18.2,16.1,9.0,27.2,17.2,3.4,55.3
2023,zone,Lomami,Kanda Kanda,144,90.8,66.6,98.0,91.3,69.5,98.0,98.9,90.3,99.9,1.1,0.1,9.7,14.7,1.9,60.6,13.0,6.8,23.5
2023,zone,Lomami,Lubao,151,75.4,41.3,93.0,75.4,41.3,93.0,100.0,100.0,100.0,0.0,0.0,0.0,0.9,0.1,5.9,2.7,0.4,16.5
2023,zone,Lomami,Ludimbi Lukula,148,89.6,71.9,96.6,89.6,71.9,96.6,96.9,76.0,99.7,3.1,0.3,24.0,0.8,0.1,8.5,0.0,0.0,0.0
2023,zone,Lomami,Luputa,212,78.0,66.6,86.3,78.0,66.6,86.3,100.0,100.0,100.0,0.0,0.0,0.0,7.7,4.2,13.9,3.1,0.5,16.4
2023,zone,Lomami,Makota,150,100.0,100.0,100.0,100.0,100.0,100.0,99.3,92.3,99.9,0.7,0.1,7.7,30.9,14.2,54.6,32.1,13.7,58.4
2023,zone,Lomami,Mulumba,153,74.1,65.9,81.0,74.9,64.9,82.8,96.4,91.4,98.6,3.6,1.4,8.6,11.1,2.0,43.6,8.0,1.4,34.9
2023,zone,Lomami,Mweneditu,180,99.5,94.4,100.0,99.5,94.4,100.0,94.8,79.9,98.8,5.2,1.2,20.1,34.4,21.9,49.5,32.7,22.9,44.2
2023,zone,Lomami,Ngandajika,150,72.0,60.1,81.4,75.3,63.5,84.3,100.0,100.0,100.0,0.0,0.0,0.0,4.0,0.8,17.9,0.8,0.1,8.5
2023,zone,Lomami,Tshofa,150,91.5,81.2,96.4,91.5,81.2,96.4,100.0,100.0,100.0,0.0,0.0,0.0,0.0,0.0,0.0,2.1,0.4,12.0
2023,zone,Lomami,Wikong,151,76.4,64.9,85.0,76.4,64.9,85.0,99.5,93.3,100.0,0.5,0.0,6.7,31.7,19.0,47.8,10.3,4.0,24.0
2023,zone,Lualaba,Bunkeya,155,50.4,28.7,71.9,50.4,28.7,71.9,99.0,90.8,99.9,1.0,0.1,9.2,15.0,12.7,17.6,43.8,32.3,56.0
2023,zone,Lualaba,Dilala,154,63.7,45.8,78.4,65.0,46.9,79.6,95.8,88.5,98.5,4.2,1.5,11.5,37.4,25.6,51.1,28.9,18.7,41.9
2023,zone,Lualaba,Dilolo,182,24.4,18.6,31.4,26.4,20.9,32.8,98.8,94.4,99.7,1.2,0.3,5.6,2.4,0.9,5.8,5.3,2.0,13.0
2023,zone,Lualaba,Fungurume,151,53.4,47.7,58.9,55.2,48.5,61.7,96.0,86.1,98.9,4.0,1.1,13.9,25.0,17.3,34.6,22.7,13.0,36.7
2023,zone,Lualaba,Kafakumba,152,34.3,23.5,47.1,35.9,26.7,46.3,99.5,93.6,100.0,0.5,0.0,6.4,0.7,0.1,7.9,5.6,1.6,17.3
2023,zone,Lualaba,Kalamba,150,62.2,29.5,86.6,63.3,31.4,86.7,93.9,83.6,97.9,6.1,2.1,16.4,2.6,0.7,8.7,0.0,0.0,0.0
2023,zone,Lualaba,Kanzenze,147,49.4,40.5,58.3,50.3,40.0,60.5,100.0,100.0,100.0,0.0,0.0,0.0,6.3,2.7,14.2,7.7,3.0,18.5
2023,zone,Lualaba,Kapanga,179,68.8,47.4,84.3,69.9,48.3,85.3,97.4,92.3,99.1,2.6,0.9,7.7,2.2,0.2,18.3,1.2,0.3,5.3
2023,zone,Lualaba,Kasaji,182,45.5,25.9,66.6,45.5,25.9,66.6,98.4,84.4,99.9,1.6,0.1,15.6,11.9,5.5,23.8,5.5,2.3,12.5
2023,zone,Lualaba,Lualaba,150,32.8,22.8,44.6,32.8,22.8,44.6,100.0,100.0,100.0,0.0,0.0,0.0,6.8,2.9,15.1,7.6,3.2,17.1
2023,zone,Lualaba,Lubudi,152,61.0,30.1,85.0,61.0,30.1,85.0,100.0,100.0,100.0,0.0,0.0,0.0,13.6,5.9,28.3,6.5,1.8,20.9
2023,zone,Lualaba,Manika,154,59.9,40.6,76.5,59.9,40.6,76.5,97.6,91.5,99.4,2.4,0.6,8.5,42.9,19.6,69.9,29.7,12.5,55.5
2023,zone,Lualaba,Mutshatsha,150,38.1,33.8,42.7,38.1,33.8,42.7,98.0,94.6,99.3,2.0,0.7,5.4,2.0,0.2,20.5,0.0,0.0,0.0
2023,zone,Lualaba,Sandoa,181,23.7,10.2,45.9,28.8,14.0,50.2,97.3,89.4,99.4,2.7,0.6,10.6,1.2,0.3,4.8,1.6,0.4,6.4
2023,zone,Maindombe,Banzow Moke,150,25.7,19.1,33.7,25.7,19.1,33.7,98.0,89.0,99.7,2.0,0.3,11.0,12.0,7.6,18.6,10.6,4.1,24.8
2023,zone,Maindombe,Bokoro,179,36.5,21.3,54.9,37.5,22.8,55.1,99.5,94.2,100.0,0.5,0.0,5.8,8.1,4.0,15.7,5.4,0.9,26.3
2023,zone,Maindombe,Bolobo,183,27.2,16.4,41.6,27.2,16.4,41.6,98.9,92.8,99.8,1.1,0.2,7.2,3.3,0.5,20.0,4.3,0.6,25.6
2023,zone,Maindombe,Bosobe,148,28.0,11.2,54.4,28.0,11.2,54.4,98.8,85.7,99.9,1.2,0.1,14.3,4.0,1.1,13.7,0.6,0.0,7.6
2023,zone,Maindombe,Inongo,235,46.5,30.6,63.3,46.5,30.6,63.3,92.6,86.2,96.1,7.4,3.9,13.8,20.8,11.6,34.4,16.2,10.4,24.3
2023,zone,Maindombe,Kiri,177,32.1,17.0,52.3,32.1,17.0,52.3,93.7,80.6,98.2,6.3,1.8,19.4,19.4,12.9,28.2,12.5,9.6,16.2
2023,zone,Maindombe,Kwamouth,150,29.6,18.6,43.5,29.6,18.6,43.5,100.0,100.0,100.0,0.0,0.0,0.0,5.5,3.0,9.8,4.7,1.3,15.7
2023,zone,Maindombe,Mimia,155,21.7,10.8,39.0,23.8,12.2,41.3,97.0,88.2,99.3,3.0,0.7,11.8,6.9,1.4,27.6,0.7,0.1,7.9
2023,zone,Maindombe,Mushie,152,28.1,10.6,56.2,28.1,10.6,56.2,100.0,100.0,100.0,0.0,0.0,0.0,3.3,1.7,6.3,3.1,1.8,5.3
2023,zone,Maindombe,Nioki,177,29.9,20.7,41.1,29.9,20.7,41.1,98.9,94.2,99.8,1.1,0.2,5.8,2.4,0.5,10.3,0.6,0.1,6.2
2023,zone,Maindombe,Ntandembelo,150,63.3,49.5,75.2,63.3,49.5,75.2,99.1,91.4,99.9,0.9,0.1,8.6,15.4,9.4,24.2,15.8,10.1,24.0
2023,zone,Maindombe,Oshwe,212,39.4,24.5,56.7,39.4,24.5,56.7,93.7,83.4,97.8,6.3,2.2,16.6,13.3,8.5,20.2,1.8,0.6,5.3
2023,zone,Maindombe,Pendjwa,149,27.5,18.3,39.2,27.5,18.3,39.2,96.0,82.7,99.2,4.0,0.8,17.3,16.1,7.7,30.5,13.4,7.8,22.2
2023,zone,Maindombe,Yumbi,149,28.2,9.7,59.2,28.2,9.7,59.2,99.5,93.2,100.0,0.5,0.0,6.8,2.9,1.3,6.4,6.4,3.0,13.1
2023,zone,Maniema,Alunguli,155,29.8,20.7,40.8,29.8,20.7,40.8,96.8,89.9,99.1,3.2,0.9,10.1,8.8,4.7,16.1,11.3,5.8,20.8
2023,zone,Maniema,Ferekeni,159,10.2,4.9,19.7,10.2,4.9,19.7,96.5,91.5,98.6,3.5,1.4,8.5,11.4,2.6,38.4,8.7,1.6,36.1
2023,zone,Maniema,Kabambare,155,8.6,3.5,20.0,8.6,3.5,20.0,97.9,90.5,99.6,2.1,0.4,9.5,3.4,1.7,6.6,2.0,0.4,10.2
2023,zone,Maniema,Kailo,156,17.2,9.6,28.9,17.2,9.6,28.9,100.0,100.0,100.0,0.0,0.0,0.0,4.7,1.8,12.0,4.2,2.3,7.8
2023,zone,Maniema,Kalima,152,41.5,25.1,60.1,41.5,25.1,60.1,99.5,92.9,100.0,0.5,0.0,7.1,3.9,1.8,8.1,5.5,1.7,16.4
2023,zone,Maniema,Kampene,154,31.0,17.0,49.8,31.7,17.8,49.9,99.3,92.2,99.9,0.7,0.1,7.8,6.0,2.5,13.9,2.0,0.4,9.9
2023,zone,Maniema,Kasongo,165,18.2,8.0,36.4,18.2,8.0,36.4,98.4,90.3,99.7,1.6,0.3,9.7,3.4,0.9,11.6,4.2,0.9,16.6
2023,zone,Maniema,Kibombo,157,18.9,11.1,30.3,20.0,13.2,29.1,96.9,93.5,98.6,3.1,1.4,6.5,1.9,0.6,5.4,1.2,0.2,5.8
2023,zone,Maniema,Kindu,150,38.6,26.1,52.8,39.3,28.1,51.8,98.8,94.1,99.8,1.2,0.2,5.9,28.7,21.5,37.1,22.5,16.8,29.4
2023,zone,Maniema,Kunda,218,13.4,6.9,24.5,13.4,6.9,24.5,95.7,91.3,97.9,4.3,2.1,8.7,3.3,1.4,7.7,3.3,1.4,7.7
2023,zone,Maniema,Lubutu,153,21.9,10.6,39.8,21.9,10.6,39.8,98.3,94.3,99.5,1.7,0.5,5.7,14.8,7.3,27.6,6.7,4.9,9.3
2023,zone,Maniema,Lusangi,164,14.7,6.6,29.9,14.7,6.6,29.9,100.0,100.0,100.0,0.0,0.0,0.0,2.1,0.4,10.3,3.7,0.6,21.2
2023,zone,Maniema,Obokote,151,32.8,22.8,44.8,33.7,24.9,43.7,97.0,91.5,99.0,3.0,1.0,8.5,10.6,5.2,20.4,8.5,4.4,15.8
2023,zone,Maniema,Pangi,158,28.7,20.1,39.2,28.7,20.1,39.2,99.3,92.6,99.9,0.7,0.1,7.4,2.5,1.3,4.9,0.6,0.0,7.4
2023,zone,Maniema,Punia,150,18.5,10.2,31.2,18.5,10.2,31.2,100.0,100.0,100.0,0.0,0.0,0.0,4.0,1.8,8.5,2.3,1.0,5.3
2023,zone,Maniema,Samba,158,25.3,13.6,42.2,28.0,16.6,43.1,98.6,94.4,99.6,1.4,0.4,5.6,5.6,2.0,15.1,5.9,1.8,18.2
2023,zone,Maniema,Saramabila,158,10.6,5.9,18.4,10.6,5.9,18.4,100.0,100.0,100.0,0.0,0.0,0.0,3.8,1.4,9.9,5.2,0.9,25.3
2023,zone,Maniema,Tunda,156,17.8,6.5,40.3,19.6,8.1,40.1,99.5,93.4,100.0,0.5,0.0,6.6,0.0,0.0,0.0,0.0,0.0,0.0
2023,zone,Mongala,Binga,201,36.8,23.8,52.2,36.8,23.8,52.2,96.1,93.6,97.7,3.9,2.3,6.4,1.3,0.3,5.7,0.0,0.0,0.0
2023,zone,Mongala,Bongandanga,178,38.5,19.3,62.2,38.5,19.3,62.2,97.7,92.2,99.4,2.3,0.6,7.8,0.0,0.0,0.0,0.0,0.0,0.0
2023,zone,Mongala,Boso Manzi,148,36.6,23.9,51.6,36.6,23.9,51.6,96.5,80.7,99.5,3.5,0.5,19.3,0.0,0.0,0.0,0.0,0.0,0.0
2023,zone,Mongala,Boso Mondanda,152,47.2,31.8,63.2,47.2,31.8,63.2,97.5,91.4,99.3,2.5,0.7,8.6,0.0,0.0,0.0,0.0,0.0,0.0
2023,zone,Mongala,Bosondjo,175,14.1,7.4,25.3,14.1,7.4,25.3,100.0,100.0,100.0,0.0,0.0,0.0,0.6,0.1,5.9,0.0,0.0,0.0
2023,zone,Mongala,Bumba,154,53.9,34.1,72.5,54.6,35.0,72.8,100.0,100.0,100.0,0.0,0.0,0.0,6.3,1.1,29.2,4.4,0.8,21.6
2023,zone,Mongala,Lisala,236,28.3,15.4,46.1,29.3,15.6,48.2,96.8,90.3,99.0,3.2,1.0,9.7,11.1,4.8,23.8,3.5,1.0,11.9
2023,zone,Mongala,Lolo,150,36.6,24.9,50.2,37.3,25.7,50.5,100.0,100.0,100.0,0.0,0.0,0.0,0.0,0.0,0.0,0.0,0.0,0.0
2023,zone,Mongala,Pimu,184,41.9,26.5,59.0,41.9,26.5,59.0,96.2,91.0,98.5,3.8,1.5,9.0,0.0,0.0,0.0,0.3,0.0,3.9
2023,zone,Mongala,Yamaluka,148,8.4,1.5,35.8,9.6,2.3,32.0,99.2,91.8,99.9,0.8,0.1,8.2,4.9,3.2,7.4,1.0,0.1,9.9
2023,zone,Mongala,Yambuku,269,15.8,9.6,24.9,16.4,10.4,24.9,99.5,97.4,99.9,0.5,0.1,2.6,0.0,0.0,0.0,0.0,0.0,0.0
2023,zone,Mongala,Yamongili,152,23.4,10.7,43.9,23.4,10.7,43.9,100.0,100.0,100.0,0.0,0.0,0.0,6.1,1.8,19.0,1.3,0.2,9.1
2023,zone,Nord Kivu,Alimbongo,150,93.3,86.8,96.7,93.3,86.8,96.7,99.5,93.1,100.0,0.5,0.0,6.9,95.8,80.0,99.2,80.5,59.5,92.0
2023,zone,Nord Kivu,Beni,152,87.3,76.6,93.5,89.7,76.9,95.8,96.1,91.0,98.3,3.9,1.7,9.0,84.8,72.3,92.3,56.9,40.8,71.7
2023,zone,Nord Kivu,Biena,151,93.3,57.5,99.3,93.3,57.5,99.3,100.0,100.0,100.0,0.0,0.0,0.0,79.6,61.5,90.5,66.3,46.3,81.8
2023,zone,Nord Kivu,Butembo,150,89.4,64.1,97.5,89.4,64.1,97.5,94.7,92.4,96.4,5.3,3.6,7.6,92.1,85.4,95.9,83.8,73.1,90.8
2023,zone,Nord Kivu,Goma,151,97.3,87.0,99.5,97.3,87.0,99.5,100.0,100.0,100.0,0.0,0.0,0.0,97.7,91.4,99.4,61.8,50.1,72.4
2023,zone,Nord Kivu,Itebero,210,96.3,92.7,98.2,97.2,91.7,99.1,99.4,94.7,99.9,0.6,0.1,5.3,42.1,30.6,54.6,36.5,22.1,53.8
2023,zone,Nord Kivu,Kalunguta,149,100.0,100.0,100.0,100.0,100.0,100.0,100.0,100.0,100.0,0.0,0.0,0.0,88.3,80.7,93.1,70.6,65.6,75.3
2023,zone,Nord Kivu,Kamango,156,90.5,68.1,97.7,90.5,68.1,97.7,92.7,86.5,96.2,7.3,3.8,13.5,99.0,91.5,99.9,34.6,30.7,38.8
2023,zone,Nord Kivu,Karisimbi,151,91.7,75.9,97.5,91.7,75.9,97.5,99.6,93.7,100.0,0.4,0.0,6.3,83.5,65.9,93.0,68.5,58.4,77.1
2023,zone,Nord Kivu,Katwa,151,97.3,95.0,98.6,97.3,95.0,98.6,98.1,94.4,99.4,1.9,0.6,5.6,98.7,94.0,99.7,91.3,84.1,95.4
2023,zone,Nord Kivu,Kayna,182,81.6,73.4,87.8,82.3,74.6,88.1,100.0,100.0,100.0,0.0,0.0,0.0,96.5,89.0,99.0,80.3,71.1,87.1
2023,zone,Nord Kivu,Kibua,150,100.0,100.0,100.0,100.0,100.0,100.0,99.3,92.3,99.9,0.7,0.1,7.7,57.5,43.8,70.1,53.8,38.6,68.3
2023,zone,Nord Kivu,Kirotshe,150,96.4,88.6,98.9,97.1,92.3,98.9,100.0,100.0,100.0,0.0,0.0,0.0,95.4,82.5,98.9,52.7,37.3,67.6
2023,zone,Nord Kivu,Kyondo,180,84.4,78.8,88.7,93.1,83.0,97.4,98.6,95.1,99.6,1.4,0.4,4.9,91.5,84.1,95.7,73.9,65.0,81.2
2023,zone,Nord Kivu,Lubero,147,87.2,82.2,91.0,87.2,82.2,91.0,100.0,100.0,100.0,0.0,0.0,0.0,93.9,91.7,95.6,75.2,59.2,86.4
2023,zone,Nord Kivu,Mabalako,156,95.9,72.3,99.5,96.2,71.7,99.6,95.7,92.7,97.6,4.3,2.4,7.3,98.5,93.6,99.7,34.1,16.7,57.1
2023,zone,Nord Kivu,Manguredjipa,151,100.0,100.0,100.0,100.0,100.0,100.0,100.0,100.0,100.0,0.0,0.0,0.0,95.0,91.1,97.3,83.2,72.9,90.1
2023,zone,Nord Kivu,Masereka,150,91.6,79.4,96.9,97.2,89.7,99.3,99.2,91.5,99.9,0.8,0.1,8.5,91.5,76.2,97.3,68.1,50.5,81.6
2023,zone,Nord Kivu,Masisi,181,92.3,77.3,97.7,92.3,77.3,97.7,100.0,100.0,100.0,0.0,0.0,0.0,79.7,68.1,87.8,42.8,19.1,70.3
2023,zone,Nord Kivu,Musienene,149,94.5,85.2,98.1,94.5,85.2,98.1,99.1,90.9,99.9,0.9,0.1,9.1,93.7,82.0,98.0,43.6,15.4,76.5
2023,zone,Nord Kivu,Mutwanga,150,85.8,68.9,94.3,85.8,68.9,94.3,93.9,88.8,96.8,6.1,3.2,11.2,80.0,58.4,91.9,37.0,32.7,41.5
2023,zone,Nord Kivu,Nyiragongo,149,91.6,74.5,97.6,95.9,57.2,99.8,100.0,100.0,100.0,0.0,0.0,0.0,78.6,57.8,90.8,49.6,38.4,60.8
2023,zone,Nord Kivu,Oicha,189,95.5,88.1,98.4,95.5,88.1,98.4,88.9,81.2,93.7,11.1,6.3,18.8,74.7,60.7,84.9,46.5,33.4,60.1
2023,zone,Nord Kivu,Pinga,149,81.3,65.6,90.8,81.3,65.6,90.8,100.0,100.0,100.0,0.0,0.0,0.0,72.8,65.1,79.4,23.1,16.9,30.9
2023,zone,Nord Kivu,Rutshuru,150,99.1,94.1,99.9,99.5,92.9,100.0,100.0,100.0,100.0,0.0,0.0,0.0,98.7,91.4,99.8,64.6,51.3,75.9
2023,zone,Nord Kivu,Rwanguba,151,97.9,83.3,99.8,97.9,83.3,99.8,100.0,100.0,100.0,0.0,0.0,0.0,98.3,93.4,99.6,60.3,51.7,68.2
2023,zone,Nord Kivu,Vuhovi,150,93.8,85.7,97.4,96.2,89.1,98.7,98.2,93.5,99.5,1.8,0.5,6.5,91.1,82.1,95.8,73.5,66.0,79.9
2023,zone,Nord Kivu,Walikale,150,98.0,88.4,99.7,98.6,84.4,99.9,100.0,100.0,100.0,0.0,0.0,0.0,52.2,47.7,56.6,45.0,43.3,46.8
2023,zone,Nord Ubangi,Abuzi,149,93.8,89.3,96.4,93.8,89.3,96.4,99.1,90.7,99.9,0.9,0.1,9.3,0.3,0.0,5.4,1.2,0.2,7.6
2023,zone,Nord Ubangi,Bili,149,100.0,100.0,100.0,100.0,100.0,100.0,100.0,100.0,100.0,0.0,0.0,0.0,26.6,23.9,29.4,4.1,0.8,18.1
2023,zone,Nord Ubangi,Bosobolo,148,100.0,100.0,100.0,100.0,100.0,100.0,100.0,100.0,100.0,0.0,0.0,0.0,26.9,25.9,27.9,12.2,5.2,25.9
2023,zone,Nord Ubangi,Businga,148,98.2,93.8,99.5,98.2,93.8,99.5,86.2,81.2,90.0,13.8,10.0,18.8,1.7,0.5,6.0,8.0,2.1,26.5
2023,zone,Nord Ubangi,Gbadolite,151,95.7,89.0,98.4,96.3,89.9,98.7,97.1,88.6,99.3,2.9,0.7,11.4,29.7,15.4,49.4,31.7,14.6,55.8
2023,zone,Nord Ubangi,Karawa,180,95.7,91.9,97.8,97.5,94.6,98.9,91.4,79.7,96.6,8.6,3.4,20.3,1.4,0.2,11.3,6.0,1.8,17.9
2023,zone,Nord Ubangi,Loko,148,93.5,80.0,98.1,95.0,76.2,99.1,98.9,86.4,99.9,1.1,0.1,13.6,6.5,1.4,25.2,10.2,6.0,16.8
2023,zone,Nord Ubangi,Mobayi Mbongo,149,98.8,93.7,99.8,100.0,100.0,100.0,100.0,100.0,100.0,0.0,0.0,0.0,33.9,28.4,39.9,24.7,14.9,38.1
2023,zone,Nord Ubangi,Wapinda,151,98.9,86.8,99.9,98.9,86.8,99.9,100.0,100.0,100.0,0.0,0.0,0.0,1.6,0.1,15.5,1.6,0.4,5.9
2023,zone,Nord Ubangi,Wasolo,148,92.4,78.1,97.6,92.4,78.1,97.6,100.0,100.0,100.0,0.0,0.0,0.0,2.2,0.4,11.5,0.7,0.1,8.3
2023,zone,Nord Ubangi,Yakoma,152,88.7,78.9,94.3,88.7,78.9,94.3,98.1,90.9,99.6,1.9,0.4,9.1,21.8,19.1,24.9,2.7,0.6,10.8
2023,zone,Sankuru,Bena Dibele,150,19.1,11.4,30.1,19.1,11.4,30.1,98.9,91.4,99.9,1.1,0.1,8.6,2.8,0.6,12.0,4.5,1.1,17.0
2023,zone,Sankuru,Dikungu,151,13.4,2.0,54.3,13.4,2.0,54.3,94.4,86.5,97.8,5.6,2.2,13.5,2.0,0.7,5.6,0.5,0.0,7.0
2023,zone,Sankuru,Djalo Ndjeka,179,19.5,8.5,38.7,19.5,8.5,38.7,99.3,93.2,99.9,0.7,0.1,6.8,9.2,4.2,19.1,3.0,0.4,19.9
2023,zone,Sankuru,Katako Kombe,158,27.4,6.4,67.4,27.4,6.4,67.4,91.9,88.7,94.2,8.1,5.8,11.3,8.2,1.8,30.7,7.8,2.6,21.2
2023,zone,Sankuru,Kole,147,23.9,11.3,43.7,23.9,11.3,43.7,98.9,93.8,99.8,1.1,0.2,6.2,0.7,0.1,8.7,0.6,0.0,7.6
2023,zone,Sankuru,Lodja,168,30.0,17.1,47.2,31.1,17.9,48.3,96.8,91.8,98.8,3.2,1.2,8.2,12.1,3.1,36.7,7.1,1.6,26.7
2023,zone,Sankuru,Lomela,176,38.0,11.7,74.0,38.0,11.7,74.0,99.4,93.2,99.9,0.6,0.1,6.8,7.5,3.1,17.2,1.1,0.2,5.0
2023,zone,Sankuru,Lusambo,152,46.8,23.7,71.4,46.8,23.7,71.4,94.9,87.4,98.1,5.1,1.9,12.6,0.0,0.0,0.0,0.0,0.0,0.0
2023,zone,Sankuru,Minga,159,34.0,16.1,58.1,34.0,16.1,58.1,97.1,89.9,99.2,2.9,0.8,10.1,0.5,0.0,7.0,0.5,0.0,7.0
2023,zone,Sankuru,Omendjadi,175,17.0,5.5,41.8,17.0,5.5,41.8,98.8,94.6,99.8,1.2,0.2,5.4,4.7,1.3,15.4,0.6,0.0,6.9
2023,zone,Sankuru,Ototo,150,20.6,8.9,40.8,20.6,8.9,40.8,98.6,94.1,99.7,1.4,0.3,5.9,0.0,0.0,0.0,0.7,0.1,7.6
2023,zone,Sankuru,Pania Mutombo,160,31.3,12.8,58.8,31.3,12.8,58.8,98.0,89.3,99.7,2.0,0.3,10.7,2.6,0.8,8.6,1.9,0.7,5.2
2023,zone,Sankuru,Tshudi Loto,151,21.3,10.3,39.1,21.3,10.3,39.1,98.1,89.5,99.7,1.9,0.3,10.5,0.0,0.0,0.0,0.7,0.1,7.7
2023,zone,Sankuru,Tshumbe,153,11.6,7.1,18.3,11.6,7.1,18.3,99.3,93.8,99.9,0.7,0.1,6.2,1.6,0.4,7.1,0.0,0.0,0.0
2023,zone,Sankuru,Vanga Kete,157,11.7,4.1,29.0,11.7,4.1,29.0,99.3,92.3,99.9,0.7,0.1,7.7,3.5,0.7,15.1,0.0,0.0,0.0
2023,zone,Sankuru,Wembo Nyama,155,26.3,15.0,41.8,26.3,15.0,41.8,100.0,100.0,100.0,0.0,0.0,0.0,0.0,0.0,0.0,0.6,0.0,7.0
2023,zone,Sud Kivu,Bagira,151,91.9,77.9,97.3,91.9,77.9,97.3,98.2,90.8,99.7,1.8,0.3,9.2,88.0,80.6,92.8,80.6,59.6,92.1
2023,zone,Sud Kivu,Bunyakiri,183,95.9,91.3,98.1,95.9,91.3,98.1,98.7,90.0,99.8,1.3,0.2,10.0,81.9,60.7,93.0,49.8,35.0,64.7
2023,zone,Sud Kivu,Fizi,210,62.0,49.1,73.4,62.0,49.1,73.4,98.5,90.1,99.8,1.5,0.2,9.9,88.4,76.0,94.8,84.8,69.4,93.2
2023,zone,Sud Kivu,Haut Plateau,196,80.8,70.5,88.1,80.8,70.5,88.1,100.0,100.0,100.0,0.0,0.0,0.0,61.2,54.1,67.9,13.1,8.6,19.5
2023,zone,Sud Kivu,Ibanda,154,85.8,75.0,92.4,85.8,75.0,92.4,97.2,94.0,98.7,2.8,1.3,6.0,88.8,73.6,95.8,88.3,75.8,94.8
2023,zone,Sud Kivu,Idjwi,167,84.6,77.5,89.8,84.6,77.5,89.8,99.4,93.4,100.0,0.6,0.0,6.6,87.8,76.6,94.0,89.5,65.9,97.4
2023,zone,Sud Kivu,Itombwe,165,96.0,84.9,99.0,96.0,84.9,99.0,100.0,100.0,100.0,0.0,0.0,0.0,77.8,71.1,83.3,59.5,53.1,65.6
2023,zone,Sud Kivu,Kabare,160,89.1,82.3,93.5,89.1,82.3,93.5,100.0,100.0,100.0,0.0,0.0,0.0,83.1,73.4,89.7,76.8,62.2,86.9
2023,zone,Sud Kivu,Kadutu,152,74.6,60.7,84.8,75.6,62.5,85.3,96.9,93.2,98.6,3.1,1.4,6.8,88.4,81.1,93.1,74.3,55.8,86.9
2023,zone,Sud Kivu,Kalehe,153,91.3,55.0,98.9,91.3,55.0,98.9,97.2,89.5,99.3,2.8,0.7,10.5,91.5,80.9,96.5,83.2,77.9,87.4
2023,zone,Sud Kivu,Kalole,211,69.5,61.9,76.2,69.5,61.9,76.2,100.0,100.0,100.0,0.0,0.0,0.0,59.6,46.4,71.6,24.8,15.8,36.7
2023,zone,Sud Kivu,Kalonge,150,98.8,91.8,99.8,98.8,91.8,99.8,98.2,94.2,99.5,1.8,0.5,5.8,86.5,77.0,92.4,50.9,44.9,56.8
2023,zone,Sud Kivu,Kamituga,183,86.3,77.6,92.0,86.3,77.6,92.0,100.0,100.0,100.0,0.0,0.0,0.0,71.1,66.5,75.3,65.4,58.3,71.8
2023,zone,Sud Kivu,Kaniola,176,92.4,71.8,98.3,92.4,71.8,98.3,98.6,91.7,99.8,1.4,0.2,8.3,53.2,43.4,62.7,42.3,26.8,59.4
2023,zone,Sud Kivu,Katana,154,98.8,94.2,99.8,98.8,94.2,99.8,98.0,89.2,99.7,2.0,0.3,10.8,77.0,55.2,90.1,59.2,30.1,83.0
2023,zone,Sud Kivu,Kaziba,149,74.5,54.3,87.8,74.5,54.3,87.8,100.0,100.0,100.0,0.0,0.0,0.0,90.2,78.1,96.0,96.4,81.6,99.4
2023,zone,Sud Kivu,Kimbi Lulenge,185,29.8,19.4,42.8,29.8,19.4,42.8,99.3,93.5,99.9,0.7,0.1,6.5,37.8,21.7,57.2,36.8,27.1,47.7
2023,zone,Sud Kivu,Kitutu,151,61.4,28.3,86.5,61.4,28.3,86.5,100.0,100.0,100.0,0.0,0.0,0.0,75.2,59.8,86.0,53.6,47.5,59.6
2023,zone,Sud Kivu,Lemera,207,88.4,80.4,93.4,88.4,80.4,93.4,99.7,95.8,100.0,0.3,0.0,4.2,81.5,71.8,88.4,53.2,40.7,65.3
2023,zone,Sud Kivu,Lulingu,156,85.9,75.3,92.4,85.9,75.3,92.4,96.5,93.7,98.1,3.5,1.9,6.3,68.6,56.6,78.5,48.9,39.1,58.9
2023,zone,Sud Kivu,Minembwe,173,98.8,86.6,99.9,98.8,86.6,99.9,99.6,93.8,100.0,0.4,0.0,6.2,67.4,63.7,71.0,53.6,49.6,57.6
2023,zone,Sud Kivu,Minova,168,97.6,95.0,98.9,97.6,95.0,98.9,96.9,91.4,98.9,3.1,1.1,8.6,87.9,83.6,91.2,74.4,63.5,82.9
2023,zone,Sud Kivu,Miti Murhesa,151,88.5,83.8,92.0,91.2,87.9,93.7,99.5,89.5,100.0,0.5,0.0,10.5,79.5,72.2,85.3,66.5,59.0,73.2
2023,zone,Sud Kivu,Mubumbano,166,92.4,67.4,98.6,92.4,67.4,98.6,98.7,94.7,99.7,1.3,0.3,5.3,59.0,51.9,65.8,54.5,44.7,64.0
2023,zone,Sud Kivu,Mulungu,166,58.1,55.3,60.9,58.1,55.3,60.9,99.4,93.2,100.0,0.6,0.0,6.8,40.6,33.1,48.5,31.8,22.3,43.0
2023,zone,Sud Kivu,Mwana,172,91.7,85.1,95.5,92.7,88.0,95.6,98.5,94.7,99.6,1.5,0.4,5.3,65.8,59.8,71.3,61.6,55.5,67.4
2023,zone,Sud Kivu,Mwenga,153,64.9,55.4,73.3,64.9,55.4,73.3,100.0,100.0,100.0,0.0,0.0,0.0,60.3,47.7,71.7,49.3,41.9,56.8
2023,zone,Sud Kivu,Nundu,156,54.4,52.2,56.6,54.4,52.2,56.6,97.0,82.2,99.5,3.0,0.5,17.8,59.5,53.6,65.1,40.2,24.9,57.7
2023,zone,Sud Kivu,Nyangezi,155,80.7,65.3,90.2,80.7,65.3,90.2,98.5,92.3,99.7,1.5,0.3,7.7,81.2,73.9,86.8,74.2,61.8,83.6
2023,zone,Sud Kivu,Nyantende,154,82.0,74.1,87.9,82.0,74.1,87.9,99.1,92.8,99.9,0.9,0.1,7.2,85.8,83.9,87.5,87.3,82.5,90.9
2023,zone,Sud Kivu,Ruzizi,187,57.8,39.0,74.6,58.4,40.6,74.4,98.9,94.9,99.8,1.1,0.2,5.1,79.4,68.6,87.1,65.9,54.1,76.1
2023,zone,Sud Kivu,Shabunda,208,88.5,81.5,93.1,88.5,81.5,93.1,100.0,100.0,100.0,0.0,0.0,0.0,64.7,46.4,79.5,34.1,19.4,52.8
2023,zone,Sud Kivu,Uvira,177,85.4,67.9,94.2,86.0,67.7,94.7,99.4,93.3,100.0,0.6,0.0,6.7,85.6,73.9,92.6,76.3,66.2,84.1
2023,zone,Sud Kivu,Walungu,210,98.2,94.7,99.4,98.2,94.7,99.4,99.8,96.9,100.0,0.2,0.0,3.1,79.2,77.5,80.9,71.2,66.9,75.2
2023,zone,Sud Ubangi,Bangabola,153,40.2,25.7,56.7,40.2,25.7,56.7,99.3,92.6,99.9,0.7,0.1,7.4,13.9,10.6,18.1,3.1,1.3,7.6
2023,zone,Sud Ubangi,Bogosenubea,153,97.9,78.5,99.8,97.9,78.5,99.8,99.1,91.6,99.9,0.9,0.1,8.4,4.0,0.9,15.7,6.0,1.1,27.4
2023,zone,Sud Ubangi,Bokonzi,188,69.8,50.8,83.8,70.2,51.0,84.2,98.7,95.3,99.7,1.3,0.3,4.7,18.3,10.9,29.1,18.8,11.8,28.6
2023,zone,Sud Ubangi,Bominenge,149,98.1,90.0,99.7,98.1,90.0,99.7,98.7,94.0,99.7,1.3,0.3,6.0,2.3,0.5,10.0,2.1,0.4,11.1
2023,zone,Sud Ubangi,Boto,149,88.0,71.4,95.6,88.0,71.4,95.6,100.0,100.0,100.0,0.0,0.0,0.0,41.9,23.9,62.3,25.5,15.6,38.9
2023,zone,Sud Ubangi,Budjala,153,76.5,46.2,92.5,76.5,46.2,92.5,99.8,95.7,100.0,0.2,0.0,4.3,22.5,6.1,56.2,4.0,0.8,17.4
2023,zone,Sud Ubangi,Bulu,152,84.0,72.9,91.2,84.0,72.9,91.2,100.0,100.0,100.0,0.0,0.0,0.0,22.0,16.1,29.3,2.1,0.4,10.9
2023,zone,Sud Ubangi,Bwamanda,150,100.0,100.0,100.0,100.0,100.0,100.0,95.5,88.8,98.3,4.5,1.7,11.2,4.9,2.1,11.0,7.4,1.7,27.2
2023,zone,Sud Ubangi,Gemena,209,82.7,63.7,92.9,85.3,66.1,94.5,96.7,92.8,98.6,3.3,1.4,7.2,37.3,15.5,65.9,33.2,13.2,61.9
2023,zone,Sud Ubangi,Kungu,206,45.9,25.3,68.0,45.9,25.3,68.0,98.3,85.9,99.8,1.7,0.2,14.1,9.4,4.9,17.1,9.2,4.4,18.2
2023,zone,Sud Ubangi,Libenge,151,88.0,33.1,99.1,88.8,35.5,99.1,96.3,86.7,99.1,3.7,0.9,13.3,3.4,1.5,7.3,3.9,0.8,17.0
2023,zone,Sud Ubangi,Mawuya,160,95.3,87.2,98.4,95.3,87.2,98.4,91.8,83.7,96.1,8.2,3.9,16.3,6.9,2.8,15.9,9.1,5.2,15.6
2023,zone,Sud Ubangi,Mbaya,151,86.5,70.8,94.4,87.7,76.0,94.2,100.0,100.0,100.0,0.0,0.0,0.0,1.5,0.3,6.3,4.6,1.2,16.0
2023,zone,Sud Ubangi,Ndage,152,72.6,52.3,86.5,76.7,49.9,91.6,98.6,91.7,99.8,1.4,0.2,8.3,12.6,5.9,25.0,3.9,1.3,10.9
2023,zone,Sud Ubangi,Tandala,178,81.5,56.9,93.6,81.5,56.9,93.6,100.0,100.0,100.0,0.0,0.0,0.0,22.1,16.9,28.3,0.6,0.1,6.0
2023,zone,Sud Ubangi,Zongo,151,100.0,100.0,100.0,100.0,100.0,100.0,97.7,77.5,99.8,2.3,0.2,22.5,20.8,9.2,40.4,24.2,10.9,45.5
2023,zone,Tanganyika,Ankoro,174,100.0,100.0,100.0,100.0,100.0,100.0,100.0,100.0,100.0,0.0,0.0,0.0,43.0,32.8,53.9,38.0,24.5,53.7
2023,zone,Tanganyika,Kabalo,179,100.0,100.0,100.0,100.0,100.0,100.0,99.6,95.5,100.0,0.4,0.0,4.5,56.8,52.7,60.9,18.9,13.6,25.7
2023,zone,Tanganyika,Kalemie,188,87.9,71.9,95.4,87.9,71.9,95.4,97.0,81.2,99.6,3.0,0.4,18.8,58.7,44.5,71.7,48.6,37.3,60.1
2023,zone,Tanganyika,Kansimba,155,59.7,46.2,71.9,59.7,46.2,71.9,95.9,90.7,98.2,4.1,1.8,9.3,9.8,5.4,17.1,8.4,3.0,21.1
2023,zone,Tanganyika,Kiambi,172,99.0,89.2,99.9,99.0,89.2,99.9,97.7,93.1,99.2,2.3,0.8,6.9,25.0,16.6,35.8,20.1,8.3,41.1
2023,zone,Tanganyika,Kongolo,180,100.0,100.0,100.0,100.0,100.0,100.0,100.0,100.0,100.0,0.0,0.0,0.0,52.8,48.3,57.2,32.3,17.7,51.5
2023,zone,Tanganyika,Manono,168,100.0,100.0,100.0,100.0,100.0,100.0,100.0,100.0,100.0,0.0,0.0,0.0,46.4,40.3,52.6,42.2,29.4,56.2
2023,zone,Tanganyika,Mbulula,148,100.0,100.0,100.0,100.0,100.0,100.0,100.0,100.0,100.0,0.0,0.0,0.0,57.5,52.8,62.1,21.3,16.1,27.7
2023,zone,Tanganyika,Moba,187,61.0,43.1,76.4,61.0,43.1,76.4,97.5,90.5,99.4,2.5,0.6,9.5,22.9,14.2,34.6,21.4,15.8,28.3
2023,zone,Tanganyika,Nyemba,159,94.4,87.0,97.7,97.0,82.5,99.6,98.8,92.7,99.8,1.2,0.2,7.3,46.5,33.4,60.1,31.6,19.4,47.0
2023,zone,Tanganyika,Nyunzu,191,37.8,28.7,47.8,38.5,28.9,49.1,96.1,89.1,98.7,3.9,1.3,10.9,27.8,17.6,41.1,31.7,16.5,52.3
2023,zone,Tshopo,Bafwagbogbo,150,48.4,27.4,70.0,49.4,28.5,70.5,96.3,88.0,98.9,3.7,1.1,12.0,11.5,3.7,30.6,1.9,0.4,8.1
2023,zone,Tshopo,Bafwasende,156,34.6,23.3,47.8,34.6,23.3,47.8,95.2,92.1,97.2,4.8,2.8,7.9,4.9,2.0,11.4,2.4,0.9,6.2
2023,zone,Tshopo,Banalia,152,42.1,22.9,64.0,42.1,22.9,64.0,96.5,90.5,98.8,3.5,1.2,9.5,10.4,4.8,21.4,7.0,3.1,15.0
2023,zone,Tshopo,Basali,151,31.2,20.2,45.0,31.2,20.2,45.0,100.0,100.0,100.0,0.0,0.0,0.0,1.0,0.1,12.9,2.6,0.2,28.1
2023,zone,Tshopo,Basoko,154,48.3,35.6,61.2,48.3,35.6,61.2,100.0,100.0,100.0,0.0,0.0,0.0,12.7,4.8,29.6,4.8,0.8,23.1
2023,zone,Tshopo,Bengamisa,149,24.0,14.3,37.5,24.0,14.3,37.5,97.7,88.3,99.6,2.3,0.4,11.7,14.7,7.8,26.0,6.0,2.2,15.1
2023,zone,Tshopo,Isangi,185,48.3,35.7,61.1,48.3,35.7,61.1,98.6,95.4,99.6,1.4,0.4,4.6,11.5,5.1,23.8,0.4,0.0,4.9
2023,zone,Tshopo,Kabondo,148,55.9,45.6,65.7,58.4,48.2,67.9,93.4,87.7,96.5,6.6,3.5,12.3,57.6,36.3,76.4,28.8,20.0,39.6
2023,zone,Tshopo,Lubunga,153,43.8,35.4,52.7,43.8,35.4,52.7,94.7,89.0,97.5,5.3,2.5,11.0,16.0,7.3,31.7,6.3,1.9,18.7
2023,zone,Tshopo,Makiso Kisangani,155,59.8,41.2,76.0,60.1,41.2,76.5,99.0,91.3,99.9,1.0,0.1,8.7,39.4,26.6,54.0,30.6,15.6,51.4
2023,zone,Tshopo,Mangobo,148,55.8,37.7,72.5,56.5,40.0,71.8,99.6,93.7,100.0,0.4,0.0,6.3,26.9,21.4,33.2,20.8,17.5,24.6
2023,zone,Tshopo,Opala,178,24.5,14.1,39.2,24.5,14.1,39.2,100.0,100.0,100.0,0.0,0.0,0.0,10.2,7.5,13.7,4.5,1.6,12.2
2023,zone,Tshopo,Opienge,153,24.6,12.0,43.9,26.1,14.3,42.8,90.6,89.1,91.9,9.4,8.1,10.9,3.0,0.5,15.4,0.0,0.0,0.0
2023,zone,Tshopo,Tshopo,153,32.3,26.8,38.3,33.1,26.5,40.5,91.5,81.7,96.3,8.5,3.7,18.3,40.5,36.7,44.5,25.6,18.3,34.7
2023,zone,Tshopo,Ubundu,149,37.3,26.4,49.7,37.3,26.4,49.7,98.1,93.8,99.5,1.9,0.5,6.2,2.5,1.2,4.9,4.7,2.1,10.5
2023,zone,Tshopo,Wanierukula,150,15.9,9.8,24.7,15.9,9.8,24.7,100.0,100.0,100.0,0.0,0.0,0.0,6.0,3.7,9.8,1.2,0.2,8.7
2023,zone,Tshopo,Yabaondo,186,29.5,13.3,53.2,29.5,13.3,53.2,97.9,93.7,99.3,2.1,0.7,6.3,6.5,1.0,31.8,3.5,0.3,30.6
2023,zone,Tshopo,Yahisuli,150,52.7,18.2,84.9,52.7,18.2,84.9,99.3,92.0,99.9,0.7,0.1,8.0,14.8,4.4,39.7,3.9,1.5,9.7
2023,zone,Tshopo,Yahuma,188,25.2,16.2,37.1,25.2,16.2,37.1,99.4,94.1,99.9,0.6,0.1,5.9,6.0,0.5,43.3,5.8,0.6,37.7
2023,zone,Tshopo,Yakusu,151,52.2,34.0,69.7,52.2,34.0,69.7,99.4,92.7,100.0,0.6,0.0,7.3,18.3,14.7,22.7,7.6,2.9,18.7
2023,zone,Tshopo,Yaleko,150,44.0,35.7,52.6,44.0,35.7,52.6,100.0,100.0,100.0,0.0,0.0,0.0,10.9,4.6,23.6,1.8,0.3,10.0
2023,zone,Tshopo,Yalimbongo,148,28.2,13.8,49.0,28.2,13.8,49.0,100.0,100.0,100.0,0.0,0.0,0.0,1.6,0.1,15.3,0.8,0.1,8.1
2023,zone,Tshuapa,Befale,149,1.9,0.4,9.2,2.2,0.4,11.4,94.4,80.7,98.5,5.6,1.5,19.3,2.7,0.6,11.3,0.0,0.0,0.0
2023,zone,Tshuapa,Boende,152,11.9,5.1,25.3,12.7,6.1,24.7,92.7,87.1,96.0,7.3,4.0,12.9,4.9,1.3,16.3,4.9,1.3,16.3
2023,zone,Tshuapa,Bokungu,150,4.6,2.5,8.3,4.6,2.5,8.3,90.5,77.9,96.2,9.5,3.8,22.1,0.0,0.0,0.0,0.0,0.0,0.0
2023,zone,Tshuapa,Busanga,151,7.3,2.0,23.2,7.3,2.0,23.2,97.8,94.9,99.1,2.2,0.9,5.1,3.4,0.6,18.3,0.6,0.0,7.7
2023,zone,Tshuapa,Djolu,153,3.3,0.8,12.9,3.3,0.8,12.9,97.5,86.9,99.6,2.5,0.4,13.1,34.8,21.2,51.5,10.1,2.8,30.5
2023,zone,Tshuapa,Ikela,149,12.9,6.8,23.2,12.9,6.8,23.2,98.2,80.1,99.9,1.8,0.1,19.9,0.6,0.0,7.3,2.5,0.4,15.3
2023,zone,Tshuapa,Lingomo,146,4.3,0.3,36.8,4.3,0.3,36.8,95.4,82.7,98.9,4.6,1.1,17.3,37.3,26.3,49.8,5.9,2.8,11.8
2023,zone,Tshuapa,Mompono,151,13.5,6.2,26.8,17.8,10.0,29.8,100.0,100.0,100.0,0.0,0.0,0.0,4.7,1.7,12.0,0.0,0.0,0.0
2023,zone,Tshuapa,Mondombe,145,0.8,0.1,8.7,0.8,0.1,8.7,90.2,66.0,97.7,9.8,2.3,34.0,0.7,0.1,9.3,0.9,0.1,11.6
2023,zone,Tshuapa,Monkoto,147,0.0,0.0,0.0,0.0,0.0,0.0,94.9,81.5,98.7,5.1,1.3,18.5,0.0,0.0,0.0,0.0,0.0,0.0
2023,zone,Tshuapa,Wema,152,3.9,0.6,22.0,3.9,0.6,22.0,95.1,82.6,98.8,4.9,1.2,17.4,0.0,0.0,0.0,0.0,0.0,0.0
2023,zone,Tshuapa,Yalifafu,148,6.6,1.8,21.3,6.6,1.8,21.3,95.6,88.4,98.4,4.4,1.6,11.6,0.8,0.1,8.4,2.3,0.4,11.1
