year,level,province,zone,nb_children,nb_as,as_enq,zero_dose_pct,zero_dose_low,zero_dose_high,bcg_pct,bcg_low,bcg_high,penta1_pct,penta1_low,penta1_high,penta2_pct,penta2_low,penta2_high,penta3_pct,penta3_low,penta3_high,polio0_pct,polio0_low,polio0_high,polio1_pct,polio1_low,polio1_high,polio2_pct,polio2_low,polio2_high,polio3_pct,polio3_low,polio3_high,pcv1_pct,pcv1_low,pcv1_high,pcv2_pct,pcv2_low,pcv2_high,pcv3_pct,pcv3_low,pcv3_high,rota1_pct,rota1_low,rota1_high,rota2_pct,rota2_low,rota2_high,rota3_pct,rota3_low,rota3_high,vpi_pct,vpi_low,vpi_high,var_pct,var_low,var_high,vaa_pct,vaa_low,vaa_high
2022,national,,,81438,9208,2503,14.2,13.6,14.8,77.0,76.2,77.7,79.9,79.1,80.6,69.0,68.1,69.9,58.3,57.3,59.3,69.9,68.9,70.8,81.9,81.2,82.6,70.5,69.7,71.4,58.5,57.6,59.5,79.3,78.6,80.1,68.1,67.2,69.0,58.1,57.1,59.1,76.0,75.2,76.7,65.0,64.0,65.9,52.3,51.3,53.4,64.6,63.6,65.5,41.3,40.4,42.1,40.9,40.0,41.8
2022,province,Bas Uele,,1713,169,55,27.9,23.4,32.9,63.9,59.2,68.3,65.1,60.2,69.7,43.1,38.9,47.3,29.2,25.1,33.6,61.3,56.9,65.6,69.0,64.0,73.7,47.7,43.3,52.0,31.6,27.2,36.4,63.0,58.4,67.4,40.7,36.9,44.7,28.2,24.4,32.2,60.4,56.1,64.6,39.0,34.7,43.4,23.6,19.9,27.7,44.8,39.5,50.1,28.8,24.2,33.9,28.2,23.5,33.3
2022,province,Equateur,,3213,286,90,5.1,2.2,11.7,85.7,79.1,90.4,87.6,81.7,91.8,71.8,66.1,76.8,54.1,48.8,59.3,81.8,75.1,87.0,88.3,82.4,92.4,70.4,64.2,76.0,52.3,46.7,57.9,86.9,80.9,91.3,71.0,65.2,76.1,53.8,48.5,59.0,83.3,77.3,87.9,65.4,59.0,71.3,47.8,42.0,53.6,55.7,50.2,61.0,34.3,30.3,38.5,34.5,30.4,38.7
2022,province,Haut Katanga,,4108,410,134,20.0,17.0,23.4,77.8,74.4,80.9,75.1,71.9,78.0,67.5,64.2,70.6,57.5,54.0,61.0,77.3,73.9,80.5,77.2,74.0,80.1,69.2,66.0,72.2,58.9,55.5,62.3,75.0,71.8,77.9,67.2,63.9,70.3,57.6,54.1,61.1,73.0,69.7,76.0,65.1,61.8,68.4,56.5,53.0,59.9,63.7,60.2,67.1,34.8,31.9,37.8,34.5,31.7,37.4
2022,province,Haut Lomami,,2416,351,79,2.1,1.3,3.2,97.7,96.5,98.5,97.3,95.9,98.3,96.1,94.3,97.3,93.9,91.7,95.6,97.7,96.4,98.5,97.6,96.2,98.5,96.5,94.9,97.5,94.4,92.2,96.0,97.1,95.6,98.0,94.4,92.5,95.9,93.1,90.8,94.8,97.0,95.6,98.0,95.9,94.0,97.2,93.9,91.5,95.6,94.7,92.4,96.4,80.2,77.3,82.8,80.1,77.1,82.7
2022,province,Haut Uele,,2254,212,65,31.5,26.8,36.7,59.9,53.8,65.7,63.0,58.3,67.5,53.5,48.3,58.7,41.1,35.6,46.8,55.4,49.3,61.2,64.6,59.9,69.0,54.6,49.6,59.5,42.1,36.9,47.4,62.8,58.1,67.3,52.8,47.5,58.0,40.9,35.3,46.7,58.8,53.3,64.1,48.4,42.3,54.5,36.7,30.9,43.0,48.3,43.1,53.5,26.5,23.6,29.5,26.5,23.8,29.3
2022,province,Ituri,,4019,480,133,4.1,3.0,5.5,84.4,81.7,86.8,91.6,89.7,93.3,78.9,75.2,82.2,65.5,61.3,69.5,63.4,58.8,67.8,92.3,90.5,93.8,78.8,75.5,81.8,62.9,59.0,66.6,90.9,88.8,92.6,77.8,74.3,81.0,65.2,61.0,69.3,83.6,80.6,86.1,69.0,64.7,72.9,52.4,47.6,57.1,71.3,67.3,75.1,42.7,39.4,46.1,42.5,39.2,45.8
2022,province,Kasai,,3223,406,90,14.3,11.6,17.4,74.9,70.9,78.5,70.5,65.7,74.8,50.0,45.4,54.6,38.3,33.9,42.8,70.2,66.6,73.7,74.4,70.5,77.9,51.6,47.2,56.0,38.8,34.4,43.4,68.6,63.9,73.0,48.5,44.0,53.1,37.6,33.2,42.1,65.4,60.7,69.9,46.7,42.1,51.3,35.4,31.1,39.9,47.0,42.8,51.3,28.1,24.5,32.0,28.0,24.4,31.8
2022,province,Kasai Central,,4036,459,130,5.5,4.2,7.3,86.3,84.0,88.3,89.4,87.4,91.1,75.7,72.8,78.4,61.0,57.7,64.2,79.5,76.2,82.4,90.2,88.4,91.8,76.2,73.5,78.8,61.1,57.9,64.3,88.8,86.6,90.7,73.9,71.1,76.5,60.5,57.2,63.7,83.6,81.0,86.0,69.1,66.1,71.9,50.5,47.2,53.8,67.6,64.3,70.7,39.3,36.8,41.9,37.6,35.2,40.0
2022,province,Kasai Oriental,,2937,325,95,18.0,15.6,20.7,74.1,70.9,77.1,74.7,71.6,77.6,60.6,57.1,64.1,47.0,43.5,50.5,69.8,66.6,72.8,76.5,73.5,79.3,61.8,58.3,65.2,47.1,43.5,50.8,74.4,71.3,77.3,60.0,56.5,63.5,46.8,43.3,50.3,70.1,66.9,73.1,57.3,53.8,60.7,37.8,34.4,41.4,52.8,49.5,56.1,27.2,24.6,30.1,27.3,24.6,30.2
2022,province,Kinshasa,,5263,417,176,1.4,1.0,1.8,98.3,97.8,98.7,97.2,96.5,97.7,94.0,92.6,95.1,87.5,85.4,89.4,98.0,97.5,98.4,97.6,96.9,98.1,93.9,92.5,95.0,83.9,81.5,86.1,97.1,96.4,97.7,93.9,92.6,95.1,87.9,85.7,89.7,93.7,92.3,94.9,90.1,88.4,91.7,80.8,77.9,83.4,94.4,93.4,95.4,64.8,62.1,67.4,64.9,62.2,67.5
2022,province,Kongo Central,,5614,405,155,10.6,8.8,12.8,85.1,82.7,87.2,87.1,84.8,89.0,78.0,75.2,80.5,67.8,64.7,70.8,81.2,78.5,83.7,87.7,85.4,89.6,78.4,75.6,80.9,67.9,64.7,70.9,86.9,84.6,88.9,76.9,74.1,79.5,67.4,64.3,70.4,83.8,81.3,86.1,74.6,71.5,77.4,62.5,59.2,65.7,77.0,74.3,79.5,46.7,44.4,49.1,46.4,44.1,48.7
2022,province,Kwango,,2733,305,70,10.3,6.8,15.3,85.4,79.8,89.6,86.7,81.3,90.7,75.9,69.2,81.5,70.0,62.7,76.4,83.7,78.1,88.0,87.4,82.2,91.2,76.8,70.1,82.4,70.7,63.5,77.0,86.2,80.7,90.4,75.5,68.7,81.2,69.7,62.4,76.1,83.5,77.5,88.2,74.1,67.0,80.1,68.3,60.8,74.9,77.7,71.6,82.8,54.8,48.9,60.5,54.4,48.5,60.2
2022,province,Kwilu,,3631,661,120,5.5,4.0,7.4,87.3,84.3,89.7,90.8,87.5,93.3,83.4,78.9,87.1,76.7,71.6,81.0,81.6,77.4,85.2,92.4,90.0,94.2,84.6,80.7,87.8,77.3,72.5,81.4,90.2,86.8,92.8,82.8,78.2,86.6,76.5,71.4,80.9,88.3,84.5,91.2,81.6,76.8,85.5,73.6,68.3,78.3,81.7,77.7,85.1,58.7,53.8,63.5,58.1,53.0,63.0
2022,province,Lomami,,2442,316,81,6.5,5.0,8.6,83.7,80.5,86.5,89.4,86.8,91.5,76.9,72.8,80.7,63.7,58.8,68.2,74.1,69.4,78.4,89.8,87.5,91.7,76.8,72.7,80.4,63.1,58.4,67.6,88.8,86.2,91.0,75.7,71.3,79.6,62.9,58.0,67.6,82.8,79.4,85.8,69.1,64.6,73.3,51.4,46.2,56.6,67.5,63.0,71.7,42.6,37.5,47.8,41.6,36.4,47.0
2022,province,Lualaba,,2126,244,70,16.8,12.5,22.3,75.2,64.8,83.3,77.9,72.1,82.7,66.9,59.8,73.2,57.2,49.8,64.4,74.0,63.7,82.2,79.0,73.8,83.3,67.0,60.2,73.1,56.5,48.8,63.9,77.4,72.0,82.1,66.1,59.2,72.5,56.9,49.4,64.0,76.5,71.3,81.1,64.9,57.7,71.4,52.4,44.0,60.6,62.9,55.9,69.3,40.8,34.9,47.1,40.5,34.5,46.7
2022,province,Maindombe,,2478,311,67,23.1,18.4,28.5,75.9,70.4,80.7,75.7,70.3,80.4,71.4,65.2,76.9,66.2,60.0,71.9,73.9,68.5,78.7,76.1,70.8,80.7,71.9,65.8,77.3,67.1,60.9,72.8,75.8,70.4,80.5,70.4,64.3,75.9,65.4,59.2,71.2,75.5,70.1,80.2,70.7,64.4,76.3,65.6,59.3,71.4,71.9,66.2,77.0,59.3,52.5,65.8,59.5,52.6,66.0
2022,province,Maniema,,2822,284,89,47.1,43.2,51.0,43.0,39.3,46.8,38.8,34.6,43.2,29.1,25.2,33.3,17.1,14.2,20.5,43.2,39.3,47.3,45.8,42.1,49.5,36.1,32.5,39.9,21.7,18.6,25.3,37.8,33.7,42.0,28.2,24.4,32.3,16.7,13.9,20.0,31.5,28.2,35.1,21.7,19.0,24.7,13.4,11.2,16.1,31.6,27.7,35.7,20.6,17.9,23.6,23.2,20.4,26.3
2022,province,Mongala,,1854,295,60,45.7,38.8,52.8,39.8,34.4,45.4,38.9,32.9,45.2,28.6,23.3,34.4,17.5,13.6,22.2,41.3,36.1,46.7,50.6,43.6,57.5,36.3,30.2,42.8,21.5,17.3,26.3,39.2,33.4,45.3,28.4,23.4,34.1,17.2,13.6,21.6,36.3,30.8,42.1,25.2,20.8,30.1,15.4,12.2,19.3,27.1,22.6,32.1,18.5,15.5,21.9,17.0,14.1,20.4
2022,province,Nord Kivu,,4316,500,131,1.1,0.6,2.2,86.3,83.4,88.8,96.5,95.1,97.5,89.2,86.4,91.4,81.2,77.8,84.2,70.2,65.5,74.4,96.8,95.4,97.7,90.0,87.5,92.1,80.7,77.2,83.8,96.3,94.8,97.4,88.2,85.4,90.5,80.9,77.5,84.0,93.8,92.2,95.0,85.1,82.3,87.6,68.4,64.5,72.0,83.0,79.6,85.9,50.6,46.4,54.7,49.9,45.8,54.1
2022,province,Nord Ubangi,,1663,178,55,9.9,5.1,18.5,80.3,71.8,86.8,84.6,75.4,90.8,74.3,62.5,83.4,65.4,52.4,76.4,72.3,62.8,80.2,85.5,76.2,91.6,74.9,63.2,83.8,64.4,51.7,75.3,84.9,75.8,90.9,74.0,62.3,83.1,66.0,53.1,76.9,80.9,71.4,87.8,71.3,59.4,80.9,63.3,50.7,74.3,67.4,54.1,78.4,46.0,36.8,55.5,45.9,36.7,55.3
2022,province,Sankuru,,2896,249,80,45.0,41.3,48.7,36.7,33.5,40.0,44.1,39.7,48.6,30.4,26.6,34.5,18.5,15.5,22.0,28.3,25.2,31.6,50.6,46.7,54.5,37.6,33.8,41.6,21.6,18.5,25.0,42.0,37.6,46.5,29.0,25.2,33.1,17.9,15.0,21.2,37.2,32.9,41.6,26.1,22.1,30.4,16.1,13.3,19.4,26.5,23.2,30.0,23.9,21.0,26.9,22.9,20.3,25.8
2022,province,Sud Kivu,,5853,663,168,9.5,8.0,11.2,69.0,65.8,72.1,87.4,85.4,89.2,78.2,75.5,80.6,63.6,60.2,66.9,55.0,50.8,59.1,87.7,85.8,89.5,78.1,75.5,80.5,64.0,60.7,67.2,87.4,85.4,89.2,77.0,74.1,79.6,63.5,59.9,67.0,83.7,80.8,86.2,72.7,68.7,76.4,52.8,48.5,57.0,69.0,65.9,71.9,39.3,35.9,42.7,39.1,35.7,42.7
2022,province,Sud Ubangi,,2442,308,80,9.4,6.6,13.4,72.7,68.2,76.8,77.4,72.3,81.8,54.5,48.4,60.5,36.5,30.8,42.7,53.5,47.7,59.1,78.9,73.9,83.2,56.7,50.8,62.5,37.7,32.3,43.6,77.9,72.8,82.3,53.9,48.0,59.8,38.7,33.0,44.6,73.8,68.7,78.3,51.5,45.5,57.4,32.6,27.8,37.7,47.0,41.3,52.8,22.8,19.4,26.7,22.8,19.2,26.9
2022,province,Tanganyika,,1727,268,55,9.0,5.9,13.6,82.4,77.8,86.2,86.8,81.3,90.8,64.9,57.1,71.9,49.5,42.3,56.7,53.2,44.2,62.1,86.1,80.4,90.3,64.3,56.5,71.3,49.0,42.1,56.0,86.4,80.8,90.5,64.6,56.8,71.7,49.6,42.3,57.0,86.3,80.9,90.3,64.1,56.2,71.3,47.4,40.3,54.6,50.8,43.9,57.7,24.9,20.1,30.4,24.6,19.7,30.2
2022,province,Tshopo,,3528,429,115,58.7,54.3,63.0,35.1,31.1,39.2,31.2,26.8,35.9,22.1,18.1,26.7,14.6,11.5,18.4,30.2,26.6,34.1,35.3,30.9,39.9,24.6,20.6,29.0,16.3,13.2,20.1,30.1,25.7,34.8,20.8,16.9,25.3,14.7,11.6,18.4,27.6,23.4,32.2,19.7,15.9,24.2,13.6,10.7,17.0,19.3,15.6,23.5,11.5,9.5,14.0,9.9,8.0,12.2
2022,province,Tshuapa,,2131,277,60,31.4,26.7,36.5,50.6,45.0,56.2,44.9,38.2,51.9,28.4,21.6,36.3,15.5,10.8,21.8,50.6,44.0,57.2,64.3,58.9,69.3,44.3,38.5,50.4,25.2,20.1,31.0,40.9,34.1,48.1,24.3,17.9,32.1,13.4,9.0,19.4,34.3,28.0,41.2,20.7,14.9,28.0,11.6,7.0,18.6,34.1,29.3,39.2,29.4,24.9,34.2,27.4,23.1,32.2
2022,zone,Bas Uele,Aketi,150,18,5,41.4,25.1,59.8,49.8,34.1,65.4,52.3,39.9,64.4,34.9,24.7,46.6,22.1,13.1,34.9,45.7,33.9,57.9,55.3,36.4,72.8,39.4,29.4,50.2,20.8,13.9,29.8,52.3,39.9,64.4,34.3,24.8,45.3,22.1,13.1,34.9,48.8,39.4,58.4,31.7,22.4,42.7,20.6,10.9,35.5,36.0,25.6,47.9,18.4,10.0,31.4,18.8,9.0,35.2
2022,zone,Bas Uele,Ango,161,23,5,8.9,1.7,35.6,80.0,61.9,90.7,87.9,52.2,98.0,57.1,38.5,73.9,42.2,19.8,68.4,70.4,51.1,84.5,89.8,59.6,98.1,68.0,50.0,81.9,52.6,28.6,75.5,84.2,49.4,96.7,47.4,30.8,64.7,33.1,15.6,57.0,76.7,46.5,92.6,42.5,25.0,62.2,16.0,6.5,34.1,77.3,39.7,94.6,57.1,41.1,71.8,56.5,40.5,71.1
2022,zone,Bas Uele,Bili,159,12,5,21.2,15.1,29.1,70.5,53.9,83.0,75.2,66.0,82.6,42.5,30.3,55.7,21.3,8.7,43.4,67.2,63.0,71.2,77.2,69.2,83.7,50.4,40.8,60.0,26.7,11.5,50.5,64.9,55.2,73.6,38.7,27.2,51.7,21.3,9.8,40.5,68.1,56.9,77.6,40.2,25.2,57.2,13.4,6.7,25.1,43.2,27.6,60.4,36.8,32.2,41.7,36.2,31.4,41.4
2022,zone,Bas Uele,Bondo,147,15,5,20.5,12.2,32.3,72.7,54.0,85.8,65.1,51.3,76.7,35.1,23.3,49.0,27.1,16.9,40.6,76.1,58.1,88.0,71.9,53.8,85.0,41.7,23.9,61.9,30.8,18.7,46.3,61.8,50.3,72.2,33.9,22.5,47.4,27.6,17.1,41.3,59.8,42.4,75.1,34.6,18.3,55.4,26.1,16.0,39.7,48.9,36.3,61.8,34.6,16.6,58.5,35.0,18.9,55.4
2022,zone,Bas Uele,Buta,157,16,5,21.7,10.5,39.6,63.9,45.5,79.0,68.3,54.2,79.8,42.6,27.8,58.9,26.2,10.6,51.5,67.2,56.7,76.2,74.4,57.0,86.5,47.6,33.7,61.9,31.1,14.2,55.2,67.1,56.5,76.3,41.1,28.0,55.5,27.2,11.9,50.8,58.0,45.8,69.3,33.7,15.9,57.7,19.6,6.8,45.0,46.5,36.1,57.2,19.5,10.9,32.3,16.0,9.3,26.1
2022,zone,Bas Uele,Ganga,155,21,5,42.4,28.9,57.1,51.2,39.4,62.8,52.0,36.7,66.9,42.0,26.5,59.1,30.7,18.2,46.7,47.7,37.3,58.3,56.2,43.4,68.2,45.2,31.8,59.4,31.2,20.4,44.4,52.4,36.1,68.3,41.1,25.5,58.7,31.1,19.0,46.4,50.6,37.0,64.0,39.6,27.4,53.2,29.4,19.5,41.7,37.1,28.4,46.6,22.2,13.7,33.9,22.2,13.7,33.9
2022,zone,Bas Uele,Likati,153,12,5,30.9,19.7,44.8,64.3,52.2,74.7,61.6,52.5,70.0,39.7,34.0,45.8,27.6,19.2,38.0,54.1,37.8,69.5,67.6,55.0,78.1,41.2,35.0,47.8,27.2,18.9,37.4,61.1,50.7,70.5,37.4,30.8,44.5,26.6,17.0,39.0,57.5,50.0,64.6,36.8,29.8,44.5,24.8,16.2,35.9,31.3,18.8,47.4,23.6,13.1,38.9,24.9,14.2,39.7
2022,zone,Bas Uele,Monga,165,10,5,28.5,15.6,46.1,64.9,50.8,76.7,58.8,41.6,74.0,28.5,14.6,48.1,14.1,5.6,31.4,61.7,47.4,74.3,66.3,47.4,81.2,34.3,20.0,52.1,14.3,6.0,30.3,56.9,39.4,72.8,28.0,14.5,47.2,14.2,6.4,28.6,55.5,36.9,72.7,24.7,11.6,45.2,11.7,3.8,30.5,26.3,16.0,40.2,15.8,8.1,28.6,14.8,7.2,27.9
2022,zone,Bas Uele,Poko,161,18,5,37.8,32.8,43.1,60.7,55.6,65.5,57.5,48.2,66.4,49.1,42.9,55.3,41.6,32.3,51.5,55.4,47.3,63.3,58.7,50.4,66.5,49.0,41.9,56.1,39.8,32.2,48.0,57.5,48.2,66.4,49.1,42.9,55.3,41.3,31.9,51.5,57.5,48.2,66.4,49.8,43.4,56.3,37.9,27.2,49.9,46.4,36.3,56.7,28.4,16.8,43.8,27.3,14.9,44.5
2022,zone,Bas Uele,Titule,155,11,5,18.3,12.5,26.0,73.1,58.1,84.3,77.0,70.7,82.3,37.1,19.0,59.8,21.9,10.9,39.2,76.2,65.4,84.3,80.7,72.0,87.2,39.5,22.5,59.3,26.6,12.7,47.5,70.4,58.4,80.1,30.1,17.2,47.1,18.4,8.9,34.5,74.7,61.3,84.7,34.7,20.4,52.3,13.7,5.1,31.8,50.2,38.5,61.9,37.3,27.2,48.7,38.6,28.0,50.5
2022,zone,Bas Uele,Viadana,150,13,5,30.1,27.1,33.2,60.7,51.5,69.1,68.7,65.0,72.1,62.0,55.5,68.1,38.1,25.0,53.1,56.1,42.8,68.6,68.7,65.0,72.1,63.6,59.0,68.1,37.7,22.4,55.9,68.7,65.0,72.1,62.0,55.5,68.1,37.2,25.3,50.8,67.8,65.8,69.8,60.4,55.2,65.4,36.8,25.4,49.9,39.2,25.6,54.6,26.3,20.4,33.2,24.4,17.4,33.1
2022,zone,Equateur,Basankusu,179,27,5,0.0,0.0,0.0,94.1,75.0,98.8,99.6,93.9,100.0,83.8,64.5,93.7,66.9,46.0,82.7,84.9,48.3,97.1,99.6,93.9,100.0,85.6,61.5,95.7,69.0,47.9,84.3,99.6,93.9,100.0,83.3,64.6,93.2,66.5,45.7,82.4,98.8,83.3,99.9,83.3,64.6,93.2,65.3,41.4,83.4,68.5,47.9,83.6,40.0,22.6,60.4,40.0,22.6,60.4
2022,zone,Equateur,Bikoro,178,21,5,3.8,0.3,35.2,96.2,64.8,99.7,84.6,56.4,95.9,73.2,39.3,92.0,64.4,38.4,84.0,96.2,64.8,99.7,85.2,57.0,96.1,73.1,43.7,90.5,60.8,38.3,79.5,83.4,58.3,94.8,72.7,38.9,91.7,63.4,37.3,83.5,66.6,36.4,87.4,46.8,22.4,72.8,37.7,20.5,58.7,65.9,41.3,84.2,51.9,36.4,67.0,52.3,36.8,67.3
2022,zone,Equateur,Bolenge,181,11,5,0.0,0.0,0.0,99.3,89.6,100.0,95.5,84.0,98.8,76.1,48.9,91.4,42.8,26.0,61.5,99.3,89.6,100.0,95.0,81.2,98.8,76.1,48.9,91.4,44.4,26.9,63.3,95.5,84.0,98.8,76.1,48.9,91.4,42.8,26.0,61.5,95.0,81.2,98.8,76.1,48.9,91.4,42.8,26.0,61.5,43.8,27.1,62.0,31.8,17.7,50.2,31.3,17.3,49.7
2022,zone,Equateur,Bolomba,172,29,5,15.5,0.9,78.8,83.4,19.0,99.1,62.8,28.8,87.6,48.5,25.7,72.0,34.6,19.6,53.3,84.5,21.2,99.1,64.9,29.0,89.3,39.9,21.3,61.8,28.2,16.1,44.5,60.5,29.4,84.9,46.2,24.7,69.2,33.7,19.3,51.9,60.3,28.1,85.5,36.5,20.1,56.8,23.5,13.2,38.2,33.6,19.3,51.6,35.7,20.4,54.6,35.7,20.4,54.6
2022,zone,Equateur,Bomongo,180,16,5,1.7,0.3,9.1,67.4,57.7,75.7,92.3,79.7,97.3,76.7,60.8,87.4,50.0,46.0,54.0,59.7,44.1,73.6,94.3,79.4,98.6,77.7,63.5,87.5,53.3,48.1,58.5,92.8,81.4,97.4,74.5,63.6,83.0,49.0,44.6,53.5,85.1,74.1,91.9,66.2,50.2,79.2,43.9,37.6,50.4,51.6,43.1,60.1,23.7,12.1,41.3,24.2,12.7,41.3
2022,zone,Equateur,Djombo,179,14,5,0.0,0.0,0.0,92.5,66.3,98.7,94.1,78.8,98.6,67.8,40.1,86.8,48.8,23.1,75.2,82.3,48.7,95.8,92.2,71.6,98.2,70.6,43.5,88.2,49.8,24.5,75.2,90.9,72.3,97.5,66.8,37.8,86.9,47.6,22.5,74.0,90.1,70.0,97.2,66.8,37.8,86.9,47.2,23.1,72.7,49.7,23.5,76.1,24.5,7.0,58.4,24.5,7.0,58.4
2022,zone,Equateur,Iboko,181,15,5,5.2,0.6,34.7,94.8,65.3,99.4,91.4,73.7,97.6,81.3,72.0,88.0,67.5,62.8,72.0,94.3,68.9,99.2,91.4,73.7,97.6,69.8,49.2,84.6,56.7,45.3,67.6,90.9,75.7,96.9,80.3,72.2,86.4,67.0,63.4,70.5,88.1,75.7,94.6,72.8,57.0,84.4,59.4,46.8,70.9,65.1,58.1,71.6,54.7,45.5,63.6,54.7,45.5,63.6
2022,zone,Equateur,Ingende,181,19,5,0.0,0.0,0.0,94.6,77.9,98.9,100.0,100.0,100.0,90.4,69.9,97.4,67.3,42.2,85.3,95.0,79.9,98.9,100.0,100.0,100.0,89.8,70.9,96.9,66.7,41.3,85.0,100.0,100.0,100.0,90.0,67.7,97.5,67.1,44.0,84.2,99.2,89.4,100.0,90.4,69.9,97.4,67.3,42.2,85.3,67.2,43.9,84.2,31.3,17.8,48.8,31.3,17.8,48.8
2022,zone,Equateur,Irebu,180,7,5,2.1,0.4,11.8,65.1,53.1,75.5,92.6,78.6,97.7,69.1,62.0,75.4,49.2,43.0,55.4,47.9,36.0,60.0,93.7,82.9,97.8,74.5,67.7,80.3,50.0,40.2,59.7,90.8,80.3,96.0,69.3,62.8,75.1,50.0,41.0,59.1,87.4,77.9,93.1,66.8,60.7,72.3,46.7,37.7,56.0,52.5,42.8,62.0,30.4,22.3,40.1,33.4,21.3,48.2
2022,zone,Equateur,Lilanga Bobangi,183,12,5,6.5,3.9,10.5,74.4,61.5,84.0,85.5,77.7,90.9,58.7,44.3,71.7,44.2,33.3,55.6,52.8,31.7,72.9,88.6,81.8,93.1,64.5,51.1,75.9,45.4,32.0,59.5,83.7,76.1,89.3,58.7,44.3,71.7,44.6,33.9,55.9,81.7,70.3,89.3,55.2,39.9,69.6,42.3,30.3,55.3,51.1,37.6,64.5,23.8,15.1,35.5,23.4,13.6,37.3
2022,zone,Equateur,Lotumbe,180,18,5,0.0,0.0,0.0,100.0,100.0,100.0,99.2,95.1,99.9,95.0,78.6,99.0,79.0,55.7,91.8,100.0,100.0,100.0,99.2,95.1,99.9,95.0,78.6,99.0,79.0,55.7,91.8,98.8,92.4,99.8,95.0,78.6,99.0,78.2,55.8,91.0,99.2,95.1,99.9,95.0,78.6,99.0,78.2,55.8,91.0,79.0,55.7,91.8,32.8,22.4,45.3,32.1,21.8,44.6
2022,zone,Equateur,Lukolela,180,14,5,2.5,0.3,19.7,62.2,39.0,80.9,92.2,75.6,97.8,75.2,67.5,81.6,49.6,42.0,57.1,42.1,23.5,63.2,94.6,78.1,98.8,75.5,66.4,82.8,47.8,39.0,56.8,91.0,74.3,97.3,74.0,64.5,81.6,49.0,36.7,61.5,88.3,72.3,95.6,68.0,54.9,78.7,43.2,35.6,51.0,57.3,47.6,66.5,28.1,17.0,42.8,30.9,19.1,45.7
2022,zone,Equateur,Makanza,180,17,5,0.0,0.0,0.0,63.3,44.3,78.9,92.9,87.4,96.1,58.9,39.4,76.0,36.2,19.4,57.1,66.1,47.5,80.8,93.6,86.5,97.1,61.2,43.3,76.6,36.6,19.7,57.5,92.2,87.1,95.3,58.9,39.4,76.0,36.6,19.7,57.5,91.7,87.8,94.4,58.9,39.4,76.0,36.2,19.4,57.1,38.5,21.5,58.9,15.7,7.2,31.0,15.7,7.2,31.0
2022,zone,Equateur,Mampoko,179,13,5,0.0,0.0,0.0,84.2,66.6,93.5,86.0,73.8,93.1,52.1,37.7,66.1,28.3,16.1,44.8,82.2,62.4,92.7,85.6,71.6,93.4,54.2,39.1,68.6,28.3,16.1,44.8,86.0,73.8,93.1,51.0,36.1,65.7,29.0,17.0,44.9,85.7,73.2,93.0,50.3,34.9,65.6,28.3,16.1,44.8,29.0,17.0,44.9,8.7,2.9,23.7,8.7,2.9,23.7
2022,zone,Equateur,Mbandaka,176,16,5,21.1,1.9,78.8,72.2,16.1,97.2,71.8,18.3,96.6,61.8,18.8,91.9,47.0,19.0,77.1,68.9,28.1,92.6,73.2,16.9,97.3,62.3,19.6,91.8,47.3,19.2,77.2,73.2,16.9,97.3,62.3,19.6,91.8,47.3,19.2,77.2,72.2,16.7,97.1,62.4,20.1,91.6,46.7,18.7,76.9,50.4,22.0,78.5,28.5,15.0,47.2,28.0,14.2,47.8
2022,zone,Equateur,Monieka,180,12,5,0.0,0.0,0.0,97.7,92.5,99.3,94.9,82.9,98.6,80.3,60.2,91.7,65.9,38.2,85.8,97.7,92.5,99.3,94.9,82.9,98.6,82.1,65.7,91.7,67.2,40.4,86.1,94.9,82.9,98.6,81.2,63.0,91.7,65.9,38.2,85.8,94.9,82.9,98.6,81.2,63.0,91.7,65.9,38.2,85.8,66.3,38.4,86.1,27.9,17.7,41.1,27.9,17.7,41.1
2022,zone,Equateur,Ntondo,164,14,5,15.2,4.4,41.5,84.8,58.5,95.6,80.6,63.7,90.8,71.0,53.5,84.0,62.1,39.6,80.5,84.8,58.5,95.6,79.8,62.7,90.2,56.6,36.1,75.1,50.0,25.6,74.4,80.6,63.7,90.8,69.6,50.8,83.5,59.9,37.2,79.0,70.5,53.9,83.0,60.6,42.7,76.0,50.0,34.6,65.4,62.1,39.6,80.5,46.9,35.0,59.1,46.9,35.0,59.1
2022,zone,Equateur,Wangata,180,11,5,1.5,0.1,14.6,97.6,87.9,99.5,94.8,89.0,97.6,81.1,67.8,89.8,69.1,53.1,81.6,96.2,88.0,98.9,95.5,86.5,98.6,82.8,67.7,91.7,67.1,49.5,80.9,93.4,90.0,95.7,80.4,67.5,89.0,69.9,52.7,82.9,78.8,56.8,91.4,66.6,45.8,82.4,52.3,25.2,78.1,73.3,55.0,86.0,50.7,28.3,72.8,51.0,28.3,73.3
2022,zone,Haut Katanga,Kafubu,151,13,5,12.7,7.0,21.9,73.8,61.7,83.1,81.7,68.4,90.2,68.1,43.5,85.5,58.3,36.4,77.3,70.4,53.6,83.1,84.1,74.9,90.3,70.8,48.5,86.1,60.7,39.7,78.3,82.7,67.9,91.5,67.7,42.6,85.6,58.3,36.4,77.3,83.6,70.9,91.5,68.1,43.5,85.5,58.3,36.4,77.3,62.4,44.2,77.7,40.7,20.7,64.3,40.3,20.6,63.7
2022,zone,Haut Katanga,Kamalondo,127,4,4,6.0,2.8,12.4,94.0,87.6,97.2,89.7,88.1,91.0,83.2,75.9,88.7,80.7,70.6,88.0,93.0,84.6,97.0,90.7,89.5,91.7,85.2,78.1,90.2,82.7,71.9,89.9,89.7,88.1,91.0,80.9,67.2,89.7,78.4,62.5,88.7,89.3,87.5,90.9,81.4,73.6,87.4,78.0,66.1,86.5,86.8,83.5,89.6,53.3,44.0,62.4,51.0,43.0,58.9
2022,zone,Haut Katanga,Kambove,150,11,5,44.9,27.6,63.5,55.1,36.5,72.4,55.1,36.5,72.4,46.4,31.4,62.0,38.4,21.4,58.9,52.1,36.2,67.6,55.1,36.5,72.4,47.0,32.3,62.2,38.7,22.5,58.0,55.1,36.5,72.4,46.4,31.4,62.0,38.4,21.4,58.9,54.5,36.6,71.4,46.0,31.2,61.4,38.0,21.2,58.3,40.1,23.6,59.3,23.5,12.9,38.9,24.0,12.5,41.3
2022,zone,Haut Katanga,Kampemba,154,22,5,23.9,11.9,42.4,73.6,57.0,85.4,73.2,55.1,85.9,66.6,48.5,80.8,60.7,41.8,76.9,73.6,57.0,85.4,73.9,53.8,87.3,67.9,51.2,80.9,62.3,42.2,78.9,73.2,55.1,85.9,65.7,47.3,80.4,61.6,42.8,77.4,73.9,53.8,87.3,67.1,47.4,82.2,61.4,41.2,78.4,64.5,41.5,82.2,34.4,15.8,59.6,35.0,16.9,58.8
2022,zone,Haut Katanga,Kapolowe,150,16,5,40.6,30.6,51.4,58.5,46.6,69.5,57.2,47.5,66.5,51.4,41.8,60.9,42.5,28.7,57.6,56.6,44.4,68.0,57.2,47.5,66.5,52.4,40.8,63.8,42.5,28.7,57.6,57.2,47.5,66.5,51.4,41.8,60.9,42.5,28.7,57.6,55.2,43.4,66.4,50.5,39.4,61.7,41.6,27.4,57.4,42.0,27.8,57.6,22.4,15.1,31.9,22.1,14.7,31.7
2022,zone,Haut Katanga,Kasenga,150,13,5,24.4,17.0,33.8,70.6,60.4,79.0,72.4,59.5,82.5,68.1,53.4,80.0,54.8,39.9,68.9,72.8,64.6,79.7,73.6,61.9,82.6,68.1,58.1,76.6,45.1,31.8,59.1,72.5,59.1,82.8,67.7,47.7,82.9,53.0,34.1,71.0,69.7,55.9,80.6,65.9,47.1,80.7,58.5,40.5,74.5,69.3,54.4,81.1,48.9,37.2,60.7,45.0,34.8,55.6
2022,zone,Haut Katanga,Kashobwe,151,12,5,5.5,0.9,26.5,94.5,73.5,99.1,87.1,70.8,95.0,81.8,64.5,91.7,75.1,51.0,89.7,92.2,73.2,98.1,89.7,76.8,95.8,81.8,64.5,91.7,74.8,51.4,89.2,87.1,70.8,95.0,81.8,64.5,91.7,75.1,51.0,89.7,87.1,70.8,95.0,81.0,63.3,91.4,75.1,51.0,89.7,75.1,51.0,89.7,37.3,27.0,48.8,37.3,27.0,48.8
2022,zone,Haut Katanga,Katuba,153,15,5,6.1,2.7,12.9,93.3,86.4,96.8,91.9,86.5,95.2,81.2,61.2,92.2,70.0,52.2,83.2,90.9,79.8,96.2,93.3,86.4,96.8,82.3,59.4,93.7,72.2,52.0,86.2,91.9,86.5,95.2,82.3,59.4,93.7,71.3,53.4,84.3,91.4,85.1,95.2,78.5,62.2,89.0,66.3,45.8,82.1,73.7,54.8,86.6,39.8,27.3,53.9,40.4,27.2,55.1
2022,zone,Haut Katanga,Kenya,160,19,5,11.7,6.1,21.2,81.1,65.4,90.7,78.5,63.1,88.7,64.9,54.8,73.7,48.0,34.2,62.0,80.2,63.5,90.4,82.6,66.0,92.1,67.9,54.3,79.0,49.6,34.9,64.4,75.9,62.6,85.6,64.4,47.7,78.3,49.0,32.3,65.9,71.0,56.9,82.0,60.1,45.3,73.2,45.1,31.8,59.2,65.2,42.3,82.8,30.7,15.2,52.3,30.7,15.2,52.3
2022,zone,Haut Katanga,Kikula,150,12,5,27.3,20.4,35.6,72.7,64.4,79.6,68.9,59.4,77.0,64.9,52.2,75.7,56.2,38.4,72.6,72.7,64.4,79.6,71.7,65.4,77.3,67.0,57.2,75.5,56.2,38.8,72.2,69.6,61.0,77.0,65.6,53.9,75.6,56.9,40.2,72.2,69.6,61.0,77.0,65.6,53.9,75.6,56.9,40.2,72.2,55.9,39.1,71.4,40.2,26.3,56.0,39.2,24.9,55.6
2022,zone,Haut Katanga,Kilela Balanda,150,11,5,45.7,30.9,61.3,53.7,38.9,67.9,51.3,37.3,65.2,36.6,23.3,52.5,31.6,17.9,49.6,52.2,38.1,66.1,51.3,37.3,65.2,37.5,23.7,53.7,31.0,18.1,47.6,51.3,37.3,65.2,36.6,23.3,52.5,31.0,18.1,47.6,51.3,37.3,65.2,36.6,23.3,52.5,31.0,18.1,47.6,31.6,17.9,49.6,18.5,9.0,34.2,18.5,9.0,34.2
2022,zone,Haut Katanga,Kilwa,152,24,5,11.2,4.6,24.7,84.4,73.3,91.4,77.2,69.4,83.5,60.3,46.2,72.8,43.3,31.8,55.5,86.2,71.0,94.1,81.4,70.0,89.1,65.1,53.1,75.4,49.1,39.2,59.0,76.6,67.8,83.5,61.7,46.8,74.7,43.3,31.8,55.5,68.2,60.4,75.1,53.6,41.3,65.5,43.3,33.9,53.2,68.8,60.0,76.5,32.8,25.0,41.7,32.2,25.1,40.2
2022,zone,Haut Katanga,Kipushi,150,16,5,39.5,21.3,61.2,59.5,39.6,76.6,58.0,36.8,76.6,55.0,30.3,77.5,48.8,25.9,72.2,59.8,37.0,79.1,58.0,36.8,76.6,55.0,30.3,77.5,48.8,25.9,72.2,58.0,36.8,76.6,55.0,30.3,77.5,48.8,25.9,72.2,57.7,36.1,76.6,54.6,29.7,77.4,47.4,25.6,70.1,49.9,25.4,74.4,27.9,15.0,45.9,27.9,15.0,45.9
2022,zone,Haut Katanga,Kisanga,154,15,5,7.1,4.1,11.8,89.1,81.8,93.7,86.4,75.9,92.7,75.6,68.8,81.3,58.3,44.9,70.6,89.1,81.8,93.7,89.1,83.0,93.2,77.7,68.6,84.7,60.2,48.1,71.2,86.8,76.3,93.0,75.4,65.0,83.5,58.3,47.1,68.6,81.5,63.7,91.7,70.1,63.4,76.1,56.6,41.9,70.2,75.2,57.3,87.3,40.7,27.9,55.0,40.7,27.9,55.0
2022,zone,Haut Katanga,Kowe,157,6,5,6.9,3.3,13.8,91.2,78.1,96.8,92.3,82.1,96.9,80.1,67.5,88.6,61.2,53.9,68.0,91.0,82.3,95.6,92.1,85.3,95.9,84.9,77.6,90.1,63.1,52.9,72.2,92.3,82.1,96.9,77.2,66.6,85.2,60.1,51.3,68.4,85.8,68.9,94.3,75.8,66.1,83.4,58.5,52.0,64.8,71.7,61.6,80.0,36.5,22.0,53.9,38.3,26.3,52.0
2022,zone,Haut Katanga,Likasi,150,10,5,22.6,17.5,28.8,77.4,71.2,82.5,73.8,67.2,79.5,71.4,66.0,76.4,58.5,55.2,61.6,77.4,71.2,82.5,74.6,71.9,77.1,70.6,67.0,74.0,59.4,56.4,62.4,73.0,68.3,77.2,71.4,66.0,76.4,58.5,55.2,61.6,73.0,68.3,77.2,71.4,66.0,76.4,58.5,55.2,61.6,58.6,54.6,62.6,37.3,25.9,50.4,37.3,25.9,50.4
2022,zone,Haut Katanga,Lubumbashi,154,20,5,5.0,1.9,12.6,94.0,86.6,97.4,91.5,86.4,94.9,84.5,70.1,92.7,77.0,64.0,86.4,91.0,80.8,96.0,93.4,88.2,96.4,86.9,77.3,92.8,79.1,66.6,87.8,92.3,88.9,94.7,83.7,67.2,92.8,77.0,64.0,86.4,91.3,86.1,94.7,83.5,67.0,92.7,76.0,63.9,85.0,78.6,69.4,85.6,40.7,34.3,47.5,40.7,34.3,47.5
2022,zone,Haut Katanga,Lukafu,154,12,5,34.1,22.8,47.6,62.0,44.1,77.1,53.4,30.5,74.9,41.3,23.8,61.3,27.0,14.6,44.6,63.4,46.0,78.0,58.8,40.3,75.1,44.0,27.1,62.3,30.1,17.4,46.9,51.2,27.8,74.0,39.0,20.8,61.0,27.0,14.6,44.6,50.8,27.4,74.0,38.1,19.3,61.4,28.4,16.6,44.1,33.7,21.8,47.9,21.4,9.8,40.5,19.9,9.5,37.2
2022,zone,Haut Katanga,Mitwaba,155,20,5,34.2,19.0,53.6,64.2,46.9,78.5,58.6,34.5,79.1,47.2,29.8,65.3,36.7,24.6,50.8,63.6,44.5,79.2,65.2,44.7,81.2,57.8,42.4,71.8,43.5,34.0,53.5,56.8,33.5,77.4,47.3,28.2,67.2,37.2,23.2,53.6,52.3,31.8,72.1,40.4,27.2,55.1,32.5,22.7,44.1,44.2,31.3,58.0,28.9,18.1,42.8,28.5,17.7,42.5
2022,zone,Haut Katanga,Mufunga Sampwe,154,23,5,23.4,9.3,47.5,72.8,44.3,90.0,65.4,44.5,81.7,59.0,33.7,80.3,39.3,27.3,52.7,73.2,44.6,90.3,73.4,53.0,87.1,64.3,36.8,84.8,42.5,29.5,56.7,64.9,44.3,81.2,57.4,31.0,80.2,39.3,27.3,52.8,62.9,40.1,81.1,45.8,28.7,64.0,33.0,22.6,45.5,53.3,33.0,72.6,40.8,26.1,57.3,38.5,25.8,52.9
2022,zone,Haut Katanga,Mumbunda,151,21,5,11.8,6.1,21.5,88.2,78.5,93.9,85.6,71.1,93.5,77.6,57.6,89.9,71.0,51.9,84.8,86.0,77.1,91.8,86.2,73.5,93.3,78.6,58.4,90.6,71.6,53.7,84.5,85.6,71.1,93.5,77.1,57.1,89.5,71.0,51.9,84.8,83.5,67.3,92.6,74.3,54.6,87.4,69.3,51.0,83.0,72.6,54.1,85.7,31.3,24.3,39.4,31.3,24.3,39.4
2022,zone,Haut Katanga,Panda,152,9,5,13.1,5.7,27.4,85.9,68.5,94.5,84.0,65.2,93.7,83.2,64.3,93.2,78.0,59.3,89.6,85.9,68.5,94.5,86.9,72.6,94.3,83.2,64.3,93.2,78.0,59.3,89.6,83.1,61.2,93.8,81.7,60.8,92.8,77.0,55.8,89.9,81.6,63.4,91.9,80.3,62.8,90.7,75.5,57.4,87.6,78.0,59.3,89.6,43.0,35.4,50.9,42.5,35.4,49.9
2022,zone,Haut Katanga,Pweto,151,17,5,15.8,8.7,27.1,82.7,73.5,89.2,71.1,43.6,88.7,62.0,34.2,83.7,53.6,28.5,77.1,83.2,73.5,89.9,76.6,57.4,88.8,63.3,36.1,84.1,54.0,28.2,77.8,70.4,43.6,88.0,60.6,33.5,82.4,53.6,28.5,77.1,69.8,41.5,88.3,60.8,33.3,82.8,52.2,28.0,75.4,61.2,36.4,81.3,37.7,24.2,53.3,38.4,24.6,54.4
2022,zone,Haut Katanga,Ruashi,152,26,5,28.4,13.0,51.3,68.7,44.3,85.9,71.0,49.0,86.2,66.6,48.0,81.1,60.0,42.5,75.3,68.7,44.3,85.9,71.0,49.0,86.2,66.6,48.0,81.1,60.5,42.3,76.2,71.0,49.0,86.2,66.6,48.0,81.1,60.0,42.5,75.3,71.0,49.0,86.2,66.6,48.0,81.1,58.3,42.4,72.6,60.0,42.5,75.3,27.2,14.1,45.9,26.5,13.8,44.9
2022,zone,Haut Katanga,Sakania,171,17,5,21.5,11.2,37.3,78.1,61.8,88.7,75.5,60.3,86.2,70.8,52.1,84.4,66.0,45.1,82.1,77.5,60.1,88.7,77.2,62.3,87.4,70.8,52.1,84.4,66.9,46.1,82.6,75.9,60.4,86.7,70.8,52.1,84.4,66.0,45.1,82.1,74.2,56.8,86.3,68.9,49.2,83.5,64.1,42.7,81.0,66.9,46.1,82.6,42.1,24.7,61.7,41.4,24.2,61.0
2022,zone,Haut Katanga,Tshamilemba,150,15,5,3.5,1.8,6.9,94.8,91.0,97.0,91.2,86.4,94.5,88.6,85.2,91.3,72.8,60.9,82.1,94.1,89.1,96.9,92.9,87.1,96.2,90.3,87.1,92.8,77.0,71.0,82.0,91.2,86.4,94.5,84.7,73.5,91.7,73.4,64.6,80.7,86.5,82.4,89.8,83.9,78.4,88.2,74.6,68.5,79.8,84.5,81.3,87.3,42.2,34.1,50.7,42.2,34.1,50.7
2022,zone,Haut Katanga,Vangu,155,11,5,18.4,5.5,46.7,81.6,53.3,94.5,79.0,45.1,94.5,75.8,36.6,94.4,66.8,33.4,89.0,81.6,53.3,94.5,80.6,50.0,94.5,76.7,39.5,94.3,66.9,33.6,89.0,79.0,45.1,94.5,75.8,36.6,94.4,66.8,33.4,89.0,76.5,43.9,93.2,73.3,35.7,93.1,63.7,31.0,87.3,66.9,33.6,89.0,36.6,27.2,47.1,36.6,27.2,47.1
2022,zone,Haut Lomami,Baka,130,4,4,0.0,0.0,0.0,98.2,79.6,99.9,100.0,100.0,100.0,99.4,89.1,100.0,97.4,83.9,99.6,99.1,89.0,99.9,100.0,100.0,100.0,100.0,100.0,100.0,96.4,89.3,98.8,100.0,100.0,100.0,98.9,80.0,99.9,97.4,83.9,99.6,98.9,80.0,99.9,98.9,80.0,99.9,97.4,83.9,99.6,98.5,92.4,99.7,67.6,46.4,83.4,67.6,46.4,83.4
2022,zone,Haut Lomami,Bukama,151,23,5,0.8,0.1,8.2,99.2,91.8,99.9,99.2,91.8,99.9,98.2,94.2,99.5,95.0,84.2,98.5,99.2,91.8,99.9,99.2,91.8,99.9,98.2,94.2,99.5,95.0,84.2,98.5,97.9,94.5,99.2,96.3,90.6,98.6,95.0,84.2,98.5,98.5,93.9,99.7,97.9,93.3,99.4,94.7,84.2,98.3,95.6,84.2,98.9,80.1,74.1,84.9,79.4,72.5,84.9
2022,zone,Haut Lomami,Butumba,150,16,5,9.6,4.5,19.3,89.1,76.8,95.3,86.5,67.8,95.1,83.9,58.6,95.1,81.3,50.0,95.0,89.1,76.8,95.3,87.8,72.4,95.2,86.5,67.8,95.1,82.6,54.2,95.0,86.5,67.8,95.1,85.2,63.1,95.1,82.6,54.2,95.0,86.5,67.8,95.1,83.9,58.6,95.1,81.3,50.0,95.0,80.0,46.0,95.0,74.3,57.4,86.1,74.3,57.4,86.1
2022,zone,Haut Lomami,Kabondo Dianda,151,20,5,0.8,0.1,8.2,99.2,91.8,99.9,99.2,91.8,99.9,97.6,89.8,99.5,97.6,89.8,99.5,99.2,91.8,99.9,99.2,91.8,99.9,97.6,89.8,99.5,97.6,89.8,99.5,99.2,91.8,99.9,96.0,90.6,98.4,96.9,92.0,98.8,99.2,91.8,99.9,96.0,84.8,99.0,96.0,84.8,99.0,97.6,89.8,99.5,83.6,56.2,95.3,83.6,56.2,95.3
2022,zone,Haut Lomami,Kabongo,147,32,5,2.2,0.4,12.1,97.4,85.6,99.6,97.4,85.6,99.6,97.4,85.6,99.6,92.4,83.2,96.8,97.4,85.6,99.6,97.8,87.9,99.6,96.7,91.4,98.8,92.4,83.2,96.8,96.3,89.6,98.7,96.3,89.6,98.7,93.5,82.1,97.8,95.2,88.2,98.1,95.2,88.2,98.1,90.9,80.3,96.0,93.5,82.1,97.8,74.7,61.3,84.7,74.7,61.3,84.7
2022,zone,Haut Lomami,Kamina,162,25,5,1.3,0.1,13.2,98.7,86.8,99.9,98.7,86.8,99.9,96.9,88.7,99.2,96.4,88.4,98.9,98.7,86.8,99.9,98.7,86.8,99.9,96.9,88.7,99.2,96.4,88.4,98.9,98.1,81.1,99.8,92.0,73.0,98.0,92.7,73.7,98.3,98.1,81.1,99.8,98.1,81.1,99.8,97.4,75.8,99.8,98.1,81.1,99.8,84.5,69.5,92.9,83.9,67.2,93.0
2022,zone,Haut Lomami,Kaniama,153,30,5,1.7,0.2,15.1,98.3,84.9,99.8,98.3,84.9,99.8,96.9,90.7,99.0,96.1,86.1,99.0,98.3,84.9,99.8,98.3,84.9,99.8,98.3,84.9,99.8,98.3,84.9,99.8,98.3,84.9,99.8,90.6,74.1,97.0,90.6,74.1,97.0,98.3,84.9,99.8,98.0,87.4,99.7,98.0,87.4,99.7,97.5,78.4,99.8,85.2,68.3,93.9,85.2,68.3,93.9
2022,zone,Haut Lomami,Kayamba,150,15,5,0.5,0.0,6.9,99.5,93.1,100.0,98.6,93.7,99.7,98.6,93.7,99.7,96.8,81.4,99.5,99.5,93.1,100.0,99.5,93.1,100.0,99.5,93.1,100.0,97.7,87.8,99.6,98.6,93.7,99.7,97.7,87.8,99.6,96.8,81.4,99.5,98.6,93.7,99.7,98.6,93.7,99.7,94.7,82.7,98.5,97.7,87.8,99.6,82.1,68.7,90.6,81.2,65.7,90.7
2022,zone,Haut Lomami,Kinda,152,14,5,2.4,0.7,7.4,97.6,92.6,99.3,95.6,90.0,98.1,93.7,86.1,97.3,93.7,86.1,97.3,97.6,92.6,99.3,97.0,93.1,98.8,94.9,87.2,98.0,94.4,86.3,97.8,95.6,90.0,98.1,92.1,85.8,95.7,92.9,88.6,95.6,95.6,90.0,98.1,94.3,87.1,97.6,94.3,87.1,97.6,94.7,83.0,98.5,80.2,61.3,91.2,80.2,61.3,91.2
2022,zone,Haut Lomami,Kinkondja,151,29,5,4.0,1.5,10.5,96.0,89.5,98.5,96.0,89.5,98.5,96.0,89.5,98.5,95.4,90.6,97.8,96.0,89.5,98.5,96.0,89.5,98.5,96.0,89.5,98.5,95.4,90.6,97.8,96.0,89.5,98.5,96.0,89.5,98.5,95.4,90.6,97.8,96.0,89.5,98.5,96.0,89.5,98.5,95.4,90.6,97.8,95.4,90.6,97.8,87.1,77.9,92.8,87.1,77.9,92.8
2022,zone,Haut Lomami,Kitenge,150,29,5,7.6,4.2,13.2,91.3,89.0,93.2,90.3,85.7,93.5,86.6,84.3,88.6,79.5,69.2,87.1,90.5,88.7,92.0,91.4,83.9,95.6,87.8,83.5,91.1,81.3,68.4,89.7,90.3,85.7,93.5,85.8,82.3,88.6,79.8,72.1,85.8,90.3,85.7,93.5,84.9,79.4,89.1,77.9,68.0,85.4,83.6,74.0,90.1,66.1,57.8,73.6,66.7,57.1,75.0
2022,zone,Haut Lomami,Lwamba,159,20,5,0.6,0.0,6.7,99.4,93.3,100.0,98.5,89.6,99.8,96.2,70.0,99.6,92.7,73.5,98.3,99.4,93.3,100.0,98.5,89.6,99.8,96.2,70.0,99.6,92.7,73.5,98.3,98.5,89.6,99.8,95.7,73.6,99.4,92.7,73.5,98.3,98.5,89.6,99.8,96.2,70.0,99.6,92.7,73.5,98.3,92.7,73.5,98.3,81.8,57.8,93.6,81.8,57.8,93.6
2022,zone,Haut Lomami,Malemba Nkulu,150,23,5,0.0,0.0,0.0,100.0,100.0,100.0,99.6,93.6,100.0,99.6,93.6,100.0,97.2,95.4,98.3,100.0,100.0,100.0,99.6,93.6,100.0,99.6,93.6,100.0,97.2,95.4,98.3,99.6,93.6,100.0,99.6,93.6,100.0,97.2,95.4,98.3,99.6,93.6,100.0,99.6,93.6,100.0,97.2,95.4,98.3,97.2,95.4,98.3,80.3,66.5,89.3,80.3,66.5,89.3
2022,zone,Haut Lomami,Mukanga,150,19,5,0.0,0.0,0.0,100.0,100.0,100.0,100.0,100.0,100.0,99.4,92.4,100.0,95.5,89.2,98.2,100.0,100.0,100.0,100.0,100.0,100.0,99.4,92.4,100.0,95.5,89.2,98.2,100.0,100.0,100.0,99.4,92.4,100.0,95.5,89.2,98.2,100.0,100.0,100.0,99.4,92.4,100.0,95.5,89.2,98.2,95.5,89.2,98.2,66.2,41.1,84.6,65.8,40.7,84.3
2022,zone,Haut Lomami,Mulongo,150,23,5,0.0,0.0,0.0,100.0,100.0,100.0,99.3,91.9,99.9,98.6,84.7,99.9,98.6,84.7,99.9,100.0,100.0,100.0,99.3,91.9,99.9,98.6,84.7,99.9,98.6,84.7,99.9,99.3,91.9,99.9,98.6,84.7,99.9,98.6,84.7,99.9,99.3,91.9,99.9,98.6,84.7,99.9,98.6,84.7,99.9,98.6,84.7,99.9,86.9,77.5,92.7,86.9,77.5,92.7
2022,zone,Haut Lomami,Songa,160,29,5,0.0,0.0,0.0,99.7,94.5,100.0,99.6,93.9,100.0,96.5,85.9,99.2,96.5,85.9,99.2,100.0,100.0,100.0,100.0,100.0,100.0,97.1,87.7,99.4,96.7,84.4,99.4,99.3,94.8,99.9,93.0,82.6,97.4,93.0,82.6,97.4,100.0,100.0,100.0,98.7,94.2,99.7,98.7,94.2,99.7,98.7,94.1,99.7,84.3,68.2,93.1,83.9,68.2,92.7
2022,zone,Haut Uele,Aba,180,16,5,27.5,15.2,44.5,61.7,46.6,74.8,57.7,45.4,69.1,45.9,35.2,57.1,30.6,23.1,39.2,62.9,56.2,69.2,61.6,48.9,72.9,49.3,38.0,60.7,33.2,28.9,37.8,57.1,42.6,70.4,44.8,34.5,55.7,30.6,23.1,39.2,54.8,40.9,68.0,37.1,32.1,42.3,25.8,20.3,32.2,44.0,34.1,54.3,18.6,13.2,25.4,21.2,17.6,25.4
2022,zone,Haut Uele,Boma Mangbetu,186,14,5,25.2,12.9,43.5,59.3,42.6,74.0,71.9,54.4,84.6,60.6,40.8,77.5,50.0,32.0,68.0,56.0,41.8,69.3,72.9,55.6,85.2,63.4,46.2,77.8,51.6,37.1,65.9,71.4,53.6,84.4,58.1,37.9,75.8,47.7,25.8,70.5,70.8,51.7,84.6,60.0,38.3,78.3,48.7,30.6,67.1,55.4,36.6,72.7,25.1,19.1,32.3,25.1,19.1,32.3
2022,zone,Haut Uele,Doruma,179,11,5,39.7,19.9,63.7,55.8,29.3,79.4,52.5,24.8,78.8,37.6,7.9,80.9,31.7,4.3,82.7,50.0,21.7,78.2,54.2,27.8,78.4,40.7,11.1,79.1,33.1,5.4,81.3,50.9,22.0,79.2,38.0,9.7,77.9,29.3,3.5,82.7,48.8,19.3,79.2,37.1,7.7,80.7,31.4,4.3,82.6,38.3,8.1,81.4,30.9,9.1,66.7,29.5,7.4,68.7
2022,zone,Haut Uele,Dungu,177,20,5,19.3,9.9,34.3,72.8,57.6,84.1,71.7,53.3,84.9,59.4,41.5,75.1,48.5,33.5,63.8,59.0,46.5,70.5,74.2,58.6,85.3,59.2,42.5,74.0,46.4,28.8,65.0,71.0,53.3,84.1,58.6,42.2,73.3,48.5,33.5,63.8,66.8,45.6,82.8,56.5,37.3,73.9,45.1,27.5,64.1,53.6,40.6,66.1,24.4,14.6,37.9,25.1,15.5,37.9
2022,zone,Haut Uele,Faradje,180,18,5,29.9,26.0,34.1,57.5,49.2,65.4,59.4,53.2,65.4,41.0,37.2,45.0,28.1,20.2,37.8,57.6,48.6,66.0,60.7,53.4,67.6,41.1,36.3,46.0,25.9,16.9,37.5,58.9,52.7,64.8,40.5,36.1,45.1,27.6,19.0,38.1,53.8,47.2,60.3,37.6,31.5,44.1,24.2,15.1,36.6,36.4,28.6,45.0,21.5,13.7,32.1,21.9,15.2,30.5
2022,zone,Haut Uele,Gombari,157,15,5,39.5,24.3,57.0,52.5,35.0,69.4,59.0,42.5,73.7,50.8,32.9,68.4,36.9,18.3,60.3,53.6,36.0,70.3,59.0,42.5,73.7,51.4,33.5,68.9,41.2,22.7,62.6,58.6,42.3,73.3,49.3,31.2,67.5,37.5,18.8,61.0,54.8,42.6,66.4,46.3,30.5,62.9,33.5,16.7,55.8,43.3,23.1,66.0,22.4,10.2,42.2,22.7,12.0,38.7
2022,zone,Haut Uele,Isiro,178,20,5,24.5,9.2,50.7,69.9,39.0,89.3,69.9,52.3,83.1,62.6,45.6,77.0,49.2,29.4,69.2,62.5,29.2,87.0,71.1,51.3,85.2,62.1,44.5,77.0,51.1,33.6,68.4,69.9,52.3,83.1,61.9,44.3,76.8,50.3,30.9,69.5,69.1,51.7,82.4,59.4,38.0,77.7,48.2,28.1,68.9,56.7,36.6,74.8,30.7,21.8,41.2,29.3,20.8,39.5
2022,zone,Haut Uele,Makoro,154,15,5,56.1,44.8,66.7,35.1,19.5,54.6,39.2,28.4,51.1,33.1,24.6,42.9,24.7,17.5,33.8,38.1,26.6,51.0,41.5,28.6,55.5,38.3,28.0,49.8,27.7,23.6,32.1,37.6,28.4,47.8,33.1,24.6,42.9,25.6,18.6,34.2,24.4,16.2,35.0,12.2,7.1,20.4,7.8,4.0,14.5,33.6,26.9,41.0,18.4,12.8,25.7,19.4,11.9,30.0
2022,zone,Haut Uele,Niangara,186,16,5,41.7,32.4,51.6,44.5,33.8,55.7,51.6,36.9,66.0,39.7,20.0,63.5,28.0,11.4,54.0,37.2,24.0,52.6,54.7,41.1,67.6,41.6,22.1,64.1,28.0,11.3,54.3,53.3,41.0,65.2,39.7,20.8,62.3,28.2,11.5,54.3,43.1,24.2,64.2,33.0,14.7,58.5,24.7,9.4,50.9,31.0,12.2,59.1,24.2,16.0,34.8,22.2,13.6,34.1
2022,zone,Haut Uele,Pawa,155,18,5,22.8,16.4,30.7,71.0,65.2,76.2,74.8,64.8,82.7,63.7,53.7,72.6,47.1,32.2,62.6,70.8,65.1,75.9,74.8,64.8,82.7,63.4,53.4,72.4,49.1,34.9,63.5,74.8,64.8,82.7,62.6,51.6,72.4,46.3,30.7,62.7,71.9,59.0,81.9,60.2,47.2,71.9,41.9,25.2,60.7,52.0,42.5,61.4,33.2,22.3,46.2,32.6,21.1,46.6
2022,zone,Haut Uele,Rungu,182,14,5,46.3,26.9,66.8,43.4,23.5,65.6,50.3,29.0,71.5,42.2,22.7,64.5,29.8,14.8,50.8,32.5,19.2,49.4,53.7,33.2,73.1,43.3,23.9,65.0,30.2,14.2,53.1,49.8,28.8,70.8,40.2,21.2,62.6,29.8,16.2,48.3,46.2,27.6,65.9,39.7,22.5,59.9,27.2,14.8,44.8,33.6,18.3,53.2,19.9,13.7,27.8,19.8,13.1,28.8
2022,zone,Haut Uele,Wamba,187,17,5,26.9,17.8,38.6,60.0,40.6,76.6,69.8,57.1,80.1,57.1,42.0,70.9,42.3,22.1,65.4,49.2,30.4,68.2,70.3,57.0,80.9,58.8,44.7,71.7,41.2,23.4,61.7,69.2,57.2,79.1,55.7,43.7,67.1,41.3,21.8,63.9,68.6,56.0,79.0,55.6,42.4,68.1,41.4,22.0,64.0,51.9,33.0,70.3,28.7,19.9,39.5,29.9,21.0,40.6
2022,zone,Haut Uele,Watsa,153,18,5,35.8,20.8,54.3,59.0,37.3,77.6,62.6,42.5,79.0,60.0,38.2,78.4,49.7,28.6,70.9,56.0,40.2,70.7,63.7,44.2,79.5,60.6,38.7,79.0,50.1,32.8,67.3,63.1,44.0,78.8,60.4,39.4,78.2,49.1,27.5,71.0,57.3,37.3,75.1,53.0,31.5,73.5,41.4,23.1,62.5,58.1,41.1,73.3,30.9,22.2,41.3,31.2,23.7,39.9
2022,zone,Ituri,Adi,152,19,5,1.1,0.2,6.2,72.4,39.2,91.4,98.9,93.8,99.8,92.2,85.6,95.9,81.1,74.3,86.4,62.7,39.7,81.1,98.9,93.8,99.8,92.2,85.6,95.9,79.9,73.3,85.2,98.9,93.8,99.8,92.2,85.6,95.9,81.3,72.2,87.9,92.6,70.3,98.5,81.5,69.0,89.7,58.8,51.2,66.0,82.1,75.0,87.5,56.6,39.6,72.2,56.6,39.6,72.2
2022,zone,Ituri,Adja,150,18,5,3.6,1.2,10.1,67.2,49.3,81.2,85.0,65.6,94.4,55.3,24.6,82.5,44.3,16.3,76.5,53.2,38.9,67.1,87.8,73.2,95.0,57.8,29.0,82.1,45.7,17.8,76.6,86.0,68.6,94.5,55.7,25.8,82.0,43.4,15.6,76.1,56.5,35.7,75.2,35.4,20.2,54.2,19.4,9.4,36.1,51.4,23.1,78.9,37.0,14.4,67.3,38.8,16.3,67.2
2022,zone,Ituri,Angumu,149,22,5,7.4,4.7,11.7,71.6,56.7,82.8,86.3,79.8,90.9,57.6,39.2,74.1,41.4,27.8,56.4,52.4,44.5,60.2,85.3,79.0,89.9,64.6,55.3,73.0,37.9,29.6,47.0,82.9,76.8,87.6,54.9,40.5,68.4,39.2,24.3,56.4,78.2,65.4,87.2,51.7,34.7,68.2,25.6,17.4,36.1,49.0,37.8,60.4,27.7,22.0,34.3,25.9,18.7,34.7
2022,zone,Ituri,Ariwara,152,22,5,2.8,1.8,4.3,87.3,67.1,95.9,94.4,85.8,97.9,90.6,67.1,97.8,84.8,66.0,94.1,65.9,53.1,76.8,94.4,85.8,97.9,87.5,74.5,94.4,73.1,54.6,85.9,94.4,85.8,97.9,88.1,70.6,95.8,83.5,68.9,92.0,78.8,67.7,86.9,58.7,41.8,73.8,43.6,24.9,64.3,87.9,70.1,95.8,48.3,35.7,61.2,47.7,35.1,60.6
2022,zone,Ituri,Aru,150,25,5,1.8,0.1,20.1,87.7,70.3,95.6,96.3,85.2,99.2,71.6,24.0,95.3,67.7,20.4,94.5,62.7,38.2,82.0,95.7,84.7,98.9,72.2,24.0,95.5,65.6,21.7,92.9,95.7,81.8,99.1,69.4,26.0,93.6,68.2,19.5,95.0,85.2,63.2,95.1,58.0,22.9,86.5,47.7,17.7,79.5,69.4,19.4,95.5,53.3,19.6,84.3,51.2,19.7,81.7
2022,zone,Ituri,Biringi,150,19,5,6.1,1.1,27.3,81.9,58.0,93.7,75.0,46.0,91.3,52.5,27.0,76.8,43.2,18.8,71.4,79.3,63.1,89.6,78.0,51.1,92.3,54.3,31.2,75.7,44.9,21.4,70.9,70.7,42.5,88.7,50.7,27.5,73.6,42.9,18.5,71.4,64.4,42.4,81.6,43.4,18.9,71.7,31.7,9.2,68.0,50.6,26.1,74.7,23.8,8.8,50.3,26.8,10.4,53.4
2022,zone,Ituri,Boga,150,10,5,4.4,1.4,12.9,93.2,82.2,97.6,93.6,83.4,97.7,86.5,71.9,94.1,70.0,62.5,76.5,64.7,27.1,90.1,93.2,81.2,97.7,82.7,64.6,92.6,67.7,63.5,71.5,95.3,86.9,98.4,87.9,76.0,94.4,70.5,62.8,77.3,92.1,80.9,97.0,82.7,63.6,92.9,69.9,60.6,77.8,78.6,71.4,84.3,52.1,39.5,64.4,50.3,36.6,64.0
2022,zone,Ituri,Bunia,153,23,5,1.4,0.3,6.1,89.6,76.5,95.8,95.9,92.9,97.7,91.7,88.1,94.3,73.9,62.5,82.8,55.0,27.6,79.7,98.2,91.8,99.6,91.8,89.0,93.9,75.4,68.1,81.5,93.8,88.2,96.9,88.8,83.4,92.6,74.4,62.9,83.2,94.0,90.3,96.4,89.4,84.3,92.9,66.3,50.3,79.3,83.3,71.1,91.0,51.1,33.5,68.4,51.4,36.5,66.0
2022,zone,Ituri,Fataki,90,14,3,5.2,1.3,19.2,78.6,51.3,92.7,93.0,77.6,98.1,76.5,33.6,95.4,56.0,27.1,81.3,72.7,52.5,86.6,93.0,77.6,98.1,70.4,51.2,84.4,56.9,30.3,79.9,93.0,77.6,98.1,71.9,47.5,87.9,57.5,25.1,84.5,93.0,77.6,98.1,70.4,51.2,84.4,56.0,27.1,81.3,70.2,17.7,96.3,51.7,11.3,90.0,51.7,11.3,90.0
2022,zone,Ituri,Gety,150,18,5,0.8,0.1,8.2,84.9,67.8,93.8,97.5,92.7,99.2,86.8,68.4,95.2,79.4,62.2,90.0,25.6,11.3,48.3,97.8,94.7,99.1,83.6,67.6,92.6,74.2,62.8,83.1,98.4,94.1,99.6,90.1,82.1,94.8,84.4,68.7,93.0,99.2,91.8,99.9,91.1,84.8,95.0,84.5,72.5,91.8,88.8,69.8,96.5,50.6,42.7,58.5,48.3,40.5,56.3
2022,zone,Ituri,Komanda,154,17,5,2.6,1.3,4.9,89.9,77.2,95.9,90.8,79.8,96.1,80.8,71.2,87.7,61.2,44.0,76.0,53.0,37.3,68.1,94.9,90.2,97.4,79.1,70.4,85.8,56.9,42.1,70.6,93.3,89.4,95.8,82.3,75.4,87.6,64.1,47.7,77.7,84.6,77.6,89.7,74.7,66.8,81.2,53.9,39.6,67.6,67.8,55.8,77.8,38.6,21.4,59.2,37.8,19.6,60.3
2022,zone,Ituri,Laybo,151,17,5,0.8,0.0,11.1,80.0,57.2,92.3,98.3,92.3,99.6,87.8,67.0,96.3,68.9,40.6,87.7,66.5,32.6,89.1,98.9,84.0,99.9,89.5,71.5,96.7,66.8,39.2,86.3,97.6,93.5,99.1,85.0,72.8,92.3,67.8,35.1,89.2,64.7,25.6,90.7,53.7,20.9,83.6,38.6,14.8,69.5,74.8,35.0,94.3,41.3,17.7,69.8,43.1,18.7,71.4
2022,zone,Ituri,Linga,60,16,2,0.0,,,88.1,65.4,98.2,100.0,,,94.8,59.3,100.0,82.8,1.2,100.0,53.8,1.3,99.4,98.1,32.4,100.0,94.8,59.3,100.0,70.0,,,100.0,,,93.3,,,79.5,1.7,100.0,92.9,24.3,100.0,87.6,12.6,100.0,73.8,36.0,95.8,86.2,36.1,99.9,57.6,13.3,93.8,57.6,13.3,93.8
2022,zone,Ituri,Lita,151,14,5,0.0,0.0,0.0,95.0,85.3,98.4,94.5,83.9,98.3,78.1,58.6,90.0,63.4,37.2,83.5,90.4,78.1,96.1,94.2,83.5,98.1,78.1,58.6,90.0,64.5,36.8,85.1,94.5,83.9,98.3,78.1,58.6,90.0,63.4,37.2,83.5,94.5,83.9,98.3,78.1,58.6,90.0,63.4,37.2,83.5,65.7,37.5,86.0,35.8,16.5,61.1,35.8,16.5,61.1
2022,zone,Ituri,Logo,150,26,5,0.6,0.0,7.1,90.1,71.8,97.0,96.8,84.3,99.4,82.4,76.9,86.9,68.8,55.5,79.5,76.6,67.0,84.1,96.2,86.3,99.1,80.6,75.7,84.7,62.7,55.7,69.2,95.3,83.7,98.8,80.6,74.8,85.3,68.2,58.1,76.9,85.7,79.3,90.3,69.2,54.3,80.9,53.8,48.9,58.6,73.8,58.9,84.7,47.7,39.0,56.5,47.1,38.9,55.4
2022,zone,Ituri,Mahagi,151,17,5,5.9,1.7,18.4,85.7,73.6,92.8,91.0,75.1,97.1,85.2,64.8,94.8,71.4,53.3,84.5,82.8,72.3,89.9,92.2,80.3,97.2,84.7,62.6,94.8,72.8,52.0,86.8,89.4,76.2,95.7,82.5,60.9,93.5,67.2,49.2,81.3,81.9,68.4,90.4,65.5,53.1,76.1,45.1,33.8,56.9,74.8,52.9,88.7,39.8,29.6,50.9,38.4,29.2,48.6
2022,zone,Ituri,Mambasa,150,17,5,16.6,10.7,24.8,51.7,28.6,74.2,68.6,54.0,80.2,46.4,31.5,62.0,31.7,16.4,52.4,44.9,24.8,66.8,69.0,51.8,82.1,50.4,36.8,63.8,31.2,15.0,53.9,66.6,48.5,80.8,44.6,28.9,61.4,31.0,17.6,48.5,57.2,44.0,69.5,35.7,21.2,53.4,19.5,8.2,39.6,34.8,20.3,52.8,22.0,9.6,43.0,20.2,7.6,43.8
2022,zone,Ituri,Mandima,149,18,5,22.2,12.3,36.9,71.1,49.2,86.2,75.4,62.7,84.9,65.3,52.2,76.4,48.6,38.1,59.2,25.9,16.0,39.0,77.1,64.4,86.3,68.9,56.9,78.9,41.9,26.5,59.1,73.6,58.4,84.7,65.0,52.1,75.9,48.9,38.1,59.8,71.3,58.3,81.5,56.9,41.2,71.4,31.4,21.2,43.9,51.3,40.7,61.8,35.7,23.0,50.7,35.2,23.6,48.8
2022,zone,Ituri,Mangala,152,11,5,13.2,5.2,29.8,80.1,66.4,89.2,79.4,61.2,90.4,51.5,29.0,73.4,33.4,15.0,58.7,64.1,39.2,83.2,82.1,66.1,91.5,54.2,33.3,73.8,34.7,16.6,58.8,79.4,61.2,90.4,50.9,27.6,73.8,33.3,15.6,57.5,73.5,56.6,85.6,47.5,25.3,70.7,31.3,14.1,55.9,44.9,20.2,72.3,22.9,8.4,48.9,23.5,8.9,49.0
2022,zone,Ituri,Mongbwalu,155,12,5,10.6,3.9,25.8,70.8,61.8,78.4,85.7,66.5,94.8,60.9,35.2,81.6,41.9,27.2,58.2,56.8,34.7,76.6,86.3,67.7,95.0,62.3,38.1,81.6,41.9,27.2,58.2,81.8,61.7,92.6,59.3,33.0,81.2,39.9,24.4,57.8,79.2,57.7,91.4,58.7,34.8,79.1,37.0,24.4,51.8,60.0,41.7,75.9,36.0,23.5,50.7,37.0,24.5,51.4
2022,zone,Ituri,Nia Nia,154,9,5,7.8,3.4,17.2,79.7,68.9,87.4,76.3,55.7,89.2,46.3,25.8,68.1,28.8,14.4,49.3,47.1,33.2,61.4,78.5,60.6,89.7,47.8,28.1,68.2,30.4,14.8,52.3,74.5,54.4,87.7,43.5,22.6,67.0,28.0,12.9,50.4,68.5,56.1,78.7,39.2,20.5,61.7,18.4,6.2,43.3,30.3,16.4,49.1,19.6,10.9,32.7,19.4,11.4,31.0
2022,zone,Ituri,Nizi,152,11,5,0.0,0.0,0.0,96.8,80.4,99.6,95.7,80.6,99.2,87.0,62.4,96.4,77.1,53.0,90.9,90.7,66.6,97.9,97.0,77.1,99.7,87.6,62.8,96.7,77.7,54.1,91.2,96.4,80.6,99.4,86.3,61.6,96.1,76.9,52.8,90.8,95.0,78.9,99.0,86.3,61.6,96.1,76.7,52.5,90.8,78.7,57.5,91.0,49.8,29.6,70.1,49.8,29.6,70.1
2022,zone,Ituri,Nyankunde,153,11,5,1.8,0.3,9.6,92.6,73.8,98.3,89.8,56.8,98.3,78.2,42.7,94.5,71.3,32.6,92.7,84.2,55.8,95.8,89.8,56.8,98.3,78.6,43.1,94.7,71.3,32.6,92.7,89.4,56.8,98.2,77.7,40.8,94.6,71.8,34.0,92.6,89.4,56.8,98.2,78.2,42.7,94.5,71.3,32.6,92.7,78.2,37.3,95.6,46.0,27.3,66.0,46.0,27.3,66.0
2022,zone,Ituri,Nyarambe,149,23,5,9.5,3.7,22.1,73.7,59.6,84.2,84.4,67.1,93.5,75.7,56.8,88.1,61.0,48.1,72.6,71.1,51.0,85.3,85.1,66.1,94.4,77.9,59.0,89.6,58.5,41.9,73.4,84.5,66.5,93.7,74.3,57.2,86.2,57.0,45.3,67.9,80.6,59.8,92.1,68.0,51.5,81.0,38.9,32.1,46.2,68.2,52.6,80.5,35.7,19.7,55.6,35.7,19.7,55.6
2022,zone,Ituri,Rethy,89,22,3,1.3,0.0,26.8,89.8,70.1,97.1,96.8,80.0,99.6,88.6,51.6,98.3,76.8,42.7,93.6,69.8,49.7,84.4,95.5,76.8,99.3,83.6,19.3,99.1,66.0,29.5,90.0,95.5,76.8,99.3,89.0,51.7,98.4,77.6,32.6,96.1,84.7,49.6,96.9,79.5,32.0,97.0,68.5,27.4,92.6,82.8,55.5,94.9,57.1,40.0,72.7,57.1,40.0,72.7
2022,zone,Ituri,Rimba,149,22,5,0.7,0.1,8.1,90.1,83.5,94.2,95.2,88.8,98.0,81.8,74.5,87.3,61.7,50.0,72.1,49.3,34.0,64.8,95.6,89.3,98.3,79.7,68.3,87.8,59.3,48.8,68.9,93.5,88.7,96.3,81.3,72.9,87.6,60.0,46.7,72.0,80.2,64.6,90.0,61.6,34.7,82.9,41.7,20.5,66.5,68.3,54.2,79.6,31.7,14.3,56.3,32.2,14.4,57.2
2022,zone,Ituri,Rwampara,151,14,5,0.0,0.0,0.0,97.1,86.3,99.4,99.4,91.9,100.0,90.8,61.9,98.4,84.5,56.4,95.8,91.9,68.4,98.3,99.4,91.9,100.0,90.8,61.9,98.4,84.5,56.4,95.8,99.4,91.9,100.0,90.2,60.7,98.2,85.1,58.1,95.9,99.4,91.9,100.0,90.8,61.9,98.4,84.5,56.4,95.8,86.7,62.1,96.3,40.8,21.2,63.9,40.5,20.8,63.9
2022,zone,Ituri,Tchomia,153,13,5,3.0,0.7,11.1,90.2,85.0,93.8,92.1,81.0,97.0,83.9,76.8,89.1,71.9,68.9,74.7,41.9,29.9,55.0,92.6,79.8,97.5,84.9,72.2,92.4,71.2,61.7,79.2,91.9,79.0,97.2,84.5,75.4,90.7,73.7,67.2,79.4,87.9,82.3,91.8,80.2,72.1,86.4,70.0,61.5,77.4,73.9,65.9,80.5,47.9,32.7,63.5,46.2,32.6,60.3
2022,zone,Kasai,Banga Lubaka,180,18,5,8.9,4.6,16.5,87.3,76.5,93.6,82.3,75.7,87.4,73.0,68.1,77.5,60.9,55.3,66.3,84.4,65.4,94.0,82.3,75.7,87.4,72.5,67.6,77.0,60.9,56.4,65.2,82.3,75.7,87.4,72.6,66.3,78.0,60.9,56.4,65.2,82.3,75.7,87.4,73.0,68.1,77.5,60.9,55.3,66.3,62.4,59.2,65.6,30.7,19.5,44.8,30.7,19.5,44.8
2022,zone,Kasai,Bulape,181,19,5,16.3,6.0,37.0,65.3,33.1,87.7,69.2,47.2,84.9,41.8,19.9,67.5,26.8,11.5,50.8,49.7,33.1,66.4,76.3,51.6,90.7,44.7,25.2,66.0,29.1,15.5,47.8,67.8,49.4,81.9,38.6,19.9,61.4,26.8,11.5,50.8,54.2,30.4,76.2,36.0,17.4,60.2,23.4,10.2,45.2,41.2,23.5,61.6,17.9,11.4,27.1,16.7,10.8,24.8
2022,zone,Kasai,Dekese,180,23,5,33.7,20.8,49.7,51.0,34.0,67.9,47.1,32.2,62.6,34.9,19.8,53.8,23.6,10.5,44.8,59.6,42.7,74.4,62.2,42.9,78.3,38.4,22.7,56.9,24.1,12.2,42.1,46.7,30.6,63.5,33.9,20.2,51.1,22.7,10.7,41.7,36.8,25.5,49.7,26.9,20.5,34.6,16.4,8.8,28.6,37.4,21.1,57.1,23.7,18.8,29.3,20.1,12.3,31.2
2022,zone,Kasai,Ilebo,181,19,5,2.7,0.8,8.5,92.8,89.0,95.3,80.4,65.1,90.0,56.6,37.9,73.6,51.1,34.3,67.6,86.9,78.6,92.3,81.7,69.3,89.8,56.6,37.9,73.6,51.1,34.3,67.6,80.8,64.4,90.8,56.6,37.9,73.6,51.1,34.3,67.6,81.2,68.6,89.6,56.6,37.9,73.6,51.1,34.3,67.6,51.1,34.3,67.6,36.5,22.1,53.8,36.5,22.1,53.8
2022,zone,Kasai,Kakenge,169,24,5,4.2,0.4,31.1,81.3,60.6,92.5,85.4,69.3,93.8,65.6,41.1,83.9,50.4,24.2,76.4,62.8,39.4,81.4,85.4,69.3,93.8,65.0,41.7,82.8,49.7,23.1,76.5,82.5,68.1,91.2,57.3,38.4,74.3,44.7,21.8,70.1,76.1,57.0,88.5,58.3,36.0,77.7,41.9,20.1,67.4,54.2,26.5,79.5,25.5,10.8,49.1,24.3,10.8,46.1
2022,zone,Kasai,Kalonda Ouest,171,28,5,18.5,8.2,36.8,67.7,47.9,82.7,58.7,24.6,86.1,35.8,14.3,65.2,26.1,8.1,58.5,67.4,50.2,80.9,70.7,58.0,80.8,40.2,20.2,64.2,25.6,7.2,60.6,57.3,26.5,83.3,35.8,14.3,65.2,26.7,7.9,60.6,55.2,23.8,82.9,41.8,20.0,67.4,31.3,12.9,58.4,39.4,18.4,65.3,25.1,6.0,63.7,27.4,7.9,62.4
2022,zone,Kasai,Kamonia,195,25,5,17.1,7.0,36.3,70.8,53.1,83.8,67.4,47.3,82.6,49.8,38.1,61.5,36.5,29.8,43.8,67.1,49.9,80.7,72.7,52.3,86.6,52.2,40.8,63.3,37.8,28.1,48.5,64.0,47.0,78.2,46.8,35.9,58.0,35.1,28.4,42.5,62.8,42.8,79.3,46.7,32.8,61.1,33.7,24.7,44.0,46.4,36.1,57.0,26.4,21.2,32.4,25.0,20.1,30.6
2022,zone,Kasai,Kamwesha,185,28,5,18.2,7.8,36.7,73.1,47.7,89.0,69.9,56.6,80.5,45.5,28.5,63.6,37.8,18.9,61.3,69.8,49.1,84.7,70.7,55.9,82.1,43.7,24.7,64.7,38.3,18.9,62.3,63.1,43.0,79.5,42.9,24.0,64.1,36.8,17.8,61.0,65.4,48.7,79.0,44.5,28.7,61.6,38.2,19.8,60.8,54.7,38.7,69.8,39.8,21.5,61.4,41.4,23.1,62.5
2022,zone,Kasai,Kanzala,168,17,5,10.3,7.1,14.9,77.2,71.5,82.0,75.1,70.0,79.7,54.0,40.6,66.9,37.8,25.2,52.3,73.8,66.3,80.2,81.0,78.5,83.2,57.8,45.2,69.5,37.9,27.5,49.6,72.8,65.8,78.7,53.1,38.8,66.9,36.6,24.3,51.0,65.6,56.1,74.0,49.7,36.9,62.5,29.4,18.7,43.0,51.1,42.2,59.9,25.6,14.3,41.5,25.3,14.0,41.2
2022,zone,Kasai,Kitangwa,180,28,5,27.0,16.0,41.9,68.2,50.4,81.9,60.4,40.5,77.4,35.9,22.3,52.3,26.0,16.4,38.8,63.0,50.6,73.9,63.0,46.2,77.2,36.9,25.1,50.5,27.1,18.2,38.4,55.0,39.1,69.8,34.1,22.8,47.5,27.1,16.7,40.9,60.1,45.8,72.9,39.7,22.7,59.7,30.9,20.1,44.2,40.9,26.6,56.8,25.7,20.8,31.3,27.3,22.6,32.4
2022,zone,Kasai,Luebo,179,26,5,12.0,5.7,23.4,74.7,66.0,81.7,72.9,55.2,85.5,48.0,39.1,57.0,29.8,23.2,37.3,74.7,63.9,83.2,73.4,54.8,86.2,49.4,41.2,57.6,30.3,24.4,36.8,72.9,55.2,85.5,46.4,37.5,55.5,27.8,21.0,35.9,66.0,50.3,78.9,40.1,29.8,51.2,23.5,14.4,36.0,39.1,25.2,55.0,16.1,8.4,28.6,16.6,8.6,29.4
2022,zone,Kasai,Mikope,180,23,5,4.3,2.7,6.7,90.1,85.5,93.4,90.8,82.8,95.3,74.3,67.1,80.4,60.6,50.8,69.7,82.9,67.2,92.0,90.8,82.8,95.3,74.3,67.1,80.4,60.1,49.7,69.7,90.3,81.1,95.3,73.5,65.6,80.2,60.6,50.8,69.7,90.8,82.8,95.3,73.8,65.6,80.7,60.6,50.8,69.7,60.6,50.8,69.7,44.2,29.9,59.4,44.7,31.0,59.3
2022,zone,Kasai,Mushenge,184,24,5,9.0,1.9,33.6,70.4,36.4,90.8,80.6,57.7,92.7,57.3,38.6,74.2,43.8,23.5,66.3,80.3,57.0,92.6,88.2,61.2,97.2,64.3,51.7,75.1,48.2,32.9,63.8,80.1,57.8,92.2,60.0,46.6,72.0,45.6,27.9,64.4,64.4,38.2,84.1,48.6,26.7,71.1,38.0,16.0,66.4,65.1,45.4,80.7,36.4,18.9,58.4,31.6,14.1,56.7
2022,zone,Kasai,Mutena,182,20,5,30.5,12.5,57.4,54.8,30.6,76.9,59.8,35.9,79.7,39.0,19.6,62.6,29.0,11.2,56.8,47.0,26.0,69.2,64.4,36.9,84.8,41.0,21.2,64.3,28.4,10.9,56.3,59.3,34.5,80.1,38.4,19.2,62.2,29.0,11.2,56.8,55.9,34.8,75.1,24.9,10.1,49.5,18.6,4.6,51.9,38.3,16.9,65.4,22.5,13.0,36.1,21.6,10.9,38.2
2022,zone,Kasai,Mweka,183,28,5,5.7,2.4,13.3,82.9,67.6,91.8,80.7,66.2,90.0,65.6,43.2,82.7,53.4,31.5,74.1,71.6,50.8,86.0,81.1,66.4,90.3,66.9,44.2,83.8,53.8,32.2,74.0,80.7,66.2,90.0,64.2,42.7,81.2,50.9,32.9,68.6,74.3,54.7,87.3,55.3,30.7,77.5,44.0,22.9,67.6,53.8,31.7,74.6,34.5,15.7,59.7,34.8,15.5,60.8
2022,zone,Kasai,Ndjoko Mpunda,179,20,5,4.0,1.7,9.3,87.3,74.0,94.3,75.1,58.6,86.5,45.6,22.2,71.1,39.1,16.4,67.7,80.5,65.3,90.1,75.4,61.7,85.4,46.6,22.8,72.0,39.9,18.3,66.3,74.5,58.5,85.8,45.6,22.2,71.1,38.7,16.2,67.3,69.8,50.6,83.9,43.6,20.9,69.3,35.5,13.7,65.6,39.8,17.2,67.7,25.0,11.0,47.2,25.0,11.0,47.2
2022,zone,Kasai,Nyanga,186,12,5,9.2,6.4,13.0,80.3,67.0,89.1,74.4,63.9,82.7,66.3,55.2,75.8,60.5,49.3,70.7,77.8,71.1,83.3,75.4,64.1,84.0,66.7,55.0,76.7,59.6,48.8,69.5,74.4,63.9,82.7,66.3,55.2,75.8,60.5,49.3,70.7,74.4,63.9,82.7,65.8,55.2,75.0,56.7,48.9,64.1,60.4,48.2,71.4,36.9,22.8,53.8,36.9,22.8,53.8
2022,zone,Kasai,Tshikapa,160,24,5,7.4,2.4,20.8,88.4,75.4,95.0,65.1,26.0,90.8,46.9,16.1,80.3,34.0,10.0,70.4,81.0,71.8,87.7,66.4,28.0,90.9,47.7,17.1,80.1,35.3,10.3,72.0,64.6,26.0,90.4,45.7,15.5,79.5,33.4,9.6,70.3,64.6,26.0,90.4,44.4,15.3,78.0,32.0,9.6,67.4,35.3,10.3,72.0,21.0,7.7,45.9,21.0,7.7,45.9
2022,zone,Kasai Central,Bena Leka,154,25,5,17.8,11.3,26.9,68.2,54.4,79.4,76.0,67.7,82.7,60.0,39.6,77.4,44.9,26.4,64.9,68.9,48.6,83.8,78.3,68.5,85.7,61.3,42.7,77.2,50.1,28.5,71.6,73.4,62.4,82.1,60.0,39.6,77.4,45.6,27.3,65.0,65.6,54.2,75.5,52.4,32.8,71.3,36.2,22.5,52.6,55.7,32.5,76.6,34.4,22.7,48.5,33.1,22.9,45.1
2022,zone,Kasai Central,Bena Tshadi,150,11,5,4.9,2.1,11.0,87.2,79.1,92.5,87.9,84.0,91.0,75.5,63.7,84.4,57.6,44.7,69.6,85.8,73.4,93.0,87.9,84.0,91.0,75.5,66.2,82.9,60.5,45.5,73.8,87.9,84.0,91.0,75.0,63.5,83.8,54.8,42.1,66.8,83.7,74.9,89.8,70.6,54.9,82.6,46.4,28.1,65.8,55.6,39.0,71.1,24.5,12.6,42.3,22.5,12.8,36.4
2022,zone,Kasai Central,Bilomba,154,15,5,6.1,1.6,20.3,76.0,62.4,85.8,85.9,71.6,93.6,69.3,42.2,87.5,48.4,25.6,71.8,68.5,55.9,78.8,87.6,71.9,95.1,70.8,47.1,86.9,52.0,30.8,72.5,85.3,73.3,92.4,68.0,42.7,85.9,49.1,24.4,74.3,79.6,63.8,89.7,63.6,37.1,83.8,39.7,22.2,60.4,65.2,46.1,80.3,36.0,24.3,49.7,35.6,23.8,49.5
2022,zone,Kasai Central,Bobozo,160,9,5,2.4,0.7,8.4,91.9,88.9,94.1,89.0,79.5,94.4,76.7,62.9,86.5,66.3,51.4,78.5,89.6,80.1,94.8,91.4,82.7,95.9,77.9,62.5,88.2,68.9,53.9,80.8,88.0,77.0,94.1,76.7,62.9,86.5,67.6,51.3,80.5,87.5,77.8,93.4,76.0,63.0,85.5,61.4,52.5,69.6,66.9,48.2,81.4,42.2,37.6,46.9,40.4,35.0,46.0
2022,zone,Kasai Central,Bunkonde,157,14,5,5.6,2.4,12.8,90.2,84.1,94.1,87.3,79.9,92.2,58.4,50.5,66.0,52.9,47.6,58.2,91.1,84.9,94.9,89.1,81.2,93.9,59.0,48.4,68.8,53.5,46.8,60.0,86.0,74.0,93.0,57.4,47.7,66.5,51.8,44.8,58.8,82.3,71.2,89.7,56.4,49.3,63.2,48.3,44.3,52.2,76.2,69.6,81.7,39.1,26.2,53.6,39.7,26.4,54.8
2022,zone,Kasai Central,Demba,153,26,5,7.7,1.7,28.8,83.2,67.9,92.1,87.8,70.3,95.7,66.3,50.7,79.1,52.9,32.7,72.2,81.0,61.8,91.8,87.8,70.5,95.6,69.5,52.8,82.3,52.9,32.7,72.2,87.8,70.3,95.7,65.0,48.3,78.7,51.5,32.3,70.2,84.8,65.7,94.2,64.0,44.5,79.8,40.8,22.6,62.0,64.7,43.2,81.5,39.7,33.1,46.7,39.0,32.8,45.7
2022,zone,Kasai Central,Dibaya,156,17,5,2.3,1.0,5.1,91.3,84.4,95.3,89.1,65.7,97.2,77.6,57.3,89.9,65.0,51.3,76.6,84.1,64.4,93.9,91.5,74.2,97.6,77.9,57.6,90.1,63.0,51.6,73.1,89.1,65.7,97.2,76.2,57.1,88.5,65.0,51.3,76.6,87.9,67.8,96.2,72.3,57.2,83.6,55.2,49.4,60.9,68.7,52.1,81.6,39.0,31.3,47.3,39.0,31.3,47.3
2022,zone,Kasai Central,Kalomba,154,17,5,0.4,0.0,6.0,79.9,64.3,89.7,90.9,81.0,95.9,76.2,62.0,86.3,51.1,33.9,68.1,77.5,43.2,94.0,94.2,81.5,98.3,79.8,68.5,87.8,49.9,37.2,62.6,91.3,80.1,96.5,74.7,62.6,83.9,50.8,36.1,65.3,58.5,40.8,74.3,47.9,32.1,64.2,21.8,14.8,30.8,56.2,47.8,64.3,27.0,16.5,40.8,27.0,17.0,40.0
2022,zone,Kasai Central,Kananga,156,24,5,10.5,3.5,27.6,79.4,69.9,86.5,87.2,69.4,95.4,78.1,68.5,85.4,68.7,65.6,71.7,76.6,68.2,83.3,89.2,72.9,96.2,77.8,65.3,86.8,69.3,60.8,76.7,85.7,65.2,95.0,74.1,65.9,81.0,65.2,60.1,70.0,84.7,71.3,92.5,69.5,62.9,75.4,54.1,48.7,59.4,78.1,65.3,87.1,50.1,36.3,63.8,46.5,34.6,58.8
2022,zone,Kasai Central,Katende,152,13,5,2.0,0.2,20.4,95.1,82.5,98.7,97.3,74.0,99.8,87.5,53.9,97.7,78.0,45.4,93.8,93.0,83.2,97.2,96.1,73.4,99.6,89.5,64.0,97.6,79.3,50.5,93.5,97.3,74.0,99.8,87.5,53.9,97.7,75.7,46.5,91.8,92.4,77.7,97.7,82.1,54.6,94.6,69.6,39.5,88.9,83.6,61.5,94.2,47.2,30.0,65.0,46.5,29.3,64.7
2022,zone,Kasai Central,Katoka,165,10,5,7.3,3.7,14.0,85.5,76.9,91.3,88.7,78.9,94.3,75.1,61.3,85.2,58.3,40.8,73.9,79.7,66.7,88.5,89.5,82.6,93.8,78.6,69.9,85.2,61.6,43.2,77.2,87.8,76.4,94.1,72.1,62.2,80.2,59.0,40.6,75.1,83.9,76.3,89.4,69.4,58.0,78.7,52.8,37.5,67.6,69.7,50.4,83.9,43.0,34.8,51.5,41.4,35.0,48.2
2022,zone,Kasai Central,Luambo,151,21,5,7.9,1.0,41.4,88.3,61.3,97.3,87.0,52.3,97.6,74.0,43.2,91.4,62.9,37.7,82.6,75.0,56.1,87.6,87.8,55.5,97.7,73.8,46.4,90.2,60.1,37.2,79.3,84.6,52.8,96.4,69.4,44.8,86.4,60.6,37.5,79.7,85.2,55.8,96.4,69.6,45.2,86.4,52.8,31.5,73.1,60.1,39.7,77.4,37.7,25.6,51.5,33.4,20.5,49.3
2022,zone,Kasai Central,Lubondaie,155,20,5,2.3,0.6,8.5,93.7,78.1,98.4,91.4,85.2,95.1,79.9,65.4,89.3,67.7,48.9,82.1,92.9,75.9,98.2,92.0,85.1,95.8,79.9,64.1,89.8,65.9,47.1,80.7,91.9,86.8,95.2,79.9,65.4,89.3,67.7,48.9,82.1,86.8,80.4,91.3,74.4,61.0,84.4,59.8,40.8,76.3,68.9,51.0,82.5,35.5,22.6,50.8,36.3,22.3,53.1
2022,zone,Kasai Central,Lubunga,156,12,5,4.7,2.0,10.7,91.4,84.4,95.5,91.1,82.5,95.7,80.9,70.6,88.3,62.7,42.0,79.6,75.3,64.5,83.6,89.6,79.9,95.0,80.2,68.2,88.5,63.3,42.8,79.9,91.1,82.5,95.7,78.2,68.1,85.8,63.7,43.7,79.8,84.1,70.6,92.1,71.5,57.0,82.7,51.7,31.9,71.0,67.9,49.9,81.8,28.9,19.9,39.8,25.5,15.5,38.9
2022,zone,Kasai Central,Luiza,151,20,5,3.3,3.3,3.4,87.2,66.5,95.9,92.0,86.1,95.5,77.9,70.0,84.2,65.7,55.8,74.4,88.8,72.2,96.0,93.2,86.6,96.7,79.9,68.8,87.8,65.7,55.5,74.7,91.3,84.4,95.3,75.2,66.4,82.2,66.4,56.3,75.3,89.3,76.4,95.5,75.9,67.7,82.5,55.5,38.5,71.3,67.8,61.7,73.4,39.6,25.3,55.9,36.9,24.3,51.7
2022,zone,Kasai Central,Lukonga,155,19,5,3.9,0.8,17.0,91.6,81.5,96.4,92.7,82.9,97.1,84.2,67.5,93.1,73.4,53.8,86.7,86.2,77.9,91.8,91.6,81.7,96.4,84.7,71.0,92.6,73.8,57.7,85.3,92.8,80.7,97.5,83.4,66.6,92.7,73.4,53.8,86.7,86.9,70.9,94.8,78.7,63.3,88.7,62.6,44.7,77.5,74.6,56.4,86.9,35.8,29.9,42.1,35.4,28.5,42.9
2022,zone,Kasai Central,Masuika,152,23,5,1.9,0.2,15.9,94.5,80.6,98.6,93.2,82.7,97.5,81.5,71.0,88.8,71.7,58.5,81.9,66.3,34.7,87.9,93.9,80.2,98.3,81.5,71.0,88.8,72.8,61.4,81.9,93.2,82.7,97.5,79.7,71.8,85.8,71.0,58.6,81.0,92.5,83.5,96.8,78.0,72.3,82.8,65.1,52.4,76.1,74.2,53.4,87.8,48.3,27.8,69.4,47.1,28.1,67.0
2022,zone,Kasai Central,Mikalayi,151,26,5,1.8,0.3,10.3,90.9,80.2,96.1,93.4,86.4,96.9,78.0,57.1,90.4,65.7,46.8,80.6,83.1,77.7,87.4,94.1,90.3,96.4,76.4,58.8,88.0,61.4,42.8,77.2,92.6,83.6,96.9,77.4,56.8,89.9,65.9,47.8,80.3,89.4,87.9,90.8,73.0,58.4,83.9,60.7,48.1,72.0,72.7,60.4,82.3,53.8,46.9,60.6,54.5,46.9,62.0
2022,zone,Kasai Central,Muetshi,153,12,5,8.0,1.3,36.7,77.9,64.4,87.3,88.3,69.7,96.1,79.6,66.2,88.6,62.2,50.7,72.4,74.5,52.3,88.7,87.5,69.3,95.6,80.9,68.4,89.3,59.4,50.3,67.9,88.1,63.0,97.0,76.7,65.0,85.3,66.0,52.4,77.4,83.0,59.0,94.3,73.1,57.4,84.6,58.1,44.5,70.5,66.7,50.6,79.7,36.7,24.2,51.3,34.5,23.3,47.7
2022,zone,Kasai Central,Mutoto,153,15,5,4.5,1.1,16.8,87.7,75.1,94.4,84.2,76.1,89.9,68.6,50.2,82.6,48.8,25.2,72.9,86.9,75.7,93.4,85.1,74.1,92.0,70.1,49.1,85.1,51.8,29.5,73.3,84.1,78.0,88.8,67.6,50.6,81.0,47.5,25.0,71.0,72.3,57.4,83.5,59.8,41.9,75.4,38.1,20.6,59.4,58.0,32.4,79.9,31.4,19.4,46.5,30.4,18.3,46.1
2022,zone,Kasai Central,Ndekesha,159,18,5,3.4,0.8,13.1,88.0,76.8,94.2,88.7,75.9,95.1,77.0,67.5,84.4,54.1,40.2,67.4,81.7,68.7,90.1,93.2,86.4,96.7,75.9,60.5,86.6,46.8,40.7,53.1,89.0,79.1,94.5,74.7,68.3,80.2,52.5,40.9,63.8,70.5,46.2,86.9,57.4,38.3,74.5,35.3,27.4,44.0,69.2,58.2,78.3,43.4,28.9,59.1,43.9,30.1,58.6
2022,zone,Kasai Central,Ndesha,160,9,5,3.8,1.0,13.1,92.0,82.2,96.6,92.4,80.4,97.3,87.4,77.1,93.4,65.9,61.0,70.6,92.3,82.3,96.8,93.5,84.0,97.5,87.4,77.1,93.4,67.2,63.5,70.6,92.4,80.4,97.3,86.0,77.6,91.6,65.2,59.8,70.2,91.2,82.5,95.8,84.8,76.8,90.3,59.2,54.0,64.2,70.2,63.4,76.1,37.5,27.6,48.4,35.2,25.3,46.7
2022,zone,Kasai Central,Tshibala,163,24,5,2.9,0.5,15.4,85.6,71.5,93.3,92.7,84.1,96.8,79.0,54.5,92.2,56.0,29.0,79.9,58.8,28.1,83.9,92.7,82.3,97.2,79.3,57.0,91.8,56.4,28.1,81.0,92.7,84.1,96.8,76.1,54.9,89.3,56.3,28.6,80.6,88.5,79.6,93.8,73.2,52.9,86.9,50.1,26.7,73.4,57.9,29.9,81.6,32.2,12.6,61.1,25.3,15.2,39.2
2022,zone,Kasai Central,Tshikaji,159,14,5,1.3,0.2,8.8,94.6,89.1,97.4,96.9,83.5,99.5,89.4,77.8,95.3,74.1,59.1,85.0,87.9,79.7,93.0,97.8,88.7,99.6,84.3,79.7,88.0,75.3,69.7,80.1,96.9,83.5,99.5,88.6,76.8,94.8,73.7,58.7,84.7,94.2,79.3,98.6,83.7,78.2,88.0,58.7,47.0,69.5,80.0,57.6,92.2,50.3,32.9,67.6,51.3,31.1,71.0
2022,zone,Kasai Central,Tshikula,152,16,5,4.6,1.6,12.6,88.1,81.1,92.7,94.1,83.2,98.1,62.6,45.4,77.1,53.9,40.3,66.9,86.6,75.6,93.1,92.5,77.4,97.8,62.1,44.2,77.2,53.6,36.3,70.1,91.9,81.0,96.8,58.4,44.4,71.3,54.8,39.0,69.7,92.1,76.3,97.7,61.5,46.3,74.8,47.7,36.2,59.4,84.9,75.9,90.9,56.1,46.5,65.1,55.5,45.9,64.7
2022,zone,Kasai Central,Yangala,155,29,5,3.0,1.0,8.8,90.2,79.1,95.7,92.6,84.9,96.6,81.3,68.7,89.6,63.2,58.1,67.9,83.2,59.6,94.3,92.6,84.7,96.6,81.3,68.7,89.6,63.2,57.2,68.9,92.6,84.9,96.6,80.8,68.7,89.0,62.2,58.4,65.8,89.6,76.3,95.8,73.7,67.8,78.9,45.3,33.4,57.7,62.7,56.0,68.9,32.4,27.2,38.2,25.2,19.3,32.0
2022,zone,Kasai Oriental,Bibanga,154,17,5,37.5,13.6,69.7,52.0,17.9,84.3,57.2,26.0,83.6,45.4,19.4,74.2,38.3,16.0,67.0,55.2,21.8,84.5,58.7,28.1,83.8,47.7,23.3,73.3,41.4,19.6,67.2,57.2,26.0,83.6,44.2,19.0,72.8,37.2,15.3,66.0,54.1,21.7,83.3,44.7,19.5,73.1,38.7,17.5,65.1,44.6,22.1,69.5,25.7,11.1,48.7,28.9,14.7,48.9
2022,zone,Kasai Oriental,Bipemba,156,20,5,13.7,7.7,23.2,78.5,69.2,85.6,80.1,64.8,89.8,67.5,45.0,84.1,52.5,34.3,70.1,71.8,68.6,74.8,82.5,70.2,90.4,68.5,47.3,84.0,53.6,36.8,69.5,80.1,64.8,89.8,67.5,45.0,84.1,51.8,35.1,68.0,75.3,60.8,85.7,59.3,37.6,77.9,20.8,12.8,32.1,54.5,34.7,73.0,22.1,13.7,33.5,22.1,13.7,33.5
2022,zone,Kasai Oriental,Bonzola,158,16,5,18.5,7.6,38.7,77.2,49.5,92.1,78.2,58.8,90.0,68.4,54.3,79.8,59.2,45.3,71.7,76.8,49.5,91.8,81.5,61.3,92.4,71.0,55.4,82.8,61.1,45.6,74.7,79.4,57.5,91.6,69.7,54.8,81.4,60.9,45.8,74.2,72.3,57.8,83.2,68.3,51.6,81.3,56.1,37.4,73.3,70.1,49.3,85.0,45.6,26.2,66.4,45.7,26.0,66.9
2022,zone,Kasai Oriental,Cilundu,153,16,5,7.0,4.0,11.9,89.8,82.6,94.3,87.8,78.4,93.5,75.7,54.5,89.0,64.2,46.7,78.6,89.0,81.6,93.7,91.3,83.3,95.6,77.4,58.2,89.4,65.8,49.3,79.2,86.2,75.2,92.8,76.9,58.3,88.8,64.2,46.7,78.6,85.7,74.4,92.5,75.3,54.3,88.6,64.9,46.1,80.0,69.9,55.1,81.4,33.8,21.0,49.4,33.8,21.0,49.4
2022,zone,Kasai Oriental,Citenge,154,18,5,15.8,12.0,20.5,83.5,79.5,86.9,77.8,72.4,82.4,63.7,54.5,72.0,54.9,37.0,71.6,83.5,79.5,86.9,80.3,73.9,85.4,64.8,57.1,71.8,55.2,37.0,72.2,78.9,72.9,83.8,64.8,57.1,71.8,55.5,38.1,71.6,77.5,72.2,82.0,63.9,55.9,71.2,50.6,33.2,67.8,59.6,44.4,73.2,33.1,24.6,42.9,32.5,22.3,44.5
2022,zone,Kasai Oriental,Dibindi,159,13,5,10.4,5.1,19.9,86.1,75.0,92.8,79.1,71.9,84.8,65.6,52.5,76.7,52.2,40.1,64.0,72.5,65.1,78.8,82.9,77.8,87.1,66.1,54.7,75.8,53.3,40.2,65.9,77.3,67.8,84.6,62.5,47.5,75.4,50.6,36.6,64.5,70.6,61.7,78.2,58.9,45.2,71.3,41.6,25.9,59.1,60.0,49.8,69.4,23.0,15.5,32.7,21.7,15.6,29.4
2022,zone,Kasai Oriental,Diulu,152,19,5,15.3,6.6,31.7,74.2,57.3,86.1,78.7,63.1,88.9,65.7,47.4,80.3,44.3,28.8,61.0,66.6,49.7,80.1,78.4,61.3,89.3,64.5,46.0,79.4,41.3,25.5,59.2,78.7,63.1,88.9,63.6,47.1,77.5,45.2,30.2,61.1,74.1,55.0,87.0,62.1,44.1,77.3,33.1,19.8,49.9,49.8,34.7,64.8,24.6,14.3,39.0,30.7,19.6,44.6
2022,zone,Kasai Oriental,Kabeya Kamwanga,156,15,5,6.8,2.2,19.2,74.6,65.0,82.3,86.7,71.4,94.4,71.0,45.1,87.9,56.6,32.4,78.0,73.0,60.2,82.8,87.4,73.4,94.6,70.9,45.5,87.6,56.9,31.4,79.2,84.6,67.0,93.7,69.5,39.0,89.1,57.6,34.8,77.6,77.9,54.2,91.3,64.9,35.9,85.9,41.1,21.4,64.2,64.4,43.6,81.0,40.8,28.0,55.0,40.8,28.0,55.0
2022,zone,Kasai Oriental,Kansele,152,16,5,10.6,4.2,24.2,82.4,67.7,91.3,81.5,68.0,90.1,69.3,52.0,82.5,53.6,35.2,71.0,76.0,54.7,89.2,85.6,71.7,93.3,72.0,54.9,84.4,51.8,33.8,69.4,81.0,66.2,90.2,68.2,49.2,82.7,53.0,34.9,70.4,77.1,57.8,89.2,64.3,44.7,80.1,47.4,34.5,60.6,58.6,45.2,70.8,29.0,15.4,47.9,28.5,15.6,46.2
2022,zone,Kasai Oriental,Kasansa,156,18,5,32.6,14.5,57.8,55.7,33.1,76.2,64.1,37.4,84.2,55.2,28.5,79.2,47.0,25.2,70.1,46.6,31.6,62.3,64.9,37.7,84.9,56.0,28.9,79.9,47.0,25.2,70.1,64.1,37.4,84.2,54.6,28.5,78.3,48.2,25.3,72.0,61.2,36.8,81.1,51.1,27.4,74.4,42.4,23.0,64.5,50.3,26.3,74.2,30.5,16.8,48.8,29.3,13.0,53.3
2022,zone,Kasai Oriental,Lubilanji,154,15,5,16.2,8.4,29.1,78.4,65.8,87.2,76.7,60.2,87.7,57.3,39.4,73.5,44.4,32.5,57.1,80.7,69.0,88.6,76.1,59.3,87.4,58.2,39.3,74.9,45.0,32.1,58.6,75.3,59.7,86.3,56.7,40.0,72.1,43.8,32.6,55.7,70.4,55.4,82.1,56.7,40.0,72.1,42.5,31.2,54.6,53.3,43.2,63.1,24.5,15.1,37.1,23.2,13.6,36.7
2022,zone,Kasai Oriental,Lukelenge,151,20,5,22.5,14.7,32.9,75.6,63.4,84.7,69.6,54.6,81.3,56.5,39.1,72.4,41.8,28.8,56.0,65.4,55.6,74.1,72.9,58.5,83.7,57.3,37.1,75.2,39.7,24.3,57.5,68.9,52.5,81.6,54.5,37.1,70.9,41.8,28.8,56.0,65.8,48.9,79.4,54.7,34.7,73.2,31.7,23.3,41.5,47.0,32.8,61.7,31.8,22.6,42.7,29.9,19.8,42.5
2022,zone,Kasai Oriental,Miabi,155,14,5,5.3,3.1,8.8,89.6,84.5,93.1,92.2,86.6,95.6,79.0,65.4,88.2,66.6,45.1,82.9,91.3,88.8,93.3,92.2,86.6,95.6,79.6,70.0,86.7,69.3,51.0,83.0,90.9,85.4,94.5,78.5,65.2,87.7,65.5,45.9,81.0,87.5,79.3,92.7,76.9,63.2,86.6,66.6,45.1,82.9,71.3,49.7,86.2,46.9,26.7,68.1,46.2,27.3,66.1
2022,zone,Kasai Oriental,Mpokolo,160,15,5,16.4,9.8,26.2,74.8,66.5,81.5,70.7,60.2,79.4,58.2,45.9,69.6,42.5,32.5,53.1,69.1,59.8,77.1,75.0,63.0,84.1,60.5,47.3,72.4,44.2,34.0,54.9,70.1,58.4,79.6,56.9,44.4,68.6,41.8,30.8,53.6,66.4,58.4,73.4,52.1,41.9,62.1,24.5,17.7,32.9,45.0,36.0,54.3,16.9,9.9,27.4,16.3,10.0,25.3
2022,zone,Kasai Oriental,Mukumbi,153,16,5,20.5,10.4,36.6,77.0,65.9,85.3,70.3,51.8,83.9,53.4,31.5,74.0,36.8,18.7,59.6,71.7,52.0,85.6,71.0,54.7,83.2,53.4,31.5,74.0,36.4,17.0,61.5,70.3,51.8,83.9,52.6,32.1,72.2,36.0,18.9,57.6,66.8,50.9,79.6,49.6,31.2,68.1,32.1,17.6,51.1,40.1,23.3,59.6,22.8,13.0,37.0,23.6,12.8,39.6
2022,zone,Kasai Oriental,Muya,154,19,5,27.9,18.9,39.2,63.5,54.4,71.7,63.7,50.9,74.8,43.2,33.9,53.0,30.1,19.4,43.5,65.6,55.1,74.8,63.2,49.8,74.7,45.8,36.4,55.6,29.5,19.5,42.0,63.7,50.9,74.8,42.5,34.5,50.9,29.5,20.0,41.2,58.8,46.7,69.9,42.0,32.0,52.6,25.8,15.7,39.4,37.4,29.4,46.1,10.0,4.5,20.6,9.9,4.4,20.6
2022,zone,Kasai Oriental,Nzaba,151,18,5,17.9,14.5,21.9,69.8,54.0,82.0,75.4,71.6,78.9,56.6,49.8,63.2,41.0,29.0,54.3,69.8,54.3,81.7,77.0,72.5,81.0,59.0,46.2,70.8,43.4,28.2,59.9,77.0,72.5,81.0,57.4,48.9,65.5,40.0,26.6,55.1,73.4,66.1,79.6,57.5,48.0,66.4,34.6,26.8,43.3,48.5,34.4,62.9,22.9,14.3,34.7,22.9,14.3,34.7
2022,zone,Kasai Oriental,Tshilenge,154,21,5,27.6,14.8,45.7,57.5,34.7,77.5,61.5,44.8,75.9,47.8,30.6,65.5,35.3,19.7,54.9,47.7,39.2,56.4,62.4,45.5,76.7,49.0,33.2,65.1,34.3,18.1,55.2,59.4,41.4,75.2,47.3,30.3,65.0,35.3,19.7,54.9,53.5,33.7,72.3,43.8,26.8,62.5,30.3,17.1,47.7,45.9,31.7,60.8,28.2,19.1,39.4,27.7,19.8,37.3
2022,zone,Kasai Oriental,Tshishimbi,155,19,5,21.5,8.6,44.5,67.5,52.0,79.8,71.2,39.4,90.4,58.1,33.7,79.1,46.5,23.4,71.2,62.3,47.9,74.8,73.4,48.3,89.1,59.5,37.6,78.1,46.0,22.9,70.9,72.8,42.6,90.6,59.6,36.2,79.4,46.4,23.0,71.5,67.2,41.2,85.7,53.0,31.5,73.4,33.5,17.4,54.7,50.5,29.1,71.7,30.2,13.4,54.7,30.3,12.3,57.3
2022,zone,Kinshasa,Bandalungwa,150,8,5,0.9,0.1,8.4,98.2,94.3,99.4,99.1,91.6,99.9,97.2,89.6,99.3,90.4,86.0,93.5,98.2,94.3,99.4,99.1,91.6,99.9,98.5,93.8,99.6,88.2,85.9,90.1,98.6,93.6,99.7,96.7,90.5,98.9,93.8,92.4,94.9,95.9,91.3,98.1,93.3,93.3,93.3,84.7,78.6,89.3,96.6,91.7,98.7,76.8,66.0,85.0,77.8,68.5,84.9
2022,zone,Kinshasa,Barumbu,149,10,5,1.8,0.2,12.6,98.2,87.4,99.8,97.4,89.9,99.4,96.6,87.5,99.2,93.7,85.2,97.5,98.2,87.4,99.8,96.6,87.5,99.2,96.6,87.5,99.2,88.1,83.6,91.5,97.4,89.9,99.4,97.4,89.9,99.4,96.4,87.1,99.1,95.4,86.9,98.5,94.8,84.6,98.4,90.3,72.1,97.1,94.5,78.8,98.8,76.6,62.2,86.7,76.6,62.2,86.7
2022,zone,Kinshasa,Binza Meteo,152,11,5,1.0,0.1,8.7,99.0,91.3,99.9,98.0,83.5,99.8,93.2,74.1,98.5,91.9,69.5,98.3,99.0,91.3,99.9,98.0,83.5,99.8,93.5,73.2,98.7,90.9,64.6,98.2,98.0,83.5,99.8,93.2,74.1,98.5,91.9,69.5,98.3,97.7,86.2,99.6,93.2,74.3,98.5,91.6,70.4,98.0,93.5,73.2,98.7,65.5,58.7,71.6,65.8,59.3,71.6
2022,zone,Kinshasa,Binza Ozone,154,15,5,0.0,0.0,0.0,100.0,100.0,100.0,100.0,100.0,100.0,97.7,88.8,99.6,81.4,67.1,90.4,99.1,91.9,99.9,99.3,92.2,99.9,97.0,91.1,99.0,79.8,65.6,89.1,100.0,100.0,100.0,97.7,88.8,99.6,81.8,68.8,90.1,96.3,84.9,99.2,93.3,78.0,98.2,77.1,61.6,87.6,96.5,90.6,98.7,69.4,59.9,77.5,68.9,60.1,76.5
2022,zone,Kinshasa,Biyela,162,11,6,0.5,0.0,5.1,99.5,94.9,100.0,97.5,86.0,99.6,96.0,87.6,98.8,93.4,85.9,97.0,99.5,94.9,100.0,97.5,86.0,99.6,95.4,88.5,98.3,92.8,85.3,96.7,97.5,86.0,99.6,96.0,87.6,98.8,93.4,85.9,97.0,83.5,75.0,89.5,82.0,72.9,88.5,61.6,45.1,75.7,93.4,85.9,97.0,63.5,58.6,68.1,63.5,58.6,68.1
2022,zone,Kinshasa,Bumbu,149,19,5,0.8,0.1,8.5,99.2,91.5,99.9,99.2,91.5,99.9,99.2,91.5,99.9,95.8,91.8,97.9,99.2,91.5,99.9,99.2,91.5,99.9,99.2,91.5,99.9,95.5,91.6,97.7,99.2,91.5,99.9,99.2,91.5,99.9,95.8,91.8,97.9,99.2,91.5,99.9,99.2,91.5,99.9,96.6,92.5,98.5,98.0,94.4,99.3,74.5,63.6,83.1,74.3,64.5,82.2
2022,zone,Kinshasa,Gombe,140,10,5,1.5,0.1,15.3,98.5,84.7,99.9,96.3,90.7,98.6,95.4,92.4,97.3,90.6,77.9,96.3,98.5,84.7,99.9,96.9,91.9,98.9,95.4,92.4,97.3,91.4,81.3,96.3,96.3,90.7,98.6,95.4,92.4,97.3,91.4,81.3,96.3,96.3,90.7,98.6,94.6,91.0,96.8,89.0,74.3,95.8,95.4,82.8,98.9,71.1,59.6,80.5,70.3,56.5,81.2
2022,zone,Kinshasa,Kalamu 1,150,10,5,1.2,0.1,8.7,98.8,91.3,99.9,98.8,91.3,99.9,97.6,83.5,99.7,96.6,89.7,98.9,98.8,91.3,99.9,98.8,91.3,99.9,97.6,83.5,99.7,97.4,85.2,99.6,98.8,91.3,99.9,98.0,94.3,99.3,96.9,91.3,98.9,96.4,92.1,98.4,96.1,90.1,98.5,94.1,85.2,97.8,98.6,92.7,99.7,71.9,59.6,81.6,71.2,59.8,80.5
2022,zone,Kinshasa,Kalamu 2,150,8,5,0.0,0.0,0.0,100.0,100.0,100.0,100.0,100.0,100.0,99.3,92.2,99.9,98.1,90.4,99.7,98.7,93.9,99.7,100.0,100.0,100.0,99.4,92.7,100.0,97.5,85.9,99.6,100.0,100.0,100.0,99.3,92.2,99.9,98.1,90.4,99.7,97.6,85.0,99.7,94.9,87.6,98.0,92.0,82.7,96.5,98.8,86.1,99.9,71.8,66.0,76.9,72.2,65.7,77.9
2022,zone,Kinshasa,Kasa Vubu,153,7,5,0.0,0.0,0.0,97.5,83.2,99.7,98.3,94.3,99.5,98.3,94.3,99.5,94.8,88.7,97.7,97.5,83.2,99.7,99.0,91.8,99.9,98.3,94.3,99.5,94.4,88.7,97.3,97.9,94.7,99.1,97.9,94.7,99.1,94.0,88.7,96.9,96.5,90.4,98.8,96.5,90.4,98.8,91.3,80.9,96.3,97.9,94.7,99.1,78.8,69.0,86.0,78.8,69.0,86.0
2022,zone,Kinshasa,Kikimi,150,9,5,2.2,0.4,10.6,97.8,89.4,99.6,93.7,87.2,97.0,93.7,87.2,97.0,91.7,85.2,95.5,97.8,89.4,99.6,95.9,89.3,98.5,93.7,82.1,97.9,80.0,68.4,88.1,93.7,87.2,97.0,93.7,87.2,97.0,93.0,85.0,96.9,79.7,68.0,87.9,79.1,67.8,87.2,57.2,44.7,68.8,93.0,85.0,96.9,46.5,33.5,60.1,47.3,33.0,62.0
2022,zone,Kinshasa,Kimbanseke,153,11,5,1.3,0.3,6.0,98.7,94.0,99.7,95.6,87.3,98.6,95.6,87.3,98.6,90.9,77.5,96.6,97.3,90.6,99.3,96.0,85.8,99.0,89.3,77.0,95.4,66.4,47.5,81.2,95.6,87.3,98.6,95.6,87.3,98.6,91.4,79.1,96.7,84.1,65.2,93.8,79.6,55.6,92.4,55.6,42.9,67.7,94.0,81.4,98.3,60.0,48.9,70.2,60.5,49.3,70.7
2022,zone,Kinshasa,Kingabwa,151,10,5,1.3,0.3,6.0,98.7,94.0,99.7,97.4,91.4,99.3,72.0,64.0,78.9,70.2,61.7,77.5,98.1,89.7,99.7,98.1,89.7,99.7,72.0,64.0,78.9,70.2,61.7,77.5,97.4,91.4,99.3,72.0,64.0,78.9,70.2,61.7,77.5,96.8,89.9,99.0,70.7,59.9,79.7,68.9,57.4,78.4,96.8,92.3,98.7,66.8,53.8,77.6,66.8,53.8,77.6
2022,zone,Kinshasa,Kingasani,154,8,5,0.0,0.0,0.0,100.0,100.0,100.0,99.6,94.2,100.0,98.7,92.1,99.8,91.8,86.6,95.1,100.0,100.0,100.0,99.6,94.2,100.0,95.4,81.2,99.0,89.1,78.1,95.0,99.6,94.2,100.0,98.7,92.1,99.8,91.8,86.6,95.1,93.9,74.3,98.8,89.3,71.7,96.5,71.8,43.5,89.4,96.7,89.6,99.0,63.7,54.0,72.3,61.9,52.9,70.1
2022,zone,Kinshasa,Kinshasa,151,7,5,0.0,0.0,0.0,100.0,100.0,100.0,99.2,92.2,99.9,97.3,95.1,98.6,87.4,84.8,89.6,99.2,92.2,99.9,99.2,92.2,99.9,98.6,94.0,99.7,89.5,88.1,90.7,99.2,92.2,99.9,96.7,93.3,98.4,92.8,85.0,96.7,99.2,92.2,99.9,97.4,92.3,99.1,92.8,88.2,95.7,96.6,90.3,98.8,74.3,67.1,80.4,74.9,67.4,81.2
2022,zone,Kinshasa,Kintambo,148,8,5,0.5,0.0,6.8,99.5,93.2,100.0,99.5,93.2,100.0,99.5,93.2,100.0,70.4,55.9,81.7,99.5,93.2,100.0,99.5,93.2,100.0,99.5,93.2,100.0,70.4,55.9,81.7,99.5,93.2,100.0,99.5,93.2,100.0,70.4,55.9,81.7,98.8,94.0,99.8,98.1,94.3,99.4,93.3,76.2,98.4,99.5,93.2,100.0,76.2,64.6,84.9,76.2,64.6,84.9
2022,zone,Kinshasa,Kisenso,150,17,5,1.4,0.3,6.7,97.5,86.3,99.6,93.3,80.4,97.9,92.2,83.1,96.6,63.2,47.7,76.4,97.1,87.1,99.4,93.3,80.4,97.9,93.0,80.5,97.7,63.2,47.7,76.4,91.8,84.4,95.8,91.4,84.4,95.5,62.4,48.2,74.8,91.8,84.4,95.8,91.4,84.4,95.5,85.3,76.1,91.3,90.8,85.3,94.4,56.0,44.4,67.1,56.0,44.4,67.1
2022,zone,Kinshasa,Kokolo,150,24,5,2.3,1.1,4.9,97.0,92.4,98.8,96.1,94.3,97.4,78.0,69.1,84.8,74.3,65.4,81.6,97.7,95.1,98.9,97.1,93.3,98.8,78.0,69.1,84.8,74.3,65.4,81.6,96.1,94.3,97.4,78.0,69.1,84.8,74.3,65.4,81.6,96.1,94.3,97.4,77.2,69.2,83.7,74.3,65.4,81.6,91.7,83.7,96.0,65.9,47.0,80.9,65.9,47.0,80.9
2022,zone,Kinshasa,Lemba,153,14,5,2.6,0.7,9.4,94.0,77.6,98.6,95.0,88.5,97.9,94.2,84.6,98.0,89.6,75.3,96.0,94.0,77.6,98.6,95.8,88.6,98.5,93.3,85.8,96.9,89.4,80.0,94.7,95.0,88.5,97.9,93.4,80.2,98.0,89.4,80.0,94.7,90.1,73.6,96.7,86.6,64.2,95.9,74.6,60.8,84.8,92.4,82.0,97.0,63.3,43.4,79.5,63.3,43.4,79.5
2022,zone,Kinshasa,Limete,150,11,5,4.8,2.3,9.5,95.0,90.9,97.3,93.1,91.3,94.5,82.1,72.0,89.0,80.4,68.1,88.8,94.7,91.7,96.7,94.0,92.5,95.2,82.1,72.0,89.0,80.4,68.1,88.8,93.1,91.3,94.5,82.1,72.0,89.0,80.4,68.1,88.8,93.1,91.3,94.5,82.1,72.0,89.0,80.4,68.1,88.8,91.5,88.0,94.1,65.9,52.4,77.2,65.9,52.4,77.2
2022,zone,Kinshasa,Lingwala,149,8,5,2.6,1.4,4.7,97.4,95.3,98.6,95.7,87.5,98.6,95.7,87.5,98.6,87.2,77.0,93.3,97.4,95.3,98.6,95.9,91.3,98.1,95.9,91.3,98.1,88.8,78.9,94.4,95.9,91.3,98.1,95.9,91.3,98.1,92.4,81.4,97.1,95.5,91.5,97.7,95.5,91.5,97.7,90.1,74.3,96.6,95.9,91.3,98.1,73.6,65.7,80.2,72.5,63.0,80.3
2022,zone,Kinshasa,Makala,152,14,5,1.1,0.2,6.5,98.9,93.5,99.8,98.5,91.3,99.7,97.6,91.8,99.3,94.7,89.2,97.4,98.5,91.3,99.7,98.5,91.3,99.7,97.8,91.9,99.4,95.1,90.4,97.6,98.5,91.3,99.7,98.2,91.6,99.6,93.8,90.2,96.1,95.9,93.4,97.5,94.4,88.9,97.3,86.7,65.5,95.7,97.1,88.8,99.3,70.2,63.2,76.4,69.8,61.2,77.2
2022,zone,Kinshasa,Maluku 1,150,17,5,1.7,0.2,11.8,96.0,93.9,97.4,94.9,90.2,97.5,93.7,89.0,96.5,91.2,83.1,95.7,95.6,93.3,97.2,94.3,90.0,96.8,90.8,88.4,92.7,65.3,57.1,72.7,94.9,90.2,97.5,92.7,90.0,94.6,84.7,78.1,89.5,79.7,67.6,88.1,77.8,64.4,87.2,52.0,41.0,62.9,91.4,88.9,93.4,53.4,46.5,60.2,53.4,46.5,60.2
2022,zone,Kinshasa,Maluku 2,129,12,5,2.2,0.5,9.7,97.5,90.9,99.3,92.7,80.5,97.5,92.1,80.4,97.0,91.1,79.7,96.4,97.5,90.9,99.3,95.1,84.2,98.6,93.8,85.4,97.5,68.1,54.2,79.5,90.6,76.0,96.7,90.6,76.0,96.7,89.6,75.8,96.0,87.6,71.7,95.2,87.6,71.7,95.2,59.7,52.1,66.7,93.3,79.6,98.0,58.8,41.7,73.9,58.8,41.7,73.9
2022,zone,Kinshasa,Masina 1,150,12,5,0.0,0.0,0.0,100.0,100.0,100.0,100.0,100.0,100.0,98.1,88.5,99.7,89.7,76.4,95.9,100.0,100.0,100.0,100.0,100.0,100.0,98.1,88.5,99.7,89.7,76.4,95.9,100.0,100.0,100.0,98.1,88.5,99.7,89.7,76.4,95.9,99.3,91.9,99.9,96.6,88.1,99.1,87.5,69.0,95.6,89.7,76.4,95.9,55.4,25.4,81.9,55.4,25.4,81.9
2022,zone,Kinshasa,Masina 2,150,11,5,0.0,0.0,0.0,100.0,100.0,100.0,99.4,92.5,100.0,99.4,92.5,100.0,98.8,93.9,99.8,100.0,100.0,100.0,99.4,92.5,100.0,99.4,92.5,100.0,99.4,92.5,100.0,99.4,92.5,100.0,99.4,92.5,100.0,99.4,92.5,100.0,97.6,74.1,99.8,97.6,74.1,99.8,86.9,64.4,96.1,99.4,92.5,100.0,62.1,44.3,77.2,63.2,45.1,78.1
2022,zone,Kinshasa,Matete,151,13,5,0.0,0.0,0.0,99.2,91.8,99.9,97.2,95.5,98.3,87.1,79.1,92.3,87.1,79.1,92.3,98.6,93.8,99.7,100.0,100.0,100.0,90.1,85.3,93.5,90.1,85.3,93.5,98.6,94.0,99.7,89.3,82.2,93.7,89.3,82.2,93.7,95.4,87.1,98.5,87.6,79.5,92.8,78.9,59.8,90.4,98.3,94.3,99.5,72.3,58.7,82.8,72.3,58.7,82.8
2022,zone,Kinshasa,Mont Ngafula 1,150,17,5,1.1,0.1,8.4,98.4,93.7,99.6,98.9,91.6,99.9,97.0,90.9,99.1,69.6,54.9,81.2,96.0,85.3,99.0,98.9,91.6,99.9,96.4,91.9,98.4,68.5,53.8,80.2,98.9,91.6,99.9,95.3,89.6,98.0,69.6,54.9,81.2,98.9,91.6,99.9,97.0,90.9,99.1,89.6,65.7,97.5,90.8,66.1,98.0,55.2,28.9,78.9,55.2,28.9,78.9
2022,zone,Kinshasa,Mont Ngafula 2,151,14,5,0.6,0.1,7.6,99.4,92.4,99.9,98.7,94.0,99.7,95.6,88.1,98.5,83.3,72.8,90.4,99.4,92.4,99.9,98.7,85.6,99.9,96.9,86.9,99.3,83.3,71.3,91.0,99.4,92.4,99.9,96.2,90.7,98.5,84.0,72.2,91.4,97.6,88.4,99.5,93.9,84.2,97.8,92.7,82.0,97.3,96.2,90.7,98.5,61.1,45.6,74.6,60.4,44.8,74.2
2022,zone,Kinshasa,Ndjili,150,14,5,0.4,0.0,6.2,99.6,93.8,100.0,99.6,93.8,100.0,98.3,78.2,99.9,89.2,65.9,97.3,98.9,94.0,99.8,99.6,93.8,100.0,98.3,78.2,99.9,89.2,65.9,97.3,99.6,93.8,100.0,98.3,78.2,99.9,89.2,65.9,97.3,98.3,89.0,99.8,97.0,83.7,99.5,86.1,66.1,95.1,89.2,65.9,97.3,46.0,21.0,73.1,46.0,21.0,73.1
2022,zone,Kinshasa,Ngaba,155,6,5,1.9,0.3,10.6,98.1,89.4,99.7,96.9,90.9,99.0,96.4,88.9,98.9,93.9,87.3,97.1,98.1,89.4,99.7,98.1,89.4,99.7,94.9,89.8,97.6,92.4,84.5,96.4,97.1,86.6,99.4,97.1,86.6,99.4,94.6,85.4,98.1,96.4,83.6,99.3,95.7,79.8,99.2,90.0,73.6,96.7,94.7,81.6,98.6,66.5,54.8,76.4,68.4,58.7,76.6
2022,zone,Kinshasa,Ngiri Ngiri,152,8,5,2.7,0.8,8.1,97.3,91.9,99.2,96.1,94.0,97.4,95.4,92.8,97.1,84.9,80.1,88.7,97.3,91.9,99.2,96.1,94.0,97.4,95.4,90.7,97.8,84.2,76.2,89.9,95.4,88.8,98.2,95.4,88.8,98.2,89.3,75.2,95.9,95.3,88.9,98.1,95.3,88.9,98.1,87.3,73.0,94.6,95.4,90.7,97.8,79.3,64.7,88.9,79.3,64.7,88.9
2022,zone,Kinshasa,Nsele,151,14,5,6.2,2.6,14.2,93.8,85.8,97.4,89.7,84.1,93.5,89.1,84.1,92.7,87.4,81.3,91.6,93.8,85.8,97.4,93.3,84.2,97.3,90.8,84.4,94.7,61.6,54.5,68.3,89.1,84.8,92.3,88.5,84.0,91.9,86.8,79.4,91.7,78.1,68.4,85.5,75.7,64.1,84.4,48.7,38.2,59.3,91.8,86.1,95.3,53.6,38.0,68.5,53.6,38.0,68.5
2022,zone,Kinshasa,Police,152,11,5,1.9,0.4,8.8,98.1,91.2,99.6,95.9,92.0,98.0,93.0,85.7,96.7,86.7,70.8,94.6,98.1,91.2,99.6,95.9,92.0,98.0,93.2,86.4,96.7,87.5,76.2,93.9,95.3,90.7,97.6,93.0,85.7,96.7,87.3,73.8,94.4,92.9,84.7,96.9,89.8,76.2,96.0,83.7,65.5,93.3,91.9,81.6,96.6,58.5,55.7,61.2,58.6,54.9,62.3
2022,zone,Kinshasa,Selembao,152,18,5,1.1,0.1,8.7,98.9,91.3,99.9,98.6,93.0,99.7,98.6,93.0,99.7,97.4,95.0,98.6,98.9,91.3,99.9,98.9,91.3,99.9,98.2,93.7,99.5,97.4,95.0,98.6,98.6,93.0,99.7,98.6,93.0,99.7,97.4,95.0,98.6,97.0,96.0,97.8,97.0,96.0,97.8,96.7,96.6,96.8,98.6,93.0,99.7,81.7,71.9,88.7,82.1,73.1,88.5
2022,zone,Kongo Central,Boko Kivulu,181,20,5,14.8,5.1,36.2,81.0,60.8,92.1,84.8,63.4,94.7,69.3,39.3,88.7,61.9,40.3,79.6,77.3,50.5,92.0,84.8,63.4,94.7,69.8,39.1,89.3,62.4,40.1,80.4,84.8,63.4,94.7,69.3,39.3,88.7,61.4,40.5,78.8,83.6,61.7,94.2,67.7,37.8,87.8,59.9,40.4,76.6,76.1,65.8,84.1,43.8,38.4,49.3,45.2,38.4,52.2
2022,zone,Kongo Central,Boma,181,12,5,4.8,2.9,7.9,90.2,80.6,95.4,93.7,89.6,96.2,88.6,85.9,90.8,80.2,75.3,84.3,91.8,87.0,95.0,94.7,91.0,96.9,91.2,88.6,93.3,81.0,74.0,86.4,92.8,87.7,95.9,87.1,84.8,89.2,80.0,74.7,84.4,89.9,81.9,94.6,87.2,76.9,93.3,70.3,59.8,79.0,86.8,80.2,91.4,50.1,45.3,55.0,50.1,45.3,55.0
2022,zone,Kongo Central,Boma Bungu,184,12,5,11.8,7.2,18.8,86.4,79.2,91.4,86.3,73.6,93.4,77.6,66.4,85.8,64.1,48.9,76.8,85.9,77.3,91.5,86.5,74.1,93.5,79.3,65.8,88.4,65.7,48.5,79.6,86.3,73.6,93.4,77.6,66.4,85.8,64.7,48.8,77.9,82.1,71.0,89.6,74.6,63.4,83.3,55.9,41.0,69.8,70.7,52.6,84.0,42.7,29.3,57.3,43.4,27.8,60.3
2022,zone,Kongo Central,Gombe Matadi,180,15,5,0.3,0.0,5.1,98.8,91.3,99.8,99.2,95.1,99.9,86.0,68.3,94.6,76.0,63.0,85.5,84.2,52.7,96.2,99.2,95.1,99.9,85.4,69.1,93.9,77.6,58.2,89.6,99.2,95.1,99.9,85.0,69.8,93.3,74.8,63.8,83.3,98.2,95.3,99.4,84.0,66.0,93.4,70.9,61.1,79.1,89.8,82.7,94.2,47.3,35.6,59.4,47.0,35.8,58.5
2022,zone,Kongo Central,Inga,180,10,5,18.1,5.8,44.4,68.9,50.2,82.9,78.3,52.6,92.2,72.8,45.6,89.5,59.1,35.7,79.0,64.1,53.4,73.5,79.5,55.8,92.2,70.0,50.2,84.4,56.6,33.9,76.8,80.0,52.6,93.5,70.2,47.2,86.1,63.0,34.2,84.8,74.6,53.6,88.2,64.6,50.2,76.8,51.1,36.9,65.0,67.1,50.0,80.5,37.8,24.8,52.8,37.3,26.4,49.6
2022,zone,Kongo Central,Kangu,180,12,5,20.3,10.3,36.2,67.2,49.9,80.8,76.4,60.5,87.3,64.1,50.0,76.0,48.9,35.6,62.3,65.4,50.2,77.9,79.7,63.8,89.7,70.1,57.2,80.4,50.0,35.5,64.5,77.8,63.9,87.4,65.8,54.5,75.6,49.8,36.5,63.1,72.0,57.0,83.3,59.3,47.7,69.9,42.1,28.0,57.7,63.9,50.3,75.6,38.7,24.0,55.8,36.4,21.3,54.6
2022,zone,Kongo Central,Kibunzi,180,10,5,11.0,4.5,24.6,84.7,70.3,92.8,87.5,73.0,94.8,79.4,66.3,88.4,67.1,54.4,77.8,76.4,56.0,89.2,88.0,73.8,95.1,82.7,72.6,89.7,66.4,57.1,74.6,87.5,73.0,94.8,79.4,66.3,88.4,67.1,54.4,77.8,85.5,69.6,93.8,77.9,66.6,86.2,64.9,54.5,74.0,73.7,61.9,82.9,40.9,22.9,61.6,40.9,22.9,61.6
2022,zone,Kongo Central,Kimpangu,178,13,5,24.9,12.1,44.6,70.2,55.2,81.8,74.1,52.5,88.1,68.1,48.2,83.1,53.5,36.3,69.9,54.8,39.1,69.5,73.4,53.1,87.0,68.5,47.9,83.6,54.2,36.3,71.2,74.1,52.5,88.1,68.1,48.2,83.1,53.5,36.3,69.9,72.4,50.2,87.2,65.7,45.5,81.4,44.6,29.4,60.8,55.9,38.7,71.9,29.0,20.9,38.7,28.7,21.3,37.5
2022,zone,Kongo Central,Kimpese,180,20,5,8.5,2.4,26.3,89.8,71.6,96.8,91.5,73.7,97.6,86.7,64.9,95.8,84.3,64.4,94.1,74.0,60.7,84.0,91.5,73.7,97.6,86.9,65.6,95.9,84.3,65.1,94.0,91.5,73.7,97.6,86.7,64.9,95.8,84.3,64.4,94.1,91.5,73.7,97.6,86.9,65.6,95.9,83.8,62.8,94.1,87.4,62.6,96.7,57.5,47.9,66.5,57.7,48.4,66.5
2022,zone,Kongo Central,Kimvula,180,12,5,7.0,2.1,21.0,86.7,69.1,95.0,87.8,81.0,92.4,71.2,52.8,84.6,58.4,33.0,80.1,81.4,66.0,90.8,89.1,80.6,94.1,70.9,58.7,80.7,54.6,31.2,76.2,90.4,81.3,95.3,68.3,51.3,81.5,51.3,32.7,69.5,88.0,71.6,95.5,68.3,51.8,81.2,49.6,33.5,65.9,76.8,69.0,83.1,43.4,30.7,56.9,41.4,28.6,55.4
2022,zone,Kongo Central,Kinkonzi,183,11,5,7.3,1.8,25.9,82.6,40.3,97.1,85.3,70.8,93.3,77.9,63.3,87.8,64.7,39.6,83.7,83.9,56.8,95.4,87.4,76.0,93.8,77.9,63.3,87.8,63.8,39.7,82.5,85.3,70.8,93.3,75.7,60.5,86.4,64.7,40.5,83.1,84.5,71.9,92.1,74.3,55.9,86.8,62.5,36.6,82.8,73.6,59.6,84.1,37.1,16.4,63.9,36.7,17.6,61.1
2022,zone,Kongo Central,Kisantu,181,18,5,7.1,2.8,17.2,90.6,81.4,95.5,91.3,79.2,96.6,78.1,58.5,90.1,67.8,41.3,86.4,85.1,63.9,94.8,91.9,81.4,96.7,79.0,59.6,90.6,70.5,44.6,87.6,90.7,79.6,96.0,76.8,52.8,90.8,68.4,38.7,88.1,86.2,61.0,96.2,72.2,47.2,88.2,61.6,33.2,83.8,82.4,63.7,92.6,47.9,38.3,57.7,46.4,37.7,55.3
2022,zone,Kongo Central,Kitona,181,6,5,3.9,1.5,9.7,92.5,72.3,98.3,95.2,89.0,98.0,89.4,81.6,94.1,80.6,60.4,91.9,93.2,80.9,97.8,95.1,87.0,98.3,90.1,74.6,96.6,79.0,55.6,91.8,94.7,90.0,97.3,89.0,80.4,94.0,81.1,60.9,92.2,92.8,84.1,96.9,87.6,78.3,93.3,73.8,58.0,85.2,84.0,65.4,93.6,43.1,29.6,57.7,43.8,29.8,58.8
2022,zone,Kongo Central,Kizu,180,8,5,7.4,2.5,20.3,90.3,81.3,95.2,84.7,62.3,94.9,75.7,50.7,90.4,59.1,41.3,74.7,86.2,72.1,93.8,87.1,78.4,92.6,77.7,50.7,92.2,59.6,39.4,77.1,84.8,63.6,94.6,73.1,48.7,88.6,57.9,38.9,74.9,77.3,53.3,91.0,68.8,36.7,89.4,54.3,29.8,77.0,67.0,55.5,76.8,28.5,23.1,34.7,29.7,23.8,36.3
2022,zone,Kongo Central,Kuimba,184,11,5,4.6,2.4,8.7,88.0,78.6,93.6,90.9,80.4,96.0,78.6,63.9,88.4,63.5,45.0,78.7,85.7,75.8,91.9,93.1,85.1,97.0,80.2,65.0,89.9,64.7,45.5,80.1,90.8,76.5,96.7,76.8,63.6,86.2,64.0,47.7,77.6,83.8,71.3,91.5,72.2,57.6,83.2,54.1,35.3,71.8,68.6,50.5,82.4,41.0,26.6,57.1,40.7,27.8,55.1
2022,zone,Kongo Central,Kwilu Ngongo,171,21,5,10.4,5.5,18.9,89.3,79.9,94.6,87.6,78.6,93.1,85.3,77.3,90.8,83.3,76.1,88.7,88.3,78.2,94.0,88.6,79.8,93.8,86.3,78.6,91.5,84.7,77.0,90.1,87.6,78.6,93.1,85.5,75.8,91.7,83.5,74.8,89.6,84.9,74.9,91.3,82.8,72.3,89.9,74.5,64.6,82.5,85.9,77.1,91.7,59.4,52.7,65.7,58.3,50.7,65.6
2022,zone,Kongo Central,Lukula,177,16,5,28.3,20.0,38.3,66.7,55.4,76.4,69.4,58.9,78.2,65.0,52.4,75.8,56.1,44.3,67.3,65.6,53.2,76.3,68.9,59.0,77.3,65.0,56.0,73.1,54.3,43.3,64.9,67.9,56.9,77.1,63.1,51.6,73.2,55.5,45.0,65.6,66.1,55.8,75.2,62.9,51.5,73.0,54.0,42.6,65.0,60.8,46.3,73.5,37.8,24.5,53.2,38.5,24.7,54.6
2022,zone,Kongo Central,Luozi,182,12,5,13.2,3.9,36.0,79.5,66.4,88.4,86.6,64.3,95.9,78.4,51.0,92.7,60.0,50.7,68.7,74.7,67.7,80.7,86.6,64.3,95.9,79.6,58.8,91.4,58.6,51.6,65.2,86.6,64.3,95.9,77.9,51.6,92.1,59.5,51.2,67.4,77.5,51.9,91.6,68.6,46.6,84.5,52.7,45.0,60.3,74.6,54.7,87.7,40.2,22.8,60.5,40.4,23.5,59.8
2022,zone,Kongo Central,Mangembo,186,10,5,4.9,3.0,7.8,93.4,90.3,95.5,94.1,91.5,95.9,92.8,89.1,95.3,92.8,89.1,95.3,88.2,76.3,94.5,95.1,92.2,97.0,93.3,90.2,95.4,92.0,86.9,95.2,94.6,92.5,96.2,92.8,89.1,95.3,91.1,84.0,95.3,93.6,89.9,96.0,92.8,89.1,95.3,89.6,82.4,94.1,93.8,90.5,96.0,62.1,55.6,68.1,61.2,54.0,67.9
2022,zone,Kongo Central,Massa,184,14,5,3.2,0.6,16.3,96.2,83.4,99.2,93.9,79.8,98.4,70.7,41.6,89.1,65.7,40.4,84.3,94.0,81.1,98.3,94.8,82.6,98.6,72.2,44.1,89.5,69.9,41.2,88.5,93.9,79.8,98.4,70.4,41.6,88.8,64.5,40.8,82.7,90.4,78.4,96.1,68.9,38.9,88.5,62.5,41.2,79.8,88.4,72.8,95.6,54.8,46.7,62.7,54.8,46.7,62.7
2022,zone,Kongo Central,Matadi,181,12,5,5.4,1.0,24.2,91.9,78.3,97.3,88.9,67.0,96.9,80.9,53.3,94.0,68.8,46.0,85.1,88.5,67.7,96.6,90.9,69.4,97.8,80.7,48.1,95.0,69.6,45.1,86.4,87.7,66.0,96.3,78.5,53.2,92.1,68.3,44.1,85.4,87.0,63.8,96.2,75.8,50.7,90.5,63.9,42.9,80.7,78.2,61.8,88.8,50.8,33.9,67.5,51.5,36.1,66.6
2022,zone,Kongo Central,Mbanza Ngungu,183,12,5,10.8,4.2,25.4,84.6,77.6,89.6,88.6,73.3,95.7,84.3,71.7,91.9,74.6,52.6,88.6,71.1,58.1,81.3,89.2,74.6,95.8,84.8,73.1,92.0,75.1,53.4,88.8,89.2,74.6,95.8,84.8,73.1,92.0,75.1,53.4,88.8,88.8,73.8,95.7,84.4,72.6,91.7,75.5,54.1,89.0,76.7,56.9,89.2,55.1,44.1,65.5,55.1,44.1,65.5
2022,zone,Kongo Central,Muanda,182,12,5,6.4,2.1,17.5,90.2,77.1,96.2,93.5,82.3,97.8,89.0,79.4,94.4,80.1,71.5,86.6,91.2,79.4,96.5,93.5,82.3,97.8,88.4,78.8,94.0,78.2,65.6,87.1,93.4,82.2,97.8,88.0,78.0,93.8,78.7,68.1,86.4,91.3,84.3,95.4,87.2,78.5,92.7,74.9,62.1,84.5,83.6,72.9,90.6,45.9,35.0,57.2,44.8,35.3,54.8
2022,zone,Kongo Central,Ngidinga,180,16,5,10.7,4.0,25.4,82.7,71.0,90.3,86.4,73.0,93.7,69.2,52.7,81.9,58.6,42.2,73.3,81.7,66.7,90.9,86.0,74.4,92.8,70.4,61.0,78.4,58.7,50.4,66.5,86.0,71.9,93.7,68.6,52.4,81.4,57.6,41.7,72.0,79.9,65.2,89.4,62.3,44.7,77.2,48.8,32.3,65.6,77.4,71.9,82.1,52.3,38.0,66.2,49.3,37.0,61.8
2022,zone,Kongo Central,Nselo,180,11,5,4.8,1.0,19.7,93.5,79.5,98.2,94.0,83.4,98.0,87.6,76.8,93.8,68.6,50.7,82.2,88.6,74.7,95.4,92.8,85.9,96.4,84.0,78.7,88.2,67.0,51.1,79.8,92.9,85.5,96.6,84.9,69.6,93.3,72.9,57.6,84.1,91.5,83.5,95.8,82.5,68.2,91.2,67.0,44.4,83.8,82.8,67.9,91.6,61.1,52.6,68.9,60.0,49.9,69.3
2022,zone,Kongo Central,Nsona Mpangu,181,21,5,26.1,11.4,49.3,67.8,43.9,84.9,71.6,45.8,88.3,62.9,37.5,82.7,51.6,29.5,73.1,67.6,41.7,85.9,70.5,46.2,86.9,62.3,42.9,78.3,49.5,29.8,69.3,70.8,45.9,87.4,62.7,37.4,82.5,51.6,29.5,73.1,64.1,39.9,82.7,57.6,37.0,75.8,43.4,22.1,67.5,58.1,31.4,80.8,29.4,14.0,51.5,30.0,13.0,55.1
2022,zone,Kongo Central,Nzanza,185,10,5,3.2,0.9,10.2,96.4,87.0,99.0,93.6,87.3,96.9,80.4,66.5,89.4,74.2,57.1,86.1,95.2,92.2,97.1,94.7,84.5,98.3,78.3,62.9,88.5,72.0,56.2,83.7,91.6,80.4,96.6,76.2,61.1,86.7,69.5,48.6,84.6,89.7,77.6,95.7,75.9,60.5,86.6,65.8,48.9,79.4,90.9,80.2,96.1,61.1,54.5,67.4,59.5,52.6,66.1
2022,zone,Kongo Central,Seke Banza,177,17,5,20.4,12.3,31.9,71.6,61.5,80.0,77.7,63.7,87.4,69.8,56.5,80.4,59.4,53.1,65.4,72.7,56.7,84.5,76.8,64.9,85.6,67.6,57.7,76.1,58.0,51.9,63.9,77.9,63.8,87.5,68.8,57.8,78.1,59.1,53.0,65.0,73.0,63.9,80.5,64.8,58.1,71.0,55.4,48.2,62.5,68.2,56.9,77.7,49.1,42.6,55.6,46.7,38.1,55.6
2022,zone,Kongo Central,Sona Bata,188,11,5,4.2,1.8,9.6,95.8,90.4,98.2,92.2,85.5,95.9,68.5,28.6,92.2,61.3,30.0,85.4,90.7,86.7,93.6,94.5,87.4,97.7,69.3,30.5,92.1,62.5,30.2,86.5,92.7,85.1,96.6,69.1,28.3,92.7,62.2,28.3,87.3,88.9,74.6,95.7,69.6,29.3,92.7,60.0,26.8,86.0,83.6,72.8,90.7,48.7,40.0,57.6,49.3,40.4,58.1
2022,zone,Kongo Central,Tshela,180,10,5,1.7,0.2,13.8,88.2,79.2,93.6,93.8,65.0,99.2,83.0,69.6,91.2,67.7,58.6,75.6,90.9,84.5,94.9,95.4,83.0,98.9,82.2,70.3,90.0,70.0,53.8,82.3,95.4,63.2,99.6,81.8,68.4,90.3,65.4,54.4,75.0,89.7,70.9,96.9,79.7,62.3,90.3,63.3,48.8,75.8,74.5,66.3,81.3,38.8,33.5,44.3,39.2,34.3,44.4
2022,zone,Kongo Central,Vaku,184,10,5,15.0,6.6,30.7,81.9,64.3,91.9,80.5,69.7,88.2,70.9,57.5,81.5,59.7,42.8,74.6,80.4,62.0,91.2,83.5,70.6,91.4,74.2,58.6,85.3,61.2,44.2,75.8,80.2,69.2,87.9,70.6,56.7,81.4,59.7,42.8,74.6,78.4,64.8,87.7,66.1,47.1,81.0,55.7,37.2,72.8,65.1,50.0,77.7,43.7,25.4,63.8,44.6,25.8,65.1
2022,zone,Kwango,Boko,184,21,5,22.3,4.8,62.1,75.1,37.8,93.7,74.6,32.0,94.8,59.4,38.3,77.5,52.2,30.6,72.9,72.0,35.1,92.4,74.6,33.7,94.4,59.4,37.2,78.3,54.0,32.6,74.0,74.6,32.0,94.8,58.7,36.7,77.7,50.7,30.9,70.3,66.6,29.2,90.6,51.6,29.3,73.2,45.4,27.3,64.9,63.7,36.3,84.4,36.7,21.3,55.5,37.1,21.3,56.3
2022,zone,Kwango,Feshi,188,18,5,11.9,2.7,39.9,85.8,52.8,97.0,85.8,59.8,96.1,76.9,43.2,93.6,69.8,37.3,89.9,84.1,48.5,96.7,85.4,58.3,96.1,77.3,44.5,93.6,70.6,39.1,90.0,85.8,59.8,96.1,77.3,44.5,93.6,69.9,37.8,89.9,85.8,59.8,96.1,77.3,44.5,93.6,69.9,37.8,89.9,74.8,47.8,90.6,49.3,32.0,66.7,49.2,31.8,66.8
2022,zone,Kwango,Kahemba,184,28,5,11.7,3.3,34.4,81.2,56.1,93.6,85.3,63.1,95.2,70.9,43.5,88.5,61.8,29.8,86.0,82.2,58.5,93.8,84.8,63.1,94.8,72.4,46.6,88.8,61.3,28.9,86.0,85.3,63.1,95.2,70.9,43.5,88.5,61.8,29.8,86.0,82.8,59.8,94.0,70.4,42.7,88.4,61.8,29.8,86.0,64.9,34.7,86.6,49.1,27.6,70.9,48.6,26.5,71.3
2022,zone,Kwango,Kajiji,190,20,5,20.2,7.8,43.3,72.7,41.2,91.0,72.3,48.0,88.1,59.3,30.5,82.8,48.5,20.5,77.5,73.2,45.5,89.9,73.8,50.4,88.6,59.8,30.9,83.2,49.1,21.0,77.7,72.3,48.0,88.1,59.3,30.5,82.8,48.5,20.5,77.5,71.7,45.9,88.3,58.6,29.0,83.1,47.6,20.3,76.4,59.0,32.7,81.0,38.2,20.7,59.5,37.6,21.0,57.8
2022,zone,Kwango,Kasongo Lunda,185,21,5,9.7,2.2,33.4,77.8,64.2,87.3,88.6,64.8,97.0,73.8,34.5,93.8,67.2,34.3,88.9,65.3,52.0,76.6,89.8,68.3,97.3,75.4,38.8,93.7,69.6,38.5,89.3,88.3,60.9,97.4,73.3,34.9,93.4,67.7,34.2,89.5,85.6,53.1,96.9,76.2,39.0,94.1,67.9,36.8,88.4,79.5,58.8,91.3,45.2,28.2,63.4,41.2,25.9,58.4
2022,zone,Kwango,Kenge,194,29,5,0.0,0.0,0.0,97.2,84.8,99.6,98.0,95.1,99.2,87.8,80.6,92.6,80.3,76.5,83.6,96.4,79.6,99.5,98.9,95.1,99.8,91.2,79.3,96.5,81.6,76.2,86.0,97.1,90.2,99.2,87.3,78.5,92.8,78.3,72.9,82.9,94.1,81.7,98.3,84.4,73.5,91.3,77.1,70.2,82.8,88.9,85.3,91.6,60.3,44.9,74.0,60.3,44.9,74.0
2022,zone,Kwango,Kimbao,226,24,5,0.0,0.0,0.0,100.0,100.0,100.0,98.9,89.2,99.9,98.4,93.0,99.6,98.4,93.0,99.6,100.0,100.0,100.0,98.9,89.2,99.9,98.4,93.0,99.6,98.4,93.0,99.6,98.9,89.2,99.9,98.4,93.0,99.6,98.4,93.0,99.6,98.9,89.2,99.9,98.4,93.0,99.6,98.0,94.1,99.3,98.9,89.2,99.9,78.9,66.0,87.8,78.9,66.0,87.8
2022,zone,Kwango,Kisanji,178,16,5,9.7,2.8,28.1,82.4,58.2,94.0,83.5,75.1,89.4,68.4,53.6,80.2,62.4,43.8,78.0,88.8,69.4,96.5,84.6,75.6,90.7,70.3,56.2,81.3,62.1,42.5,78.4,84.1,74.6,90.5,68.4,53.6,80.2,62.4,43.8,78.0,81.3,71.2,88.4,66.8,51.2,79.3,60.6,40.3,77.8,71.6,57.9,82.2,40.7,30.6,51.6,40.7,30.6,51.6
2022,zone,Kwango,Kitenda,184,23,5,21.0,9.7,39.8,75.2,54.3,88.6,72.9,48.0,88.7,54.4,21.7,83.8,48.1,15.3,82.6,71.3,58.0,81.6,77.5,57.1,90.0,53.5,20.5,83.7,47.7,14.8,82.7,69.8,42.4,87.9,52.4,19.2,83.6,46.7,14.3,82.1,60.3,29.4,84.7,47.0,14.2,82.6,41.0,10.6,80.2,69.2,42.5,87.2,39.9,13.9,73.2,39.5,13.6,73.1
2022,zone,Kwango,Mwela Lembwa,233,16,5,0.0,0.0,0.0,99.5,94.7,100.0,100.0,100.0,100.0,98.4,93.2,99.6,96.4,88.1,99.0,99.5,94.7,100.0,100.0,100.0,100.0,98.4,93.2,99.6,96.4,88.1,99.0,100.0,100.0,100.0,98.4,93.2,99.6,96.4,88.1,99.0,100.0,100.0,100.0,98.4,93.2,99.6,94.6,85.6,98.1,96.7,88.3,99.1,71.9,53.5,85.0,71.9,53.5,85.0
2022,zone,Kwango,Panzi,223,25,5,0.0,0.0,0.0,100.0,100.0,100.0,99.6,95.3,100.0,99.2,95.9,99.8,98.8,96.2,99.7,100.0,100.0,100.0,99.6,95.3,100.0,99.6,95.3,100.0,99.2,95.9,99.8,99.6,95.3,100.0,98.8,96.2,99.7,98.8,96.2,99.7,99.6,95.3,100.0,99.2,95.9,99.8,99.2,95.9,99.8,99.6,95.3,100.0,88.9,73.2,95.9,88.9,73.2,95.9
2022,zone,Kwango,Popokabaka,188,30,5,30.2,8.6,66.5,64.0,24.7,90.6,64.3,29.9,88.4,41.0,16.7,70.7,33.7,11.2,67.3,59.8,28.6,84.7,65.4,31.5,88.6,42.5,18.8,70.3,35.7,13.1,67.2,62.2,27.9,87.5,40.4,15.9,70.9,33.7,10.7,68.3,59.6,26.5,85.8,40.0,15.6,70.7,33.2,10.5,67.9,49.5,23.0,76.3,36.3,13.1,68.2,36.3,13.1,68.2
2022,zone,Kwango,Tembo,195,15,5,0.3,0.0,4.5,97.9,90.5,99.6,99.7,95.5,100.0,98.6,94.1,99.7,97.2,85.9,99.5,98.6,94.1,99.7,99.7,95.5,100.0,98.6,94.1,99.7,97.2,85.9,99.5,99.7,95.5,100.0,98.6,94.1,99.7,97.2,85.9,99.5,99.7,95.5,100.0,98.6,94.1,99.7,97.2,85.9,99.5,97.2,85.9,99.5,80.2,65.9,89.4,79.9,64.9,89.5
2022,zone,Kwango,Wamba Lwadi,181,19,5,5.9,1.2,25.4,86.0,59.9,96.2,91.9,76.4,97.5,84.8,58.0,95.7,78.5,51.4,92.6,80.5,59.4,92.1,91.5,74.6,97.5,84.8,58.0,95.7,79.2,51.6,93.2,91.9,76.4,97.5,84.2,57.6,95.4,79.8,52.7,93.4,89.7,72.0,96.7,82.6,53.1,95.2,77.1,46.1,93.0,83.1,60.3,94.1,57.6,44.8,69.4,57.0,45.1,68.1
2022,zone,Kwilu,Bagata,161,23,5,23.8,11.9,42.0,64.7,49.7,77.2,49.6,21.5,78.0,30.7,9.2,66.0,20.4,6.5,48.6,48.3,31.7,65.3,64.8,47.9,78.7,45.4,30.6,61.1,30.6,19.0,45.3,47.5,21.8,74.6,26.9,8.4,59.5,19.6,6.3,46.8,42.0,18.5,69.8,27.1,7.9,61.8,20.0,6.3,48.3,34.0,20.7,50.3,19.9,14.9,26.0,18.1,12.9,24.8
2022,zone,Kwilu,Bandundu,157,22,5,12.1,8.0,17.8,81.7,76.4,86.0,81.3,73.4,87.3,58.3,41.6,73.4,47.7,30.3,65.6,78.8,69.3,85.9,80.3,71.0,87.2,56.8,46.8,66.3,49.3,39.2,59.5,80.5,74.0,85.7,57.3,43.3,70.3,48.1,31.7,65.0,68.5,55.0,79.5,49.2,33.7,64.8,39.3,22.1,59.5,73.6,62.8,82.1,43.7,36.6,51.0,40.9,33.3,48.9
2022,zone,Kwilu,Bulungu,142,30,5,1.8,0.3,11.2,89.6,86.4,92.1,97.5,90.6,99.4,92.8,83.5,97.0,85.6,69.2,94.1,85.5,72.2,93.0,97.5,90.6,99.4,93.0,81.7,97.6,86.1,75.0,92.8,97.5,90.6,99.4,92.2,82.1,96.9,86.7,71.5,94.4,97.5,90.6,99.4,92.2,82.1,96.9,78.8,66.3,87.6,89.5,76.4,95.8,70.1,59.7,78.7,69.2,59.8,77.3
2022,zone,Kwilu,Djuma,148,35,5,0.0,0.0,0.0,100.0,100.0,100.0,100.0,100.0,100.0,99.5,92.8,100.0,98.3,90.0,99.7,100.0,100.0,100.0,100.0,100.0,100.0,99.5,92.8,100.0,98.8,93.3,99.8,100.0,100.0,100.0,99.5,92.8,100.0,98.3,90.0,99.7,100.0,100.0,100.0,99.5,92.8,100.0,98.3,90.0,99.7,98.3,90.0,99.7,83.1,52.8,95.6,83.1,52.8,95.6
2022,zone,Kwilu,Gungu,152,31,5,5.5,0.7,31.1,92.0,55.8,99.0,93.4,63.6,99.1,86.6,43.3,98.2,81.7,45.0,96.0,92.0,55.8,99.0,93.4,63.6,99.1,88.5,44.2,98.7,83.0,45.1,96.7,92.6,60.6,99.0,84.5,36.0,98.1,77.4,38.6,94.9,89.7,48.1,98.8,85.3,34.5,98.5,76.1,38.0,94.3,88.7,59.9,97.6,61.6,39.2,80.0,61.2,38.0,80.2
2022,zone,Kwilu,Idiofa,158,41,5,1.3,0.2,8.3,88.9,79.1,94.5,97.4,84.1,99.6,87.6,57.5,97.3,78.7,51.5,92.8,70.9,54.9,82.9,98.7,91.7,99.8,90.5,66.8,97.8,79.1,56.6,91.7,97.4,84.1,99.6,90.2,67.6,97.6,80.0,55.5,92.8,95.7,79.8,99.2,87.4,63.7,96.5,75.2,50.3,90.1,83.1,63.9,93.2,43.6,29.0,59.3,42.3,26.1,60.2
2022,zone,Kwilu,Ipamu,153,32,5,0.0,0.0,0.0,79.8,42.7,95.5,100.0,100.0,100.0,98.3,84.6,99.8,95.7,66.8,99.6,48.7,17.5,80.9,100.0,100.0,100.0,97.7,88.6,99.6,94.6,73.3,99.1,100.0,100.0,100.0,98.3,84.6,99.8,95.7,66.8,99.6,100.0,100.0,100.0,98.3,84.6,99.8,95.7,66.8,99.6,95.7,66.8,99.6,55.0,37.7,71.1,55.5,37.6,72.1
2022,zone,Kwilu,Kikongo,152,24,5,9.8,1.5,43.1,82.6,46.7,96.3,79.8,33.9,96.8,58.5,18.8,89.6,49.7,13.6,86.1,67.2,33.5,89.3,84.9,61.0,95.2,63.6,32.0,86.7,53.0,18.7,84.7,79.8,33.9,96.8,60.2,20.6,89.8,48.9,12.8,86.2,68.0,26.5,92.6,54.4,16.8,87.6,43.8,9.7,84.9,66.8,30.8,90.1,48.6,21.0,77.1,46.8,18.7,77.2
2022,zone,Kwilu,Kikwit Nord,149,26,5,1.4,0.3,6.0,76.9,59.2,88.4,93.5,84.8,97.3,78.2,53.7,91.7,61.5,32.1,84.3,76.3,54.1,89.8,93.4,86.0,97.1,76.8,48.6,92.1,58.1,27.5,83.6,93.5,84.8,97.3,76.8,48.6,92.1,61.5,32.0,84.4,92.8,86.2,96.4,76.8,51.0,91.4,58.2,26.1,84.6,63.4,35.1,84.8,34.6,12.2,66.8,34.0,11.4,67.2
2022,zone,Kwilu,Kikwit Sud,150,24,5,5.7,1.5,19.6,83.4,64.8,93.2,92.3,75.9,97.9,81.2,63.9,91.4,58.1,41.3,73.2,70.7,61.5,78.5,92.8,78.8,97.8,79.9,58.7,91.8,56.6,35.5,75.5,91.9,73.0,97.9,80.1,62.7,90.6,58.6,42.1,73.3,90.2,75.5,96.5,76.9,62.2,87.1,57.4,41.5,71.9,62.6,43.2,78.7,36.0,22.2,52.6,35.3,22.6,50.6
2022,zone,Kwilu,Kimputu,150,28,5,4.0,0.3,38.2,96.0,61.8,99.7,93.3,67.6,98.9,90.6,62.3,98.2,85.8,52.3,97.1,96.0,61.8,99.7,93.8,71.0,99.0,91.7,66.7,98.4,87.5,55.2,97.6,92.6,67.3,98.7,90.6,62.3,98.2,85.8,52.3,97.1,93.8,71.0,99.0,91.2,64.6,98.3,83.3,49.7,96.2,87.5,55.2,97.6,69.4,40.9,88.1,68.8,40.0,88.0
2022,zone,Kwilu,Kingandu,137,20,5,0.7,0.1,8.0,92.6,50.7,99.3,99.3,92.0,99.9,99.3,92.0,99.9,97.9,89.8,99.6,92.6,50.7,99.3,99.3,92.0,99.9,99.3,92.0,99.9,98.6,93.9,99.7,99.3,92.0,99.9,98.0,94.4,99.3,96.6,86.8,99.2,99.3,92.0,99.9,99.3,92.0,99.9,98.6,93.9,99.7,98.6,93.9,99.7,81.8,50.8,95.1,81.8,50.8,95.1
2022,zone,Kwilu,Koshibanda,150,29,5,0.0,0.0,0.0,84.6,51.3,96.6,98.9,86.5,99.9,97.5,88.2,99.5,89.0,62.8,97.5,57.3,25.0,84.3,99.4,92.9,100.0,96.0,87.3,98.8,87.4,62.7,96.6,98.9,86.5,99.9,95.3,83.3,98.8,89.7,66.2,97.5,98.1,91.1,99.6,93.7,82.5,97.9,84.6,56.7,95.9,87.7,47.4,98.2,66.3,50.8,78.9,67.0,53.0,78.5
2022,zone,Kwilu,Lusanga,149,34,5,12.6,4.8,29.1,85.0,73.5,92.0,83.0,63.5,93.2,70.0,53.3,82.8,54.9,42.1,67.1,81.4,65.8,90.9,82.2,62.4,92.8,57.5,43.7,70.2,45.5,32.3,59.3,82.3,62.0,93.0,68.8,53.2,81.1,56.1,41.2,69.9,80.9,61.3,91.9,68.8,50.9,82.5,55.1,42.9,66.6,59.7,42.7,74.7,30.4,14.1,53.8,29.6,13.6,53.0
2022,zone,Kwilu,Masi Manimba,157,24,5,6.8,2.8,16.0,86.0,78.0,91.5,88.7,79.9,94.0,82.7,76.2,87.7,77.3,69.8,83.4,86.1,76.7,92.1,92.5,83.3,96.8,86.7,81.0,90.9,79.9,73.6,85.1,88.7,80.5,93.8,83.8,77.2,88.8,79.5,72.1,85.4,85.5,77.7,90.9,80.2,67.0,89.0,70.6,49.3,85.5,83.7,73.8,90.4,56.6,41.3,70.8,56.2,40.2,71.0
2022,zone,Kwilu,Moanza,150,23,5,6.9,2.6,17.2,90.4,72.9,97.1,91.9,84.7,95.8,88.5,80.7,93.5,85.3,76.9,91.0,89.7,73.2,96.5,91.3,82.8,95.8,88.0,79.4,93.3,84.0,75.0,90.1,90.7,84.0,94.8,87.0,80.3,91.6,83.8,75.9,89.4,88.4,78.4,94.1,82.2,73.3,88.6,74.8,63.6,83.5,83.2,76.2,88.4,64.3,52.6,74.5,64.3,52.6,74.5
2022,zone,Kwilu,Mokala,146,33,5,0.5,0.0,7.3,83.9,31.1,98.4,97.9,84.2,99.8,97.9,84.2,99.8,91.2,79.2,96.6,86.6,32.6,98.9,97.9,84.2,99.8,97.9,84.2,99.8,93.0,74.2,98.4,97.9,84.2,99.8,97.4,85.9,99.6,91.7,79.8,96.9,97.9,84.2,99.8,97.9,84.2,99.8,90.6,76.2,96.7,92.1,79.8,97.2,70.7,29.3,93.3,70.1,28.1,93.3
2022,zone,Kwilu,Mosango,152,18,5,0.0,0.0,0.0,100.0,100.0,100.0,100.0,100.0,100.0,97.5,91.2,99.3,95.2,78.4,99.1,100.0,100.0,100.0,100.0,100.0,100.0,97.5,91.2,99.3,95.2,78.4,99.1,100.0,100.0,100.0,97.5,91.2,99.3,95.2,78.4,99.1,100.0,100.0,100.0,97.5,91.2,99.3,95.2,78.4,99.1,94.9,78.4,98.9,81.5,62.3,92.1,81.5,62.3,92.1
2022,zone,Kwilu,Mukedi,149,27,5,5.5,0.3,49.2,94.0,54.1,99.5,92.5,56.2,99.2,89.8,56.8,98.3,87.7,55.6,97.6,90.3,46.0,99.0,92.5,56.2,99.2,89.8,56.8,98.3,88.7,60.9,97.5,92.5,56.2,99.2,89.8,56.8,98.3,88.7,60.9,97.5,92.5,56.2,99.2,89.8,56.8,98.3,88.7,60.9,97.5,89.8,60.4,98.1,80.1,59.8,91.6,80.1,59.8,91.6
2022,zone,Kwilu,Mungindu,152,24,5,8.8,2.4,27.0,89.6,67.5,97.3,88.8,67.4,96.8,75.1,40.8,93.0,69.4,33.2,91.2,87.2,58.0,97.1,88.8,67.4,96.8,76.7,42.1,93.7,71.0,34.2,92.0,88.0,65.2,96.7,72.0,34.9,92.5,67.9,32.1,90.5,86.6,62.9,96.1,71.3,32.5,92.7,64.6,27.6,89.7,79.3,50.6,93.5,50.1,23.4,76.8,48.6,21.9,76.1
2022,zone,Kwilu,Pay Kongila,152,23,5,0.6,0.0,7.4,97.3,84.2,99.6,99.4,92.6,100.0,98.7,94.0,99.7,98.0,89.5,99.6,97.3,84.2,99.6,99.4,92.6,100.0,99.4,92.6,100.0,98.0,89.5,99.6,99.4,92.6,100.0,98.7,94.0,99.7,97.4,88.3,99.4,99.4,92.6,100.0,98.7,94.0,99.7,98.0,89.5,99.6,98.0,89.5,99.6,84.6,70.0,92.9,84.6,70.0,92.9
2022,zone,Kwilu,Sia,163,22,5,27.3,7.5,63.4,61.0,28.2,86.2,52.1,15.5,86.5,40.0,11.5,77.5,32.7,8.2,72.6,54.5,23.6,82.3,68.2,34.2,89.8,55.9,25.0,82.7,39.7,12.5,75.2,44.9,13.3,81.2,38.7,11.2,75.9,31.3,7.6,71.6,44.5,15.9,77.3,38.4,11.5,74.9,28.3,5.9,71.2,52.5,26.6,77.1,32.3,12.9,60.7,29.5,10.2,60.6
2022,zone,Kwilu,Vanga,152,41,5,1.3,0.3,6.1,96.7,84.8,99.3,98.7,93.9,99.7,97.9,88.4,99.7,97.4,90.0,99.4,97.2,82.4,99.6,98.7,93.9,99.7,98.7,93.9,99.7,97.4,90.0,99.4,98.7,93.9,99.7,98.7,93.9,99.7,97.4,90.0,99.4,98.7,93.9,99.7,98.7,93.9,99.7,97.4,90.0,99.4,97.4,90.0,99.4,91.8,69.4,98.2,91.8,69.4,98.2
2022,zone,Kwilu,Yasa Bonga,150,27,5,5.9,3.3,10.4,85.9,78.5,91.1,91.9,87.5,94.8,84.2,76.1,89.9,81.9,69.8,89.9,85.1,80.3,88.8,93.4,89.7,95.8,85.7,80.4,89.8,81.9,71.2,89.3,90.0,85.3,93.3,82.3,73.5,88.6,80.0,68.6,88.0,88.1,82.4,92.1,81.1,72.8,87.3,78.9,67.8,86.9,86.4,79.0,91.4,48.3,37.8,58.9,48.3,37.8,58.9
2022,zone,Lomami,Kabinda,181,26,6,5.7,3.0,10.6,88.2,83.3,91.8,91.2,85.2,94.9,80.3,69.0,88.2,69.8,56.5,80.4,55.8,42.5,68.3,91.2,85.2,94.9,78.5,66.9,86.9,65.7,53.7,76.0,90.0,84.1,93.9,79.7,68.3,87.8,68.4,56.2,78.5,88.1,81.3,92.6,76.7,66.5,84.5,62.9,51.2,73.2,72.2,58.8,82.5,39.2,30.4,48.9,37.3,29.5,45.8
2022,zone,Lomami,Kalambayi Kabanga,147,16,5,13.1,4.9,30.9,75.0,59.7,85.8,82.3,67.4,91.3,70.8,57.3,81.4,54.2,45.2,62.9,60.1,31.5,83.1,84.2,69.4,92.6,74.5,58.3,85.9,55.8,43.1,67.8,82.4,67.3,91.4,69.4,54.9,80.9,56.2,45.5,66.4,75.1,69.9,79.7,63.6,48.3,76.6,49.4,33.9,65.1,61.9,53.1,69.9,38.8,25.3,54.2,39.1,25.1,55.2
2022,zone,Lomami,Kalenda,152,28,5,5.6,1.8,16.0,89.0,78.2,94.8,92.2,80.3,97.1,83.3,66.3,92.7,71.7,53.3,84.9,91.3,78.7,96.8,92.2,80.3,97.1,83.7,70.0,91.9,71.6,59.8,81.0,92.2,80.3,97.1,84.1,68.9,92.7,71.1,55.4,83.0,91.5,79.3,96.8,80.0,63.1,90.4,66.9,48.5,81.4,78.8,71.3,84.7,53.2,44.2,62.0,52.4,43.0,61.7
2022,zone,Lomami,Kalonda Est,150,22,5,11.3,6.7,18.5,79.0,60.1,90.4,81.3,69.8,89.1,63.2,39.1,82.1,53.7,31.3,74.6,84.3,73.9,91.0,85.7,79.3,90.3,70.6,54.8,82.7,55.3,33.3,75.4,78.9,60.5,90.2,57.0,33.8,77.4,49.7,28.4,71.1,72.6,47.0,88.8,62.0,37.1,81.9,53.6,29.9,75.7,61.7,50.0,72.1,45.8,28.4,64.3,43.7,24.8,64.7
2022,zone,Lomami,Kamana,151,23,5,3.3,1.0,10.9,77.2,46.4,93.0,88.7,70.0,96.4,76.7,54.1,90.2,56.2,37.7,73.0,54.5,31.3,76.0,92.4,80.8,97.2,78.8,58.5,90.7,60.9,45.9,74.0,87.3,69.4,95.4,75.5,52.7,89.5,55.6,36.9,72.9,70.7,39.8,89.8,50.0,23.6,76.4,28.0,11.8,53.2,60.1,40.8,76.7,53.8,30.6,75.6,53.4,29.8,75.6
2022,zone,Lomami,Kamiji,151,12,5,6.1,3.6,10.3,70.2,57.5,80.3,92.0,84.7,96.0,74.0,61.0,83.9,64.9,55.4,73.4,65.4,35.4,86.7,92.6,85.7,96.3,75.6,66.0,83.1,66.2,52.9,77.3,92.6,85.7,96.3,73.1,58.1,84.2,64.0,52.7,73.9,89.9,83.5,94.0,73.6,61.1,83.2,38.0,31.2,45.4,67.4,56.7,76.6,43.8,31.5,56.9,43.4,31.2,56.6
2022,zone,Lomami,Kanda Kanda,150,18,5,7.8,0.6,52.8,79.8,49.7,94.1,87.3,63.1,96.5,54.8,39.4,69.2,41.3,30.2,53.3,66.4,50.9,79.1,87.3,63.1,96.5,55.3,39.9,69.7,41.3,30.2,53.3,87.3,63.1,96.5,54.8,39.4,69.2,41.3,30.2,53.3,86.8,63.7,96.1,54.3,38.9,68.9,38.3,29.0,48.5,44.1,33.5,55.3,13.8,6.6,26.4,13.1,6.1,26.0
2022,zone,Lomami,Lubao,149,15,5,5.7,1.7,17.0,86.5,78.9,91.6,87.3,74.1,94.3,76.3,59.4,87.6,63.8,52.2,73.9,68.8,57.4,78.3,87.3,74.1,94.3,74.3,57.7,86.0,61.5,51.1,71.0,86.2,74.6,93.0,76.3,59.4,87.6,63.1,50.2,74.4,81.8,70.5,89.4,71.9,60.4,81.1,54.2,45.3,62.8,67.2,55.6,77.0,51.4,33.7,68.7,52.1,35.7,68.1
2022,zone,Lomami,Ludimbi Lukula,150,15,5,4.6,2.3,8.7,81.7,62.9,92.2,92.8,88.5,95.6,85.8,79.8,90.2,71.6,64.9,77.5,69.5,44.1,86.8,93.7,90.6,95.9,85.7,78.4,90.7,68.1,56.3,77.9,93.7,90.6,95.9,84.1,76.0,89.9,70.1,60.5,78.1,89.5,83.8,93.4,71.9,52.4,85.6,29.6,16.6,47.1,79.2,68.4,87.0,48.1,25.4,71.6,48.1,25.4,71.6
2022,zone,Lomami,Luputa,154,30,5,7.7,3.8,15.1,90.4,85.9,93.6,91.1,80.6,96.2,82.4,71.4,89.8,67.4,56.6,76.6,90.9,85.7,94.4,91.1,80.6,96.2,80.4,71.1,87.3,62.6,51.3,72.6,90.6,81.0,95.6,82.4,71.4,89.8,67.4,56.6,76.6,85.4,73.8,92.4,76.1,63.9,85.2,60.6,51.4,69.2,68.4,58.0,77.3,42.0,36.7,47.5,42.5,37.7,47.4
2022,zone,Lomami,Makota,154,17,5,7.8,4.7,12.8,82.9,72.6,89.9,85.0,74.2,91.8,78.4,59.8,89.9,60.8,40.5,77.9,81.2,67.0,90.2,85.0,81.9,87.7,79.2,70.2,85.9,62.2,44.9,76.8,85.6,76.5,91.6,77.1,60.8,88.0,59.4,40.8,75.7,75.8,61.1,86.2,67.9,49.1,82.3,52.2,35.6,68.4,64.1,42.5,81.2,39.2,25.5,54.8,39.2,22.9,58.3
2022,zone,Lomami,Mulumba,150,19,5,7.3,3.2,15.9,73.4,53.9,86.7,92.2,83.1,96.6,76.6,65.2,85.1,55.2,28.8,79.0,70.5,44.6,87.7,88.2,74.3,95.1,68.3,43.9,85.6,53.1,27.2,77.4,89.8,79.3,95.3,71.5,51.9,85.4,53.5,25.4,79.6,82.8,68.8,91.4,63.6,33.9,85.6,46.5,17.2,78.4,59.8,35.3,80.3,29.2,16.8,45.8,27.9,15.6,44.8
2022,zone,Lomami,Mweneditu,152,23,5,8.6,2.2,28.4,85.9,57.7,96.5,86.2,61.8,96.0,74.2,46.2,90.6,61.7,33.3,83.9,74.2,42.5,91.8,87.4,65.2,96.3,74.2,46.4,90.5,61.6,33.2,83.9,86.7,61.5,96.3,74.2,46.4,90.5,61.7,33.3,83.9,74.3,61.5,84.0,60.8,43.4,75.9,34.7,22.8,48.9,66.1,38.5,85.9,25.4,17.7,35.0,21.7,13.8,32.3
2022,zone,Lomami,Ngandajika,149,19,5,0.0,0.0,0.0,94.2,85.2,97.9,100.0,100.0,100.0,100.0,100.0,100.0,94.9,72.1,99.2,94.2,85.2,97.9,100.0,100.0,100.0,100.0,100.0,100.0,96.8,86.6,99.3,100.0,100.0,100.0,99.6,93.6,100.0,94.9,72.1,99.2,96.9,77.7,99.7,94.1,66.3,99.2,85.3,63.9,95.0,96.7,68.0,99.8,81.8,68.2,90.4,80.5,68.3,88.8
2022,zone,Lomami,Tshofa,153,17,5,6.2,1.5,22.0,77.3,56.8,89.8,84.8,71.5,92.6,67.0,48.0,81.7,55.7,32.0,77.1,63.3,47.5,76.7,84.0,67.7,92.9,66.4,47.7,81.1,55.4,30.1,78.2,84.5,68.4,93.2,66.1,45.8,81.9,55.8,30.8,78.2,82.3,61.2,93.2,62.4,41.3,79.6,33.4,17.9,53.5,59.7,39.9,76.8,36.0,17.1,60.6,35.1,15.9,60.6
2022,zone,Lomami,Wikong,149,16,5,0.0,0.0,0.0,95.6,89.6,98.2,100.0,100.0,100.0,89.9,67.9,97.4,81.3,48.0,95.4,92.9,81.6,97.5,98.1,84.0,99.8,89.9,67.9,97.4,80.0,49.9,94.1,100.0,100.0,100.0,89.4,68.1,97.1,79.4,45.2,94.7,98.9,93.9,99.8,87.6,70.4,95.4,76.5,46.6,92.4,82.0,47.6,95.8,59.2,35.9,79.0,59.2,35.9,79.0
2022,zone,Lualaba,Bunkeya,154,8,5,0.0,0.0,0.0,90.9,63.7,98.3,96.6,85.8,99.3,87.0,68.8,95.3,75.2,50.3,90.1,90.9,63.7,98.3,96.6,85.8,99.3,92.3,75.9,97.8,78.1,50.0,92.8,96.6,85.8,99.3,83.3,61.3,94.0,74.5,48.7,90.0,95.3,84.7,98.7,82.4,59.3,93.7,73.7,47.9,89.5,78.2,50.9,92.6,54.1,34.1,72.9,54.4,35.7,71.9
2022,zone,Lualaba,Dilala,149,13,5,9.0,1.1,47.2,86.5,53.2,97.3,88.7,54.0,98.1,83.2,53.9,95.4,77.2,48.8,92.3,82.1,53.9,94.7,88.7,54.0,98.1,85.8,55.0,96.8,78.3,45.4,94.0,86.9,46.5,98.1,82.3,50.3,95.5,77.0,46.0,92.9,85.5,49.6,97.3,79.0,52.7,92.7,72.9,45.5,89.7,81.5,50.9,94.9,48.2,27.7,69.4,49.6,28.7,70.7
2022,zone,Lualaba,Dilolo,157,23,5,6.5,1.6,22.6,89.2,76.4,95.4,83.9,60.2,94.8,67.6,42.6,85.4,58.2,33.6,79.2,89.2,76.4,95.4,83.9,60.2,94.8,68.2,42.9,85.9,58.2,33.6,79.2,83.9,60.2,94.8,67.6,42.6,85.4,58.2,33.6,79.2,83.0,58.8,94.4,67.6,42.6,85.4,58.2,33.6,79.2,65.0,42.4,82.4,48.2,32.2,64.5,48.2,32.2,64.5
2022,zone,Lualaba,Fungurume,152,18,5,34.6,27.9,41.9,42.3,19.7,68.6,59.0,51.6,66.0,46.9,30.4,64.1,37.5,20.6,58.2,39.6,20.1,63.0,62.3,58.2,66.3,46.4,32.1,61.4,34.3,16.5,58.1,60.2,55.2,64.9,46.9,30.4,64.1,37.5,20.6,58.2,60.1,55.0,64.9,45.6,27.3,65.2,24.0,13.3,39.4,44.7,27.9,62.7,25.8,14.5,41.8,25.8,14.5,41.8
2022,zone,Lualaba,Kafakumba,151,16,5,33.3,29.2,37.6,66.7,62.4,70.8,55.0,48.9,60.9,34.9,28.4,42.1,28.4,22.8,34.8,66.7,62.4,70.8,57.4,52.5,62.2,37.8,30.6,45.6,29.7,23.8,36.4,52.9,46.5,59.2,34.9,28.4,42.1,28.4,22.8,34.8,52.4,45.5,59.3,34.9,28.4,42.1,28.4,22.8,34.8,37.3,27.8,48.0,20.1,11.4,33.0,20.1,11.4,33.0
2022,zone,Lualaba,Kalamba,151,18,5,15.8,5.3,38.5,83.3,58.1,94.8,80.0,56.8,92.4,77.2,51.3,91.5,69.1,47.1,84.8,83.3,58.1,94.8,80.6,55.8,93.2,74.1,52.8,88.0,66.9,50.2,80.2,78.1,57.6,90.3,73.5,53.4,87.1,66.6,47.3,81.6,78.7,56.8,91.2,73.3,50.7,88.0,64.1,46.2,78.7,70.0,51.6,83.6,47.8,39.4,56.3,46.0,38.1,54.1
2022,zone,Lualaba,Kanzenze,156,17,5,3.6,1.3,9.2,93.2,86.5,96.7,92.9,81.1,97.5,80.6,62.8,91.1,70.2,45.2,87.1,94.0,84.0,97.9,92.9,81.1,97.5,81.7,64.7,91.5,71.3,46.3,87.8,92.9,81.1,97.5,81.1,63.9,91.3,70.8,45.8,87.4,92.9,81.1,97.5,81.7,64.7,91.5,70.6,44.6,87.7,74.8,47.6,90.7,39.6,8.1,83.0,39.0,7.8,83.0
2022,zone,Lualaba,Kapanga,153,24,5,24.1,16.1,34.3,73.4,58.9,84.2,75.2,64.3,83.6,68.9,55.5,79.8,53.9,40.4,66.8,72.6,57.7,83.8,75.2,64.3,83.6,69.1,58.1,78.3,51.7,39.1,64.1,75.2,64.3,83.6,68.5,55.4,79.1,54.3,40.0,67.9,74.5,64.9,82.2,67.6,56.6,76.9,51.8,39.8,63.6,53.9,40.4,66.8,33.0,21.3,47.1,32.3,20.5,46.9
2022,zone,Lualaba,Kasaji,150,26,5,5.1,1.0,22.2,94.4,79.7,98.6,88.8,70.9,96.3,73.1,43.4,90.6,61.6,37.1,81.3,94.9,77.8,99.0,89.4,71.4,96.6,73.1,43.4,90.6,61.8,36.3,82.1,88.8,70.9,96.3,73.1,43.4,90.6,61.6,37.1,81.3,88.8,70.9,96.3,73.1,43.4,90.6,59.8,36.7,79.3,67.1,36.6,87.8,60.3,29.8,84.4,60.3,29.8,84.4
2022,zone,Lualaba,Lualaba,152,14,5,15.1,9.0,24.2,69.5,53.0,82.2,79.8,72.8,85.4,69.0,61.6,75.5,55.0,43.4,66.1,62.5,51.1,72.6,79.6,72.3,85.3,64.6,55.1,73.0,51.2,42.7,59.6,79.6,72.3,85.3,66.8,57.4,75.1,52.6,40.3,64.6,76.1,67.8,82.8,60.2,49.0,70.4,40.8,35.4,46.4,61.8,52.7,70.1,35.5,20.8,53.5,33.3,19.5,50.6
2022,zone,Lualaba,Lubudi,147,16,5,0.0,0.0,0.0,98.7,93.4,99.7,99.5,93.2,100.0,95.6,75.9,99.3,92.2,83.5,96.5,99.5,93.2,100.0,99.5,93.2,100.0,98.6,93.4,99.7,93.9,83.5,97.9,99.5,93.2,100.0,94.7,80.2,98.8,91.9,83.7,96.1,98.6,93.4,99.7,93.9,83.5,97.9,89.8,79.0,95.4,95.8,93.2,97.4,75.0,55.2,87.9,74.9,59.2,86.0
2022,zone,Lualaba,Manika,151,13,5,9.0,6.2,12.9,87.4,79.2,92.7,85.4,79.4,89.9,77.9,61.3,88.7,66.2,38.1,86.2,85.8,79.6,90.3,87.0,81.4,91.1,75.9,66.5,83.3,65.9,44.8,82.1,83.8,74.9,90.0,76.3,58.4,88.0,65.2,36.7,85.8,82.6,73.8,88.9,73.7,51.3,88.2,62.6,35.9,83.3,71.3,48.7,86.6,39.3,21.0,61.2,38.5,20.1,60.9
2022,zone,Lualaba,Mutshatsha,154,13,5,6.7,1.0,34.7,93.3,65.3,99.0,89.2,64.3,97.4,68.0,29.5,91.6,56.5,21.2,86.2,93.3,65.3,99.0,90.0,68.2,97.4,68.2,31.3,91.0,55.1,19.5,86.1,89.3,69.0,96.9,67.4,29.3,91.2,56.5,21.2,86.2,89.2,64.3,97.4,69.9,29.4,92.8,59.0,21.9,88.1,68.0,39.0,87.7,54.8,27.6,79.4,56.0,28.7,80.1
2022,zone,Lualaba,Sandoa,149,25,5,30.2,23.6,37.7,61.5,55.9,66.8,63.9,57.5,69.8,50.2,41.2,59.2,43.8,35.0,53.0,64.4,58.2,70.1,64.0,55.8,71.4,51.4,43.5,59.1,43.8,35.0,53.0,62.7,56.0,69.0,50.2,41.2,59.2,43.8,35.0,53.0,60.0,55.6,64.3,50.2,41.2,59.2,43.1,33.1,53.7,51.0,40.9,61.1,36.1,26.6,46.9,34.8,24.4,47.0
2022,zone,Maindombe,Banzow Moke,187,18,5,24.1,16.8,33.1,75.9,66.9,83.2,75.9,66.9,83.2,72.7,65.8,78.7,56.4,50.7,62.0,75.9,66.9,83.2,75.9,66.9,83.2,72.7,65.8,78.7,56.4,50.7,62.0,75.9,66.9,83.2,72.7,65.8,78.7,56.4,50.7,62.0,75.9,66.9,83.2,71.8,65.5,77.3,55.5,48.6,62.3,69.4,59.9,77.4,39.1,31.7,47.0,39.4,33.1,46.0
2022,zone,Maindombe,Bokoro,181,26,5,12.3,5.3,26.0,87.7,74.0,94.7,86.1,71.9,93.7,85.2,71.7,92.8,83.8,67.2,92.9,86.9,74.2,93.8,86.9,74.2,93.8,84.7,71.6,92.4,83.8,67.2,92.9,86.5,74.3,93.5,83.1,67.8,92.1,81.8,63.1,92.2,86.4,71.8,94.1,82.7,65.5,92.3,81.3,60.9,92.4,85.0,67.0,94.1,84.3,66.7,93.5,84.3,66.7,93.5
2022,zone,Maindombe,Bolobo,180,25,5,5.8,1.9,16.6,94.2,83.4,98.1,94.2,83.4,98.1,94.2,83.4,98.1,94.2,83.4,98.1,92.8,84.1,96.9,94.2,83.4,98.1,94.2,83.4,98.1,93.9,82.8,98.0,94.2,83.4,98.1,94.2,83.4,98.1,94.2,83.4,98.1,94.2,83.4,98.1,94.2,83.4,98.1,93.8,82.1,98.0,94.2,83.4,98.1,87.1,70.1,95.1,87.1,70.1,95.1
2022,zone,Maindombe,Bosobe,178,20,5,24.5,12.3,43.0,72.3,54.5,85.0,74.3,52.6,88.3,65.6,37.9,85.7,65.2,37.7,85.3,74.6,56.8,86.8,74.9,54.8,88.0,69.2,48.4,84.4,67.2,44.2,84.1,74.3,52.6,88.3,65.1,36.2,85.9,63.5,35.2,84.7,73.7,50.5,88.5,66.5,40.7,85.2,65.7,40.4,84.4,73.1,52.0,87.2,64.1,37.8,84.0,64.1,37.8,84.0
2022,zone,Maindombe,Inongo,179,34,5,32.9,14.5,58.6,66.8,40.9,85.4,66.1,42.1,84.0,65.2,42.2,82.8,57.3,39.9,73.0,65.3,39.2,84.5,65.7,42.0,83.5,64.8,42.0,82.4,57.3,39.9,73.0,66.5,42.1,84.4,65.6,42.3,83.3,57.7,40.2,73.4,66.5,42.1,84.4,65.6,42.3,83.3,57.7,40.2,73.4,58.3,39.5,75.0,43.2,23.5,65.3,43.2,23.5,65.3
2022,zone,Maindombe,Kiri,185,26,5,50.7,33.4,67.7,46.8,29.3,65.1,47.5,31.1,64.4,47.0,31.1,63.6,39.7,26.6,54.4,46.6,29.0,65.1,48.6,31.9,65.7,47.5,31.1,64.4,40.4,27.2,55.2,47.5,31.1,64.4,47.0,31.1,63.6,40.4,27.2,55.2,47.5,31.1,64.4,46.3,30.5,62.9,39.3,26.6,53.5,41.4,27.5,56.7,29.6,16.6,47.1,29.6,16.6,47.1
2022,zone,Maindombe,Kwamouth,110,23,2,12.9,0.0,99.8,87.1,0.2,100.0,81.4,0.2,100.0,78.2,0.0,100.0,74.0,0.0,100.0,81.8,25.5,99.8,83.2,0.1,100.0,78.2,0.0,100.0,74.0,0.0,100.0,81.4,0.2,100.0,78.2,0.0,100.0,74.0,0.0,100.0,81.4,0.2,100.0,77.2,0.0,100.0,72.9,0.0,100.0,74.0,0.0,100.0,70.8,0.0,100.0,70.8,0.0,100.0
2022,zone,Maindombe,Mimia,180,14,5,37.9,30.1,46.4,59.9,49.9,69.1,62.1,53.6,69.9,47.4,30.6,64.7,46.6,29.2,64.8,61.6,53.0,69.6,62.1,53.6,69.9,50.1,30.2,69.9,48.1,27.1,69.8,62.1,53.6,69.9,47.5,28.3,67.5,46.1,26.1,67.6,61.5,51.6,70.6,48.7,30.0,67.7,47.9,28.6,67.8,61.3,52.5,69.4,55.0,41.7,67.6,55.0,41.7,67.6
2022,zone,Maindombe,Mushie,177,21,5,5.6,1.0,25.9,94.4,74.1,99.0,94.4,74.1,99.0,94.4,74.1,99.0,94.4,74.1,99.0,84.5,53.8,96.2,94.4,74.1,99.0,94.4,74.1,99.0,94.4,74.1,99.0,94.4,74.1,99.0,94.4,74.1,99.0,94.4,74.1,99.0,94.4,74.1,99.0,94.4,74.1,99.0,94.0,73.0,98.9,94.4,74.1,99.0,88.8,73.8,95.7,88.8,73.8,95.7
2022,zone,Maindombe,Nioki,187,23,5,14.1,7.0,26.3,85.8,73.6,92.9,84.7,74.4,91.3,77.6,66.2,85.9,64.9,56.7,72.2,81.5,64.0,91.6,85.3,75.5,91.6,79.3,68.9,86.9,70.1,53.7,82.6,84.1,73.6,90.9,70.2,55.6,81.6,60.3,49.8,70.0,83.2,71.7,90.6,75.0,56.7,87.2,64.1,48.3,77.4,80.2,66.1,89.3,54.6,40.3,68.2,54.8,40.5,68.3
2022,zone,Maindombe,Ntandembelo,196,19,5,25.0,15.4,37.8,75.0,62.2,84.6,75.0,62.2,84.6,72.9,61.1,82.1,63.2,54.5,71.2,73.9,60.2,84.1,73.7,60.8,83.5,71.6,60.0,80.8,62.6,53.4,71.0,75.0,62.2,84.6,72.9,61.1,82.1,63.2,54.5,71.2,74.7,61.7,84.4,72.6,60.7,82.0,63.0,53.8,71.3,69.4,60.1,77.3,44.2,30.8,58.4,44.8,31.8,58.6
2022,zone,Maindombe,Oshwe,182,28,5,34.7,18.8,55.1,62.6,45.9,76.8,63.7,42.1,80.9,44.2,23.0,67.8,44.2,23.0,67.8,65.0,45.0,80.8,65.0,45.0,80.8,45.3,23.0,69.8,45.3,23.0,69.8,64.2,41.8,81.7,45.0,23.0,69.1,45.0,23.0,69.1,63.4,42.3,80.4,42.8,20.6,68.4,42.8,20.6,68.4,63.9,42.0,81.3,53.7,35.3,71.2,54.4,35.4,72.2
2022,zone,Maindombe,Pendjwa,176,16,5,58.1,54.7,61.4,41.5,37.3,45.8,41.5,37.3,45.8,40.5,37.2,43.8,34.8,31.0,38.8,41.5,37.3,45.8,41.9,38.6,45.3,40.9,38.6,43.3,35.2,31.5,39.1,41.5,37.3,45.8,40.5,37.2,43.8,34.8,31.0,38.8,41.5,37.3,45.8,40.5,37.2,43.8,34.8,31.0,38.8,35.2,31.5,39.1,24.8,15.7,36.8,24.8,15.7,36.8
2022,zone,Maindombe,Yumbi,180,18,5,12.6,10.9,14.5,81.2,65.0,90.9,85.9,83.1,88.2,85.9,83.1,88.2,81.3,68.5,89.7,75.0,41.6,92.6,85.9,83.1,88.2,85.9,83.1,88.2,81.3,68.5,89.7,85.9,83.1,88.2,85.9,83.1,88.2,81.3,68.5,89.7,85.9,83.1,88.2,85.9,83.1,88.2,81.3,68.5,89.7,80.2,65.4,89.6,62.0,24.5,89.2,62.0,24.5,89.2
2022,zone,Maniema,Alunguli,162,8,5,73.3,54.2,86.5,22.3,9.6,43.8,19.7,8.7,38.7,14.8,6.3,30.8,11.5,4.6,26.1,16.2,9.3,26.6,22.5,11.2,40.2,17.5,8.1,33.8,13.0,5.6,27.3,19.1,8.2,38.6,15.4,6.8,31.4,11.4,4.4,26.3,18.4,8.4,35.6,15.4,6.8,31.4,12.8,5.4,27.7,14.7,5.7,33.2,3.7,1.5,8.7,4.3,2.0,9.3
2022,zone,Maniema,Ferekeni,162,10,5,49.9,35.3,64.5,37.6,28.3,48.0,25.3,13.6,42.3,18.9,11.5,29.5,7.3,3.3,15.6,44.6,27.7,62.8,36.6,21.4,55.1,28.9,13.3,51.9,13.3,9.5,18.3,25.3,13.6,42.3,18.9,11.5,29.5,7.3,3.3,15.6,20.4,14.0,28.7,17.8,11.6,26.2,8.4,5.4,13.0,18.8,8.1,37.8,14.0,6.1,28.7,17.2,7.3,35.4
2022,zone,Maniema,Kabambare,125,13,4,38.6,25.1,54.1,55.8,36.2,73.7,48.0,43.1,52.8,36.2,22.8,52.2,19.0,10.1,33.0,57.6,46.5,68.0,56.7,43.3,69.2,48.3,28.1,69.1,30.0,17.0,47.2,46.7,37.5,56.1,36.2,22.8,52.2,16.0,9.7,25.2,29.6,21.8,38.7,19.2,10.7,32.2,13.4,5.5,29.2,46.4,38.8,54.3,24.3,16.3,34.7,20.6,9.1,40.1
2022,zone,Maniema,Kailo,160,18,5,60.7,37.5,79.9,33.3,18.7,51.9,29.2,15.4,48.2,15.6,4.5,41.8,6.5,1.2,28.0,30.4,15.6,50.7,35.8,18.5,57.9,26.0,8.7,56.4,13.1,2.8,44.0,29.2,15.4,48.2,14.6,5.3,34.5,5.9,0.9,30.7,29.2,15.4,48.2,15.2,5.7,34.6,5.9,0.9,30.7,17.1,6.4,38.3,13.6,3.5,40.8,15.3,4.7,40.1
2022,zone,Maniema,Kalima,157,19,5,48.4,32.5,64.7,35.1,25.7,45.9,28.0,18.1,40.5,23.5,17.2,31.2,17.7,11.6,26.1,34.7,23.9,47.3,45.1,32.3,58.6,35.8,25.9,46.9,27.3,20.4,35.6,27.5,17.9,39.8,22.8,17.1,29.7,16.9,11.7,23.8,27.7,18.0,40.1,25.0,17.9,33.9,19.2,11.8,29.7,27.9,17.2,42.1,31.2,22.2,42.0,33.9,19.5,52.0
2022,zone,Maniema,Kampene,174,18,5,73.7,59.2,84.4,24.2,11.5,43.8,13.9,8.6,21.6,10.3,6.4,16.3,3.3,1.5,7.0,21.9,10.4,40.4,20.7,13.2,31.1,15.1,9.7,22.8,5.5,3.4,8.6,14.0,8.3,22.4,9.1,4.7,16.9,3.7,1.5,8.9,15.3,8.8,25.4,9.9,6.3,15.3,4.1,1.8,8.8,6.6,1.6,23.9,3.8,1.8,7.8,6.5,2.4,16.5
2022,zone,Maniema,Kasongo,154,21,5,39.6,31.0,48.9,52.6,44.0,61.0,58.0,48.7,66.8,46.5,36.2,57.2,23.9,13.7,38.4,50.4,40.5,60.3,57.1,48.7,65.1,43.9,32.4,56.1,23.3,11.2,42.2,56.0,46.8,64.8,42.2,35.3,49.4,21.3,11.9,35.3,46.5,38.3,54.9,30.0,21.9,39.5,13.5,6.2,27.1,47.3,42.5,52.1,24.8,18.8,32.0,28.7,23.0,35.2
2022,zone,Maniema,Kibombo,154,13,5,66.6,57.9,74.3,26.7,16.7,39.8,16.3,8.2,29.7,11.9,5.7,23.3,5.7,2.1,14.6,23.9,15.9,34.2,27.6,19.4,37.7,21.5,13.8,31.7,9.3,3.4,22.8,16.8,7.9,32.2,12.5,5.6,25.6,5.7,2.1,14.6,12.9,8.0,20.0,9.2,5.0,16.4,5.7,2.1,14.6,18.9,11.6,29.3,10.7,5.6,19.6,13.4,8.1,21.5
2022,zone,Maniema,Kindu,165,11,5,35.7,25.9,46.9,56.4,41.5,70.3,55.0,42.7,66.7,46.5,32.3,61.3,30.3,21.5,40.7,51.2,33.0,69.1,57.3,45.5,68.3,49.3,35.0,63.7,33.8,19.0,52.7,52.9,39.7,65.7,44.6,28.4,62.0,30.1,21.6,40.1,49.4,41.6,57.3,32.1,17.9,50.6,20.6,11.1,35.0,45.5,32.3,59.4,30.2,18.6,45.0,27.9,18.8,39.2
2022,zone,Maniema,Kunda,154,30,5,45.3,30.6,60.9,42.0,28.7,56.6,39.9,22.1,60.9,32.8,16.7,54.4,25.7,11.5,47.7,41.5,25.8,59.2,52.3,37.6,66.6,42.3,26.1,60.4,25.8,13.8,43.0,39.2,20.7,61.4,32.8,16.7,54.4,25.7,11.5,47.7,30.9,20.0,44.6,23.3,14.6,35.2,18.6,9.6,32.9,41.2,26.4,57.7,14.3,5.4,32.9,35.7,22.7,51.1
2022,zone,Maniema,Lubutu,160,20,5,21.5,14.5,30.7,61.6,46.8,74.4,46.6,31.1,62.8,32.6,19.0,50.0,21.4,12.9,33.3,71.8,64.3,78.3,58.6,53.6,63.5,43.6,33.3,54.4,31.3,21.6,42.8,47.4,32.7,62.6,33.4,20.2,49.9,22.2,13.8,33.6,38.6,32.2,45.4,27.8,20.1,37.2,22.7,14.7,33.3,23.2,14.9,34.4,24.5,16.2,35.2,21.2,15.3,28.6
2022,zone,Maniema,Lusangi,151,18,5,46.3,29.6,63.8,46.7,29.3,64.9,47.1,29.4,65.6,28.3,12.8,51.4,17.4,4.9,46.3,49.9,33.7,66.2,47.8,28.4,67.9,38.5,23.5,55.9,24.5,12.2,43.1,43.7,24.4,65.1,28.3,12.8,51.4,17.4,4.9,46.3,33.4,19.4,51.1,20.9,11.5,34.9,11.7,4.5,27.2,38.5,24.7,54.4,27.6,15.9,43.7,23.4,13.1,38.3
2022,zone,Maniema,Obokote,155,11,5,21.6,17.7,26.1,68.1,60.6,74.8,54.6,48.6,60.4,44.0,34.7,53.8,32.5,25.2,40.7,67.4,60.8,73.4,64.6,55.9,72.4,48.7,38.2,59.3,33.2,24.5,43.2,54.4,50.1,58.6,43.2,33.5,53.5,32.5,25.2,40.7,44.9,38.3,51.7,38.5,29.5,48.3,31.2,24.9,38.3,39.1,30.0,49.0,30.5,21.5,41.3,29.9,21.3,40.3
2022,zone,Maniema,Pangi,158,16,5,50.0,42.1,57.8,26.9,14.3,44.8,14.8,6.7,29.5,12.0,5.5,24.2,6.0,2.8,12.4,27.5,16.0,42.9,32.3,21.8,45.1,26.4,16.6,39.1,9.2,3.7,21.1,14.2,6.5,28.3,11.4,5.0,23.9,5.1,2.0,12.4,11.4,4.4,26.4,8.6,3.4,20.2,4.5,1.6,12.0,12.0,6.7,20.6,15.3,8.0,27.4,26.7,15.0,43.1
2022,zone,Maniema,Punia,161,17,5,41.9,34.6,49.6,40.5,23.5,60.2,47.7,38.3,57.4,34.2,21.7,49.4,15.7,7.0,31.3,46.9,36.7,57.3,49.6,41.9,57.3,39.0,27.5,51.8,20.9,12.1,33.5,47.7,38.3,57.4,33.0,19.5,50.0,16.4,6.8,34.4,45.1,32.9,57.9,31.4,15.7,52.8,16.8,7.3,34.2,25.9,13.3,44.4,25.0,20.2,30.4,21.8,15.4,29.8
2022,zone,Maniema,Samba,154,12,5,52.5,35.2,69.3,33.2,23.7,44.4,28.6,22.1,36.2,23.0,20.6,25.5,14.3,10.8,18.6,37.0,14.9,66.4,41.0,28.5,54.7,34.2,23.0,47.4,19.0,12.4,28.2,28.6,22.1,36.2,23.4,21.7,25.1,14.7,10.7,19.8,27.0,21.7,33.0,22.6,20.3,25.2,12.7,9.2,17.5,33.2,24.8,42.8,15.0,9.7,22.5,31.6,19.6,46.7
2022,zone,Maniema,Saramabila,157,18,5,49.5,36.7,62.3,40.8,29.7,52.9,45.6,35.0,56.5,31.4,22.8,41.6,12.2,7.6,19.0,44.5,32.7,56.9,42.2,34.9,49.9,31.5,21.4,43.7,16.5,9.8,26.4,42.0,34.7,49.7,29.6,20.8,40.3,12.6,7.7,19.9,23.9,19.6,29.0,13.7,6.7,25.9,4.8,2.0,11.4,37.7,28.7,47.6,23.5,15.9,33.3,23.0,15.7,32.5
2022,zone,Maniema,Tunda,159,11,5,50.3,34.0,66.5,42.7,26.5,60.6,22.4,12.1,37.7,17.3,9.6,29.1,13.2,4.9,30.9,39.3,16.0,68.6,44.2,31.2,58.0,27.8,20.3,36.9,19.4,9.2,36.5,22.4,12.1,37.7,16.1,8.3,28.9,12.7,4.9,29.0,20.1,10.8,34.3,16.1,8.3,28.9,13.2,4.9,30.9,26.5,19.9,34.3,14.5,7.3,26.9,19.6,11.3,32.0
2022,zone,Mongala,Binga,150,32,5,72.6,49.9,87.6,27.4,12.4,50.1,21.5,11.2,37.2,12.4,5.5,25.7,6.9,2.6,17.4,27.4,12.4,50.1,25.5,11.7,46.8,14.0,5.1,32.9,9.6,4.1,21.1,24.2,11.3,44.4,14.5,5.6,32.7,7.6,3.2,17.1,24.9,13.0,42.5,12.5,5.1,27.7,8.1,2.7,21.8,16.9,6.3,37.8,12.6,7.0,21.8,12.0,5.9,22.8
2022,zone,Mongala,Bongandanga,162,24,5,18.6,8.5,36.0,50.7,38.2,63.0,62.5,42.2,79.2,44.0,24.4,65.7,27.6,11.7,52.4,59.3,53.6,64.8,78.4,63.5,88.4,67.7,57.3,76.6,38.9,24.3,55.9,61.9,42.5,78.1,43.4,24.5,64.4,27.6,11.7,52.4,62.2,49.3,73.6,43.7,29.6,58.9,25.1,10.4,49.2,34.9,15.3,61.4,25.2,15.0,39.2,25.8,15.8,39.1
2022,zone,Mongala,Boso Manzi,153,17,5,62.4,55.3,69.0,32.2,26.6,38.3,30.1,20.9,41.3,17.8,10.3,28.8,9.4,4.3,19.5,37.1,29.9,44.9,33.2,25.0,42.5,19.8,12.9,29.0,13.2,9.3,18.5,30.7,20.5,43.3,19.0,10.3,32.3,10.6,4.4,23.3,30.2,21.6,40.5,17.4,10.9,26.5,10.8,7.8,14.8,18.0,10.9,28.3,12.7,7.4,20.8,12.7,7.4,20.8
2022,zone,Mongala,Boso Mondanda,154,17,5,29.0,19.0,41.6,35.8,22.9,51.2,55.3,50.1,60.4,41.2,25.9,58.3,24.0,11.2,44.3,39.8,22.4,60.3,69.2,58.5,78.1,48.9,38.1,59.8,25.7,12.0,46.6,55.4,49.7,61.0,39.9,25.5,56.3,23.5,10.8,43.8,49.5,40.1,59.0,37.6,24.9,52.2,16.8,5.3,42.0,45.5,34.7,56.7,27.0,14.8,43.9,23.9,12.1,41.8
2022,zone,Mongala,Bosondjo,153,25,5,27.9,13.5,49.0,58.4,43.6,71.7,52.0,35.8,67.8,34.8,20.7,52.3,24.5,11.7,44.4,44.1,31.1,57.9,66.3,43.3,83.6,43.0,28.6,58.6,27.7,17.8,40.5,52.0,35.8,67.8,34.8,20.7,52.3,24.5,11.7,44.4,46.3,33.8,59.3,34.0,19.9,51.7,23.1,10.2,44.1,33.0,25.4,41.6,24.1,11.7,43.2,22.4,11.7,38.6
2022,zone,Mongala,Bumba,155,16,5,32.0,19.1,48.5,57.4,43.9,69.9,51.3,29.3,72.8,41.5,19.3,67.7,23.9,7.1,56.2,58.9,38.0,77.1,63.6,43.9,79.6,51.5,31.7,70.8,26.2,9.0,55.9,50.6,27.7,73.3,40.1,18.4,66.5,22.5,7.0,53.0,45.1,26.6,65.1,32.4,15.9,54.9,21.4,6.7,50.9,36.4,17.2,61.2,18.2,10.1,30.6,16.7,7.9,32.1
2022,zone,Mongala,Lisala,149,34,5,54.5,14.9,89.1,37.3,10.7,74.8,32.6,8.1,72.7,25.2,4.4,71.1,16.4,3.0,55.8,36.8,11.1,73.1,42.8,10.0,83.4,29.0,4.6,77.4,19.2,3.3,61.9,31.4,9.2,67.4,25.1,5.1,67.8,13.6,3.1,43.8,29.4,6.6,71.0,20.2,4.1,59.7,12.1,2.9,38.3,26.5,7.1,63.1,16.9,5.0,44.0,15.3,4.7,39.9
2022,zone,Mongala,Lolo,157,21,5,39.7,26.5,54.5,37.7,22.6,55.7,41.8,28.2,56.9,29.0,16.7,45.3,18.9,8.1,38.1,43.9,32.2,56.4,56.0,41.9,69.3,41.2,29.7,53.8,21.8,9.2,43.4,43.1,29.4,58.0,28.1,17.0,42.7,19.6,9.1,37.2,36.3,21.8,53.8,24.8,13.0,42.1,16.6,7.4,33.4,26.0,13.7,43.8,21.0,11.5,35.3,16.8,9.0,29.4
2022,zone,Mongala,Pimu,154,25,5,17.0,11.2,25.1,61.5,54.0,68.4,66.7,54.0,77.4,54.1,42.2,65.6,31.7,22.1,43.1,61.7,52.2,70.3,79.9,72.4,85.7,64.4,47.4,78.5,39.2,31.2,47.7,66.7,54.0,77.4,54.1,42.2,65.6,32.3,22.5,43.8,63.9,49.5,76.1,44.8,29.9,60.8,24.8,16.6,35.4,45.3,32.2,59.0,31.4,22.2,42.2,30.9,19.7,44.9
2022,zone,Mongala,Yamaluka,160,22,5,55.8,45.5,65.5,22.0,11.1,38.9,18.1,8.9,33.2,13.7,7.0,24.9,9.7,4.3,20.7,32.4,28.3,36.7,40.3,31.0,50.3,22.4,16.2,30.2,16.8,11.7,23.5,18.5,9.0,34.4,14.1,7.1,26.0,9.7,4.3,20.7,16.1,8.7,27.8,10.2,5.5,18.4,8.6,4.7,15.4,15.0,9.5,22.9,16.6,9.5,27.5,13.0,8.5,19.4
2022,zone,Mongala,Yambuku,151,40,5,79.3,57.5,91.6,18.9,8.4,37.2,11.7,3.4,33.0,10.0,2.2,35.1,6.8,0.6,46.7,20.1,8.0,42.3,18.3,8.0,36.5,11.4,3.0,34.3,7.2,0.8,43.4,12.3,3.7,33.4,9.6,1.8,37.5,6.8,0.6,46.7,12.3,3.5,34.9,10.0,2.2,35.1,7.4,0.8,44.1,12.1,3.8,32.5,7.8,1.0,40.6,7.2,0.8,43.4
2022,zone,Mongala,Yamongili,156,22,5,54.6,42.4,66.2,31.1,24.0,39.2,25.3,18.4,33.8,19.3,11.8,29.9,9.7,4.0,21.6,35.0,22.4,50.1,38.8,27.3,51.6,26.4,17.6,37.6,13.6,8.4,21.1,26.6,16.7,39.6,18.8,11.3,29.6,9.2,3.7,21.1,21.9,17.1,27.6,15.4,11.0,21.2,9.4,4.8,17.6,15.6,8.1,28.0,11.3,9.1,13.8,8.8,4.3,17.1
2022,zone,Nord Kivu,Alimbongo,153,21,5,0.0,0.0,0.0,90.7,53.7,98.8,98.7,85.3,99.9,98.1,89.4,99.7,95.1,77.1,99.1,84.5,71.6,92.2,99.3,92.2,99.9,98.1,89.4,99.7,93.7,81.4,98.0,98.1,89.4,99.7,98.1,89.4,99.7,95.1,77.1,99.1,98.1,89.4,99.7,95.1,90.2,97.6,87.6,78.1,93.3,95.1,77.1,99.1,61.6,39.8,79.6,61.6,39.8,79.6
2022,zone,Nord Kivu,Beni,154,22,5,7.7,3.1,17.9,83.2,64.4,93.1,88.3,73.0,95.5,82.7,66.2,92.1,74.7,59.5,85.5,74.9,55.1,87.9,89.1,75.2,95.7,84.5,69.1,93.0,74.5,56.6,86.8,87.5,70.3,95.4,81.1,65.7,90.6,73.8,58.1,85.1,87.1,75.8,93.6,82.0,68.2,90.6,74.7,59.5,85.5,76.6,61.1,87.2,54.2,48.7,59.6,53.4,48.6,58.1
2022,zone,Nord Kivu,Biena,151,16,5,2.4,0.2,22.9,73.7,58.5,84.8,94.8,74.9,99.1,85.6,53.2,96.9,80.3,48.9,94.6,45.1,30.8,60.4,94.8,74.9,99.1,85.8,53.0,97.0,77.7,47.9,93.0,94.8,74.9,99.1,84.3,49.9,96.7,81.2,52.0,94.5,86.1,66.9,95.0,76.5,54.7,89.8,66.0,39.1,85.4,81.1,55.9,93.6,44.5,24.9,65.9,44.5,24.9,65.9
2022,zone,Nord Kivu,Butembo,151,16,5,0.0,0.0,0.0,95.8,83.9,99.0,96.6,85.3,99.3,90.6,72.3,97.3,81.4,56.7,93.6,80.6,50.9,94.3,97.4,80.5,99.7,93.0,77.5,98.1,82.2,58.7,93.7,96.6,85.3,99.3,89.6,69.6,97.0,81.5,55.9,93.8,91.5,72.5,97.8,77.5,41.4,94.4,60.3,18.1,91.3,88.8,65.8,97.0,54.8,34.4,73.8,54.8,33.3,74.6
2022,zone,Nord Kivu,Goma,157,11,5,0.2,0.0,3.6,89.0,75.1,95.6,97.7,89.8,99.5,91.9,76.5,97.5,85.0,68.8,93.6,64.2,52.2,74.6,98.4,93.7,99.6,92.1,76.8,97.6,84.3,71.0,92.2,98.4,93.7,99.6,89.7,78.9,95.3,84.8,65.8,94.1,99.1,93.7,99.9,90.3,75.1,96.6,75.5,59.6,86.6,87.7,68.1,96.0,33.7,24.8,44.0,31.9,23.1,42.2
2022,zone,Nord Kivu,Itebero,149,30,5,0.4,0.0,6.4,72.0,21.5,96.0,90.6,73.7,97.0,66.9,43.0,84.4,50.6,29.5,71.5,53.5,27.6,77.6,91.5,76.3,97.3,71.2,46.9,87.4,49.2,33.3,65.3,89.7,69.0,97.2,66.1,41.4,84.3,51.0,30.2,71.5,89.3,66.6,97.2,66.1,41.1,84.4,50.2,29.0,71.3,54.3,32.4,74.7,24.3,11.0,45.4,24.3,11.0,45.4
2022,zone,Nord Kivu,Kalunguta,180,18,5,0.7,0.1,8.0,81.8,69.1,90.1,99.3,92.0,99.9,96.9,86.0,99.4,91.1,75.2,97.2,51.1,32.5,69.3,99.3,92.0,99.9,97.6,91.0,99.4,89.9,73.4,96.7,98.6,84.9,99.9,95.8,86.7,98.8,90.7,71.7,97.4,97.2,83.8,99.6,92.6,80.0,97.5,77.3,58.0,89.4,91.8,75.9,97.5,62.7,44.9,77.6,62.4,44.7,77.3
2022,zone,Nord Kivu,Kamango,153,14,5,6.8,3.7,12.1,83.4,66.9,92.6,90.5,80.5,95.7,84.9,76.8,90.6,70.6,61.4,78.3,74.6,50.5,89.4,90.5,80.5,95.7,85.8,75.1,92.4,73.0,63.5,80.7,90.5,80.5,95.7,82.5,66.8,91.7,72.6,69.2,75.8,89.6,82.7,94.0,84.0,77.8,88.7,65.7,60.4,70.7,74.2,69.1,78.8,28.4,20.6,37.7,28.4,20.6,37.7
2022,zone,Nord Kivu,Karisimbi,153,19,5,0.5,0.0,7.2,91.8,67.7,98.4,99.5,92.8,100.0,95.0,83.3,98.6,86.5,78.8,91.7,64.7,29.0,89.2,99.5,92.8,100.0,95.2,84.3,98.6,85.5,73.5,92.6,99.5,92.8,100.0,93.8,86.6,97.3,86.5,78.8,91.7,96.7,84.8,99.4,89.1,83.1,93.1,76.3,72.1,80.0,89.7,77.0,95.7,37.8,23.1,55.0,37.4,25.4,51.1
2022,zone,Nord Kivu,Katwa,155,20,5,0.0,0.0,0.0,96.7,90.4,98.9,98.2,91.1,99.7,94.4,87.3,97.7,89.6,76.5,95.8,83.6,48.9,96.4,98.7,94.1,99.7,95.5,88.6,98.3,90.3,77.3,96.2,97.6,87.0,99.6,93.9,85.4,97.6,89.6,76.5,95.8,96.2,91.6,98.4,93.2,83.1,97.4,82.2,61.1,93.1,92.2,79.8,97.2,57.1,42.7,70.5,57.1,44.2,69.1
2022,zone,Nord Kivu,Kayna,151,23,5,0.5,0.0,6.7,80.3,68.7,88.4,97.4,88.3,99.5,94.5,77.1,98.9,88.2,61.6,97.2,86.6,76.0,93.0,97.0,87.7,99.3,94.1,77.5,98.7,87.7,61.6,97.0,97.4,88.3,99.5,94.1,77.5,98.7,87.5,59.0,97.2,96.1,83.3,99.2,89.9,71.7,96.9,77.8,57.7,90.0,88.6,61.4,97.4,59.9,30.9,83.3,59.9,30.9,83.3
2022,zone,Nord Kivu,Kibua,147,19,5,0.4,0.0,5.9,73.6,59.2,84.3,95.0,61.2,99.6,77.0,44.0,93.5,55.8,31.2,77.9,46.2,22.7,71.5,95.0,61.2,99.6,78.2,41.2,94.8,55.7,34.2,75.2,94.6,58.4,99.5,74.2,45.3,90.9,57.8,29.9,81.5,94.2,55.7,99.5,73.5,38.2,92.6,51.8,27.1,75.6,59.4,34.8,80.0,32.7,13.0,61.3,32.7,13.0,61.3
2022,zone,Nord Kivu,Kirotshe,155,31,4,0.0,0.0,0.0,87.4,37.3,98.8,100.0,100.0,100.0,100.0,100.0,100.0,98.1,91.5,99.6,69.0,32.4,91.1,100.0,100.0,100.0,100.0,100.0,100.0,97.9,91.2,99.5,100.0,100.0,100.0,100.0,100.0,100.0,97.1,95.1,98.3,100.0,100.0,100.0,100.0,100.0,100.0,82.4,68.6,91.0,98.1,91.5,99.6,84.8,53.0,96.5,82.3,40.4,97.0
2022,zone,Nord Kivu,Kyondo,168,23,5,0.0,0.0,0.0,89.4,74.5,96.1,99.4,92.9,99.9,96.6,87.3,99.2,91.4,84.6,95.3,75.9,51.8,90.2,99.4,92.9,99.9,96.6,87.3,99.2,91.8,83.2,96.2,99.4,92.9,99.9,95.3,85.5,98.6,91.1,84.4,95.1,97.2,87.1,99.4,93.0,85.7,96.7,48.0,36.0,60.3,91.7,85.6,95.4,78.2,70.1,84.6,75.1,67.8,81.2
2022,zone,Nord Kivu,Lubero,154,21,5,0.0,0.0,0.0,99.3,91.9,99.9,99.3,91.9,99.9,97.0,72.3,99.8,96.6,75.8,99.6,95.7,87.2,98.7,99.3,91.9,99.9,97.8,78.1,99.8,96.2,78.4,99.4,99.3,91.9,99.9,97.0,72.3,99.8,96.6,75.8,99.6,97.0,88.9,99.2,93.2,67.6,98.9,90.7,71.7,97.4,96.6,75.8,99.6,63.0,45.6,77.6,62.4,47.1,75.6
2022,zone,Nord Kivu,Mabalako,296,16,6,0.5,0.0,5.8,80.0,68.0,88.3,98.5,94.3,99.6,93.7,88.1,96.7,85.3,74.9,91.8,60.5,43.0,75.8,98.5,94.3,99.6,93.7,88.1,96.7,84.8,74.1,91.6,98.0,94.6,99.3,93.0,88.1,95.9,85.3,74.9,91.8,97.4,92.0,99.2,91.3,82.9,95.8,72.8,63.0,80.8,86.2,75.9,92.5,49.8,32.0,67.8,48.9,30.8,67.3
2022,zone,Nord Kivu,Manguredjipa,152,10,5,2.4,0.3,17.8,64.7,35.9,85.7,91.6,77.1,97.3,77.8,44.3,93.9,59.1,19.4,89.6,51.6,35.3,67.6,93.1,73.3,98.5,75.7,43.3,92.7,58.7,21.2,88.3,92.6,78.1,97.8,74.7,37.7,93.5,58.2,19.2,89.1,90.8,69.2,97.7,74.2,41.7,92.0,50.9,16.8,84.2,61.8,21.0,90.8,21.5,8.4,44.8,22.2,8.9,45.5
2022,zone,Nord Kivu,Masereka,169,16,5,0.0,0.0,0.0,91.4,67.7,98.2,96.5,93.1,98.2,94.0,90.9,96.1,92.1,89.8,93.9,51.1,41.1,61.1,98.2,94.3,99.5,94.6,92.9,96.0,92.1,88.8,94.5,96.5,93.1,98.2,93.7,90.9,95.6,90.6,86.8,93.3,95.4,89.4,98.0,92.8,89.3,95.3,45.1,30.3,60.7,92.1,89.8,93.9,74.0,53.4,87.6,73.7,53.2,87.3
2022,zone,Nord Kivu,Masisi,148,26,5,0.0,0.0,0.0,76.7,72.1,80.8,97.3,89.5,99.3,67.3,50.2,80.7,51.4,33.6,69.0,62.1,44.8,76.8,97.3,89.5,99.3,69.1,52.3,82.0,51.4,33.6,69.0,97.3,89.5,99.3,66.0,47.5,80.7,52.7,35.8,69.0,88.1,77.9,93.9,60.1,42.6,75.3,45.1,28.1,63.3,52.6,35.2,69.3,33.6,19.0,52.1,32.4,17.8,51.5
2022,zone,Nord Kivu,Musienene,153,20,5,0.0,0.0,0.0,94.3,88.7,97.2,98.0,94.1,99.3,96.5,87.8,99.1,90.4,74.9,96.7,97.8,94.0,99.2,98.0,94.1,99.3,96.5,87.8,99.1,90.4,74.9,96.7,98.0,94.1,99.3,96.5,87.8,99.1,90.4,74.9,96.7,96.5,87.8,99.1,93.2,86.6,96.7,82.8,72.8,89.7,90.4,74.9,96.7,55.4,44.2,66.0,55.4,44.2,66.0
2022,zone,Nord Kivu,Mutwanga,151,20,5,2.0,0.2,20.4,83.2,56.1,95.1,95.8,82.8,99.1,85.9,70.5,93.9,78.2,66.3,86.7,71.6,46.7,87.9,96.2,86.4,99.0,88.0,74.6,94.8,78.2,66.3,86.7,94.8,81.4,98.7,84.7,67.6,93.6,77.7,69.0,84.5,93.4,80.3,98.0,84.7,67.6,93.6,75.9,68.3,82.2,80.4,70.2,87.7,47.3,29.6,65.7,46.2,28.8,64.7
2022,zone,Nord Kivu,Nyiragongo,150,11,5,0.0,0.0,0.0,92.2,83.1,96.6,97.3,89.0,99.4,86.8,68.7,95.2,81.0,67.2,89.9,75.9,51.3,90.3,97.3,89.0,99.4,87.8,73.0,95.0,80.4,66.2,89.6,96.0,91.7,98.1,86.1,66.7,95.0,78.8,59.6,90.4,90.6,74.0,97.0,83.7,68.8,92.3,55.4,35.4,73.8,80.8,75.4,85.2,47.9,29.3,67.1,46.8,28.1,66.3
2022,zone,Nord Kivu,Oicha,305,27,6,0.0,0.0,0.0,88.0,80.8,92.7,97.6,95.5,98.8,93.2,90.1,95.4,88.7,83.7,92.4,37.4,29.6,45.9,98.4,91.6,99.7,94.1,87.8,97.2,80.0,63.9,90.1,99.4,93.0,99.9,95.0,93.0,96.4,88.2,82.7,92.2,92.8,89.1,95.3,80.6,75.4,84.9,64.1,49.9,76.2,89.0,83.6,92.8,50.8,34.3,67.1,51.1,36.6,65.4
2022,zone,Nord Kivu,Pinga,150,19,5,0.0,0.0,0.0,76.0,58.9,87.5,94.9,88.2,97.9,77.9,70.8,83.6,54.1,45.7,62.2,64.7,51.1,76.2,92.4,81.2,97.1,78.8,72.9,83.8,55.6,43.6,66.9,93.2,89.0,95.9,71.4,66.6,75.8,53.3,45.1,61.2,83.8,66.3,93.1,59.8,44.9,73.1,31.7,21.9,43.4,59.7,51.5,67.4,40.1,34.9,45.6,39.1,34.9,43.4
2022,zone,Nord Kivu,Vuhovi,161,13,5,0.0,0.0,0.0,93.0,85.1,96.9,100.0,100.0,100.0,98.8,92.3,99.8,93.9,85.5,97.6,58.1,40.8,73.6,100.0,100.0,100.0,98.8,92.3,99.8,95.0,86.8,98.2,100.0,100.0,100.0,98.4,89.1,99.8,94.1,84.3,97.9,97.0,89.0,99.2,95.1,87.1,98.3,47.4,37.5,57.5,94.8,88.4,97.7,68.1,58.0,76.7,68.1,58.0,76.7
2022,zone,Nord Kivu,Walikale,150,18,5,1.4,0.1,14.7,71.4,48.1,87.1,92.2,74.2,98.0,70.4,40.7,89.2,55.5,27.8,80.2,59.8,54.6,64.8,92.2,74.2,98.0,72.3,42.6,90.2,55.8,27.1,81.1,93.1,71.3,98.6,71.0,42.6,89.0,54.0,27.4,78.4,90.7,77.1,96.6,69.6,42.4,87.7,47.4,24.1,72.0,60.4,29.7,84.6,24.7,7.0,58.7,25.2,7.6,58.1
2022,zone,Nord Ubangi,Abuzi,151,14,5,1.3,0.1,19.9,81.8,67.9,90.5,97.9,85.1,99.7,77.9,68.7,85.0,63.0,52.4,72.4,56.8,32.5,78.2,96.7,83.6,99.4,78.3,72.8,83.0,62.2,52.6,70.9,97.9,85.1,99.7,79.1,72.4,84.6,64.6,53.8,74.1,94.5,87.2,97.7,76.6,68.9,82.8,60.1,50.4,69.0,64.1,52.8,74.1,42.8,32.8,53.4,42.8,32.8,53.4
2022,zone,Nord Ubangi,Bili,151,19,5,29.3,12.0,55.9,62.4,39.9,80.6,57.7,37.5,75.6,40.8,19.8,65.8,28.8,8.3,64.4,58.9,28.5,83.7,58.9,37.1,77.7,42.7,20.2,68.8,29.3,8.5,64.9,57.7,37.1,76.0,40.6,19.5,65.8,29.5,8.5,65.4,51.7,31.2,71.6,36.9,16.2,64.0,28.8,8.3,64.4,28.5,8.2,64.0,21.7,5.0,59.2,22.5,5.2,60.4
2022,zone,Nord Ubangi,Bosobolo,149,20,5,14.0,6.1,28.9,57.2,27.9,82.2,70.1,43.5,87.7,41.1,16.7,70.8,32.4,12.0,62.7,56.8,26.8,82.5,73.3,54.1,86.5,43.3,18.4,72.2,31.7,11.5,62.4,73.9,53.9,87.3,41.9,15.3,74.3,33.3,13.5,61.6,61.6,39.3,79.9,36.6,13.6,67.9,28.9,8.0,65.4,34.8,14.0,63.5,30.5,14.0,54.2,28.9,11.7,55.4
2022,zone,Nord Ubangi,Businga,151,13,5,2.4,0.4,12.2,97.6,87.8,99.6,97.0,85.3,99.5,95.7,78.5,99.3,95.7,78.5,99.3,96.9,83.6,99.5,97.0,85.3,99.5,95.7,78.5,99.3,95.7,78.5,99.3,97.0,85.3,99.5,95.7,78.5,99.3,95.7,78.5,99.3,96.4,82.3,99.3,95.7,78.5,99.3,95.7,78.5,99.3,95.7,78.5,99.3,59.4,45.5,71.9,58.7,43.3,72.6
2022,zone,Nord Ubangi,Gbadolite,150,16,5,2.4,0.2,20.1,93.0,79.3,97.9,93.3,82.4,97.7,90.9,75.7,97.0,77.3,63.7,86.9,68.8,44.8,85.7,94.6,84.0,98.3,91.6,75.3,97.5,77.9,65.3,86.9,94.6,84.0,98.3,92.8,78.3,97.9,80.2,69.9,87.6,87.3,78.7,92.7,83.1,70.0,91.2,70.1,63.8,75.8,83.0,74.8,88.9,54.1,27.2,78.8,53.7,29.4,76.4
2022,zone,Nord Ubangi,Karawa,151,24,5,0.4,0.0,5.8,97.7,94.6,99.1,98.5,93.2,99.7,96.3,79.1,99.4,92.9,73.1,98.4,96.6,89.9,98.9,99.6,94.2,100.0,95.2,72.7,99.3,91.8,67.5,98.4,97.4,86.1,99.6,94.1,66.7,99.2,91.8,67.5,98.4,96.3,79.1,99.4,94.1,66.7,99.2,91.8,67.5,98.4,94.0,79.0,98.5,70.0,59.3,78.9,70.0,59.3,78.9
2022,zone,Nord Ubangi,Loko,150,15,5,0.0,0.0,0.0,98.6,94.0,99.7,99.2,91.9,99.9,97.1,92.4,98.9,93.9,76.5,98.6,99.3,92.3,99.9,99.2,91.9,99.9,97.8,94.8,99.0,93.2,72.2,98.6,99.2,91.9,99.9,97.1,92.4,98.9,94.7,72.8,99.2,99.2,91.9,99.9,97.9,90.4,99.6,93.9,76.5,98.6,93.9,76.5,98.6,66.5,47.4,81.4,66.5,47.4,81.4
2022,zone,Nord Ubangi,Mobayi Mbongo,151,18,5,21.4,15.9,28.2,67.6,56.2,77.3,76.9,71.1,81.9,64.8,50.9,76.5,52.1,41.6,62.4,60.9,47.9,72.5,77.3,71.2,82.5,66.3,51.8,78.2,52.4,41.5,63.1,76.5,70.6,81.4,65.2,51.8,76.6,52.5,42.3,62.6,71.2,63.4,77.9,61.5,47.9,73.5,50.7,38.6,62.8,62.7,55.0,69.8,31.9,25.4,39.3,31.5,24.4,39.6
2022,zone,Nord Ubangi,Wapinda,153,12,5,2.8,1.0,7.9,81.8,63.3,92.2,95.8,91.2,98.1,93.2,87.3,96.5,87.3,75.7,93.8,58.4,23.0,86.8,95.2,88.8,98.0,91.1,80.2,96.2,73.8,50.7,88.5,95.8,91.2,98.1,90.0,73.6,96.7,89.7,82.6,94.1,95.8,91.2,98.1,91.4,80.9,96.3,80.6,65.9,90.0,88.5,75.1,95.2,55.1,36.8,72.0,55.1,36.8,72.0
2022,zone,Nord Ubangi,Wasolo,151,14,5,1.3,0.2,6.4,79.7,40.2,95.8,96.4,85.0,99.2,82.9,45.3,96.6,70.2,28.0,93.5,73.8,42.3,91.5,96.4,85.0,99.2,83.2,44.9,96.8,69.5,27.6,93.2,95.6,79.5,99.2,82.9,45.3,96.6,70.2,28.0,93.5,94.8,74.0,99.1,79.1,48.8,93.8,67.2,31.3,90.2,70.7,27.9,93.7,43.7,20.6,69.8,43.2,20.1,69.7
2022,zone,Nord Ubangi,Yakoma,155,13,5,2.8,1.9,4.2,79.6,66.4,88.6,93.7,86.8,97.1,87.7,78.7,93.3,73.1,47.1,89.3,50.7,26.5,74.6,94.3,86.5,97.7,86.4,74.0,93.5,69.4,43.1,87.1,93.7,86.8,97.1,86.2,74.5,93.0,73.1,47.1,89.3,93.7,86.8,97.1,85.6,74.8,92.3,70.4,43.9,87.9,75.0,53.4,88.7,46.1,38.4,54.0,46.2,38.4,54.2
2022,zone,Sankuru,Bena Dibele,180,13,5,51.0,36.1,65.8,38.6,29.8,48.3,44.2,30.6,58.8,38.2,22.7,56.6,22.1,7.8,48.8,35.9,23.4,50.7,47.1,32.9,61.8,39.9,24.3,57.8,24.4,9.6,49.5,43.5,28.7,59.5,37.4,21.0,57.4,21.4,7.2,48.9,41.9,26.7,58.8,36.6,20.0,57.2,22.4,8.0,49.0,25.8,11.3,48.9,18.4,6.3,43.1,17.3,6.2,39.7
2022,zone,Sankuru,Dikungu,180,17,5,39.2,30.8,48.4,44.1,37.0,51.4,52.6,44.3,60.8,41.2,30.4,52.9,23.1,10.2,44.0,33.7,23.8,45.2,56.8,47.5,65.6,51.1,42.5,59.7,25.6,10.8,49.5,55.0,48.5,61.3,41.8,31.3,53.2,22.4,9.2,45.2,46.1,33.2,59.6,36.5,23.4,51.9,18.7,7.8,38.5,41.4,29.9,53.8,38.0,28.7,48.3,39.3,28.8,50.8
2022,zone,Sankuru,Djalo Ndjeka,184,14,5,42.1,26.0,60.0,41.1,29.1,54.2,46.7,29.8,64.4,27.8,16.0,43.8,17.0,7.9,32.8,10.7,3.1,30.7,51.1,29.4,72.4,38.8,23.4,56.7,21.2,10.9,37.0,40.1,22.9,60.2,26.2,15.1,41.5,16.4,7.6,31.9,35.8,22.9,51.2,21.6,10.9,38.2,10.7,3.4,28.8,19.6,9.9,35.2,19.1,11.3,30.5,18.6,10.6,30.6
2022,zone,Sankuru,Katako Kombe,179,17,5,40.6,28.3,54.2,42.9,24.1,63.9,58.6,45.7,70.5,48.6,40.1,57.2,38.5,27.6,50.7,26.7,18.1,37.4,57.1,44.9,68.5,49.4,40.6,58.2,36.7,26.0,49.0,57.1,44.9,68.5,47.8,39.2,56.5,38.2,28.7,48.8,55.3,43.9,66.1,47.3,38.6,56.1,37.1,26.9,48.7,42.6,30.8,55.4,29.3,15.6,48.2,29.3,15.6,48.2
2022,zone,Sankuru,Kole,182,12,5,59.1,44.0,72.7,31.6,21.7,43.5,35.4,22.9,50.2,22.2,17.4,27.8,16.2,12.9,20.2,27.4,21.2,34.6,39.7,27.8,52.9,24.4,16.8,34.0,16.3,11.8,22.1,35.4,22.9,50.2,21.9,17.3,27.3,16.5,13.0,20.9,33.8,19.5,51.8,20.6,15.3,27.2,14.8,11.2,19.2,20.0,12.6,30.2,11.4,5.3,23.0,13.6,7.4,23.8
2022,zone,Sankuru,Lodja,173,23,5,46.6,30.1,63.8,29.3,17.8,44.2,32.9,16.9,54.2,20.6,12.6,31.7,10.1,4.6,21.0,26.8,18.6,37.0,48.4,30.5,66.8,29.8,20.3,41.4,14.2,8.1,23.8,32.0,16.1,53.7,18.5,10.1,31.3,10.0,5.0,18.8,22.9,12.0,39.2,14.9,6.4,30.9,9.6,5.1,17.1,19.4,12.7,28.7,18.0,12.3,25.6,21.1,15.5,28.1
2022,zone,Sankuru,Lomela,181,19,5,33.2,22.9,45.3,43.1,30.1,57.0,56.4,44.3,67.9,43.0,32.0,54.7,26.1,17.9,36.3,23.2,11.0,42.5,60.6,48.0,71.9,54.3,44.5,63.8,31.0,24.3,38.5,53.6,38.1,68.4,38.7,27.1,51.8,21.4,14.5,30.5,45.6,37.7,53.8,36.9,26.9,48.1,27.3,20.2,35.7,34.7,27.2,43.0,33.7,26.5,41.6,28.8,20.6,38.7
2022,zone,Sankuru,Lusambo,179,13,5,39.6,23.9,57.7,36.3,25.9,48.1,44.0,28.0,61.4,21.6,12.2,35.4,9.8,4.3,20.9,34.7,21.1,51.4,52.4,30.6,73.3,31.9,17.9,50.0,12.0,5.3,25.2,42.9,25.2,62.5,20.5,11.8,33.2,9.8,4.3,20.9,40.5,25.3,57.7,17.0,9.4,28.6,7.3,2.9,17.1,22.4,15.0,32.2,23.7,18.7,29.7,17.8,12.6,24.7
2022,zone,Sankuru,Minga,180,19,5,44.1,25.3,64.8,36.4,21.3,54.6,38.2,19.0,62.1,20.7,5.6,53.4,10.5,1.6,46.6,29.3,12.6,54.5,49.0,28.0,70.4,31.0,13.0,57.6,18.7,7.1,40.7,32.9,14.2,59.1,20.3,5.4,53.0,10.8,1.8,44.5,31.6,14.9,55.0,17.2,4.5,48.0,7.0,0.8,41.0,23.1,8.8,48.4,25.8,20.0,32.7,19.1,12.9,27.5
2022,zone,Sankuru,Omendjadi,183,18,5,39.3,26.1,54.3,32.3,26.9,38.1,52.3,34.8,69.3,33.7,24.8,43.9,22.8,15.6,32.2,12.2,3.8,33.0,55.9,42.5,68.5,42.4,35.0,50.1,26.8,20.3,34.3,44.3,25.0,65.5,29.2,18.8,42.4,20.6,14.0,29.3,33.8,22.2,47.8,23.8,17.7,31.3,18.2,13.2,24.5,26.9,20.1,34.9,29.8,24.0,36.2,27.2,19.4,36.7
2022,zone,Sankuru,Ototo,181,17,5,62.7,47.3,75.8,33.6,23.3,45.8,32.5,21.0,46.6,23.5,12.6,39.5,13.2,5.4,28.7,29.9,15.3,50.1,34.5,20.6,51.6,23.5,12.6,39.5,13.2,5.4,28.7,31.9,20.0,46.8,23.5,12.6,39.5,13.2,5.4,28.7,31.1,20.7,44.0,22.6,12.6,37.0,13.2,5.4,28.7,14.8,6.6,30.0,9.4,4.1,20.1,11.0,4.5,24.4
2022,zone,Sankuru,Pania Mutombo,185,10,5,39.0,27.8,51.6,35.7,29.2,42.8,42.9,23.4,64.8,23.3,11.1,42.5,12.9,5.5,27.4,34.4,20.6,51.3,56.9,43.0,69.7,36.4,18.6,58.8,19.8,8.7,39.0,41.3,22.6,63.0,21.9,11.0,39.1,14.1,5.1,33.3,36.3,21.3,54.6,19.3,8.3,38.5,7.7,2.7,19.9,20.9,11.1,35.7,21.5,14.0,31.5,18.5,11.3,28.8
2022,zone,Sankuru,Tshudi Loto,181,11,5,64.0,44.9,79.4,26.9,19.0,36.6,28.6,16.5,44.8,20.9,11.0,36.0,8.4,3.2,20.5,23.9,9.4,48.8,34.0,19.2,52.8,24.0,12.3,41.5,11.4,6.1,20.3,28.7,17.7,43.0,20.4,11.1,34.3,7.9,3.2,18.1,26.4,16.5,39.3,18.1,8.8,33.4,7.6,2.7,19.5,18.0,9.7,31.0,9.8,6.5,14.6,9.5,6.1,14.5
2022,zone,Sankuru,Tshumbe,180,14,5,33.6,24.0,44.7,54.5,46.7,62.2,61.2,54.2,67.8,47.3,41.0,53.6,29.9,21.5,39.9,40.8,32.4,49.8,63.6,52.8,73.2,52.3,42.6,61.9,32.3,24.1,41.7,59.8,51.2,67.9,47.3,41.0,53.6,26.7,16.0,41.0,58.0,56.1,60.0,44.2,39.2,49.4,26.3,20.8,32.7,45.8,38.0,53.9,40.3,34.2,46.9,41.7,36.9,46.7
2022,zone,Sankuru,Vanga Kete,187,17,5,56.9,42.6,70.2,23.3,16.2,32.3,31.4,17.6,49.7,21.0,11.6,35.1,14.9,7.5,27.3,12.1,5.0,26.5,38.7,24.2,55.5,32.7,20.7,47.5,19.0,8.7,36.5,26.5,13.2,46.2,18.8,9.5,33.6,14.6,6.5,29.5,18.2,7.5,38.1,11.8,4.1,29.3,7.9,3.3,17.9,15.4,6.1,33.8,24.1,17.3,32.5,21.3,14.6,30.0
2022,zone,Sankuru,Wembo Nyama,181,15,5,25.5,10.7,49.3,55.8,33.6,76.0,71.1,47.6,87.0,61.1,40.1,78.6,42.6,28.7,57.8,53.4,36.2,69.7,69.5,47.5,85.2,63.0,44.5,78.4,43.5,25.0,64.0,68.3,48.8,83.0,59.9,39.8,77.2,42.2,28.6,57.1,65.9,45.6,81.7,58.7,38.1,76.7,36.8,20.9,56.1,51.0,37.6,64.2,42.7,28.1,58.7,42.5,28.7,57.5
2022,zone,Sud Kivu,Bagira,178,8,5,16.1,10.1,24.8,68.8,52.2,81.7,81.2,73.5,87.1,77.4,70.6,83.0,72.5,64.0,79.7,31.7,23.8,41.0,80.5,73.4,86.1,76.7,70.1,82.2,72.2,64.1,79.1,81.2,73.5,87.1,75.5,69.6,80.6,72.0,64.0,78.8,80.4,73.6,85.8,75.4,68.8,81.0,70.1,62.3,76.9,72.5,64.0,79.7,51.6,36.9,66.0,51.9,39.4,64.1
2022,zone,Sud Kivu,Bunyakiri,157,26,5,8.0,2.2,25.5,66.1,38.2,86.1,86.4,68.1,95.0,76.2,60.9,86.8,56.1,41.7,69.5,58.0,34.5,78.3,88.0,74.7,94.8,78.0,56.4,90.7,57.2,40.5,72.5,87.2,70.7,95.1,72.4,47.9,88.2,56.8,39.7,72.5,84.9,70.1,93.1,72.9,52.8,86.6,38.9,29.0,49.9,67.8,48.2,82.6,38.0,31.2,45.2,38.8,33.5,44.4
2022,zone,Sud Kivu,Fizi,154,31,5,12.9,10.0,16.5,69.5,64.1,74.4,85.1,81.6,88.1,76.7,72.8,80.1,52.7,44.4,60.8,67.3,60.1,73.7,84.3,79.9,87.8,75.1,73.3,76.8,53.1,47.6,58.6,85.1,81.6,88.1,76.7,72.8,80.1,52.7,44.4,60.8,67.3,62.4,71.9,48.3,24.4,73.0,32.3,17.9,51.0,59.9,55.9,63.7,46.7,42.8,50.7,46.1,42.4,49.8
2022,zone,Sud Kivu,Haut Plateau,157,23,4,15.6,9.8,23.9,76.4,59.0,87.9,76.6,64.8,85.4,60.3,46.4,72.6,43.3,29.4,58.3,71.4,48.7,86.8,76.0,61.9,86.1,62.2,48.0,74.6,43.9,31.4,57.2,75.4,64.4,83.9,60.2,43.6,74.8,42.6,28.6,57.8,55.7,48.5,62.7,34.4,26.1,43.7,4.4,0.3,40.3,71.7,50.4,86.3,34.6,16.8,57.9,36.8,18.0,60.6
2022,zone,Sud Kivu,Ibanda,188,17,5,0.0,0.0,0.0,65.4,37.8,85.5,98.8,94.6,99.7,92.9,81.0,97.6,77.4,58.2,89.4,41.7,19.2,68.2,98.8,94.6,99.7,92.9,81.0,97.6,77.7,52.4,91.7,99.1,94.4,99.9,92.5,79.0,97.6,82.2,51.9,95.2,99.1,94.4,99.9,92.5,80.6,97.3,73.2,44.0,90.5,81.2,53.9,94.1,17.7,7.1,37.9,15.6,5.0,39.3
2022,zone,Sud Kivu,Idjwi,157,21,5,12.0,4.9,26.6,82.1,67.5,91.0,77.9,68.9,84.8,72.0,64.6,78.3,61.5,50.8,71.2,74.5,65.2,82.0,80.1,72.3,86.1,72.6,65.2,79.0,63.0,54.9,70.4,78.0,71.1,83.7,68.7,59.7,76.5,56.1,43.1,68.4,79.3,68.8,86.9,68.1,57.1,77.3,43.6,29.0,59.5,65.6,58.2,72.3,41.2,34.0,48.8,41.7,34.8,49.0
2022,zone,Sud Kivu,Itombwe,158,18,5,8.3,1.1,42.3,50.1,19.9,80.2,84.3,62.5,94.5,55.6,30.2,78.3,46.4,20.8,74.0,52.8,17.3,85.7,84.5,65.6,94.0,56.9,30.1,80.2,49.0,20.9,77.6,84.9,64.9,94.5,56.0,30.1,79.0,46.4,20.8,74.0,79.5,48.5,94.1,54.0,27.1,78.8,46.4,20.8,74.0,52.5,26.6,77.1,18.1,6.4,41.8,17.3,6.0,40.6
2022,zone,Sud Kivu,Kabare,191,16,5,2.3,0.6,7.8,78.9,66.2,87.8,97.5,92.4,99.2,94.4,84.3,98.1,79.6,72.5,85.2,54.5,45.3,63.5,97.0,91.3,99.0,92.0,83.1,96.4,79.7,72.4,85.5,95.0,84.3,98.5,90.9,80.7,96.0,81.1,70.9,88.3,91.5,84.1,95.7,86.0,80.0,90.4,54.9,45.0,64.5,88.6,70.6,96.2,47.6,36.8,58.5,49.3,37.7,60.9
2022,zone,Sud Kivu,Kadutu,178,14,5,8.1,3.0,20.1,74.8,55.9,87.4,90.8,81.8,95.6,77.9,69.3,84.6,68.9,55.3,79.9,59.4,36.6,78.7,91.9,79.9,97.0,77.9,69.3,84.6,69.7,55.0,81.2,91.4,81.2,96.3,77.5,68.4,84.7,68.9,55.3,79.9,89.1,71.8,96.3,76.1,65.9,83.9,66.5,55.9,75.7,70.6,55.9,82.0,47.9,29.1,67.3,47.3,28.0,67.4
2022,zone,Sud Kivu,Kalehe,180,16,5,10.5,7.4,14.6,64.2,53.8,73.4,88.1,82.0,92.3,81.0,67.6,89.7,53.1,23.1,81.0,61.3,54.4,67.9,88.1,82.0,92.3,82.1,70.6,89.7,72.0,53.5,85.1,87.6,80.7,92.3,79.8,64.4,89.6,52.6,25.3,78.5,84.1,75.4,90.1,77.0,64.4,86.0,65.0,51.1,76.7,74.2,55.4,86.9,34.7,19.1,54.4,34.0,19.0,53.1
2022,zone,Sud Kivu,Kalole,181,24,5,0.0,0.0,0.0,50.1,29.6,70.7,100.0,100.0,100.0,92.8,87.5,95.9,72.4,59.8,82.2,36.8,24.0,51.7,99.5,93.9,100.0,95.9,87.8,98.7,72.6,60.9,81.9,99.5,93.9,100.0,91.6,88.0,94.2,76.5,65.9,84.6,96.6,66.2,99.8,91.4,75.4,97.3,63.8,56.7,70.4,69.9,65.0,74.3,21.2,15.2,28.7,22.5,19.4,25.9
2022,zone,Sud Kivu,Kalonge,185,18,5,2.3,0.4,11.3,81.3,58.2,93.1,95.7,80.9,99.2,78.6,65.9,87.5,56.6,43.3,69.0,73.8,38.8,92.6,96.9,86.0,99.4,78.2,64.0,87.8,57.4,45.4,68.6,94.0,77.6,98.6,76.2,63.2,85.6,56.2,43.0,68.5,95.7,80.9,99.2,77.9,66.9,86.1,48.3,33.2,63.8,61.9,45.6,75.8,35.2,18.9,55.8,36.9,18.0,61.0
2022,zone,Sud Kivu,Kamituga,181,23,5,12.6,5.5,26.1,68.8,56.4,79.0,85.2,69.9,93.5,58.6,46.4,69.9,40.7,27.9,54.9,56.9,44.7,68.3,84.6,69.5,93.0,59.9,45.7,72.6,42.0,26.8,58.9,84.8,69.6,93.1,56.0,45.1,66.3,41.5,30.4,53.5,81.6,67.8,90.3,56.5,45.9,66.6,38.4,28.2,49.6,46.7,29.7,64.5,25.0,14.6,39.4,24.9,15.0,38.4
2022,zone,Sud Kivu,Kaniola,180,16,5,14.2,10.6,18.8,74.0,56.3,86.4,84.5,79.0,88.8,80.8,74.0,86.1,77.5,67.2,85.2,70.2,44.6,87.3,84.5,79.0,88.8,81.2,75.8,85.7,76.6,66.8,84.2,84.5,79.0,88.8,80.8,74.0,86.1,77.1,67.4,84.5,84.1,79.5,87.8,80.8,74.0,86.1,75.0,67.0,81.6,79.7,69.5,87.1,60.3,44.5,74.1,61.1,46.3,74.0
2022,zone,Sud Kivu,Katana,161,20,5,5.8,3.2,10.6,66.2,26.8,91.3,93.6,87.6,96.8,87.7,75.5,94.3,71.0,51.2,85.1,36.8,20.6,56.8,93.6,87.6,96.8,87.6,79.4,92.8,67.3,49.1,81.4,93.6,87.6,96.8,87.6,77.3,93.7,69.9,47.4,85.7,90.3,70.4,97.3,84.7,68.7,93.3,57.9,41.9,72.4,75.7,55.4,88.6,53.3,29.5,75.6,53.3,29.5,75.6
2022,zone,Sud Kivu,Kaziba,177,16,5,8.0,5.6,11.3,54.3,30.2,76.6,90.8,87.5,93.3,80.4,72.5,86.4,66.2,49.6,79.6,33.7,15.2,59.1,91.5,88.8,93.5,81.5,73.6,87.5,64.4,48.1,78.0,90.8,87.5,93.3,77.9,69.0,84.7,64.3,48.8,77.3,87.7,80.6,92.4,77.3,70.2,83.1,61.1,46.8,73.6,66.8,49.4,80.6,29.8,18.8,43.8,31.7,19.1,47.8
2022,zone,Sud Kivu,Kimbi Lulenge,152,24,5,41.4,26.5,58.1,37.4,25.3,51.3,38.2,23.8,55.2,22.7,14.2,34.4,8.4,2.6,23.9,42.6,30.7,55.4,49.1,33.2,65.2,38.5,26.3,52.5,18.9,13.8,25.4,37.8,22.7,55.7,22.7,14.2,34.4,8.4,2.6,23.9,26.4,11.4,49.9,18.7,7.1,40.8,8.5,2.2,28.3,21.9,10.3,40.6,30.1,22.1,39.5,31.7,23.3,41.5
2022,zone,Sud Kivu,Kitutu,182,22,5,27.7,17.4,40.9,50.5,37.8,63.3,67.8,48.7,82.4,51.0,36.3,65.5,36.3,25.3,48.9,38.0,17.0,64.8,65.1,46.4,80.2,45.2,36.2,54.5,34.2,26.1,43.4,68.0,54.0,79.4,43.9,25.8,63.8,31.7,19.8,46.6,56.2,44.3,67.5,43.6,34.4,53.3,21.3,7.8,46.4,51.8,34.2,68.9,30.2,13.2,55.2,30.7,12.9,57.0
2022,zone,Sud Kivu,Lemera,155,26,4,8.3,4.0,16.4,81.2,65.7,90.7,90.9,80.2,96.1,87.2,70.0,95.2,82.0,69.4,90.1,66.3,49.6,79.8,91.3,82.1,96.0,87.7,72.0,95.1,82.4,71.3,89.8,91.3,82.1,96.0,87.7,72.0,95.1,82.4,71.3,89.8,91.3,82.1,96.0,87.7,72.0,95.1,61.0,33.2,83.1,78.5,58.6,90.4,50.9,33.2,68.5,51.4,34.4,68.0
2022,zone,Sud Kivu,Lulingu,181,21,5,4.6,1.4,13.7,91.0,86.2,94.3,91.6,88.4,94.0,83.5,75.2,89.3,81.4,71.8,88.3,89.2,83.5,93.0,91.6,88.4,94.0,83.5,75.2,89.3,81.4,71.8,88.3,91.6,88.4,94.0,83.5,75.2,89.3,81.4,71.8,88.3,91.6,88.4,94.0,83.5,75.2,89.3,81.4,71.8,88.3,81.4,71.8,88.3,46.6,17.2,78.5,45.1,15.5,78.7
2022,zone,Sud Kivu,Minembwe,153,18,5,5.4,0.3,48.8,57.7,14.5,91.6,92.9,58.7,99.2,73.8,40.3,92.1,44.2,12.3,81.8,63.4,15.3,94.3,92.9,58.7,99.2,74.0,41.0,92.1,47.9,11.2,87.0,92.9,58.7,99.2,72.5,42.1,90.6,39.9,12.8,75.1,90.5,63.8,98.1,72.0,40.9,90.5,38.0,12.5,72.4,51.4,17.1,84.4,32.7,8.8,71.0,29.5,9.8,61.7
2022,zone,Sud Kivu,Minova,173,21,5,1.8,0.7,4.6,91.0,70.8,97.7,94.0,72.1,99.0,84.3,39.6,97.8,76.0,32.2,95.5,92.7,90.2,94.6,94.0,72.1,99.0,85.8,40.1,98.2,78.0,33.1,96.2,93.2,74.6,98.4,83.0,39.2,97.4,75.5,32.2,95.2,91.8,76.8,97.4,81.4,36.1,97.1,72.1,32.6,93.3,76.9,31.6,96.0,55.7,25.0,82.6,56.1,23.4,84.3
2022,zone,Sud Kivu,Miti Murhesa,179,20,5,12.2,7.1,20.1,39.4,22.7,59.0,85.0,71.3,92.9,75.4,66.6,82.6,63.4,52.7,72.9,26.1,13.2,45.0,87.0,77.0,93.1,74.8,65.1,82.6,61.0,50.9,70.3,87.0,77.0,93.1,75.4,65.6,83.1,63.8,54.0,72.5,84.4,72.0,91.9,73.8,60.3,83.9,57.7,46.9,67.8,64.1,51.1,75.2,39.4,26.0,54.5,38.3,24.2,54.7
2022,zone,Sud Kivu,Mubumbano,179,16,5,14.9,7.5,27.4,53.4,45.5,61.0,82.7,68.1,91.4,70.6,48.6,86.0,59.2,40.5,75.6,24.0,16.6,33.3,83.4,69.3,91.8,70.6,48.6,86.0,59.0,38.0,77.2,82.7,68.1,91.4,70.6,48.6,86.0,58.0,41.8,72.7,81.2,66.6,90.4,70.0,49.3,84.9,56.9,42.4,70.4,59.5,41.0,75.7,21.0,10.2,38.4,21.0,10.2,38.4
2022,zone,Sud Kivu,Mulungu,180,20,5,25.0,19.5,31.5,58.5,54.0,62.8,74.4,67.6,80.2,64.2,48.1,77.6,52.0,37.9,65.8,56.9,48.9,64.5,74.4,67.6,80.2,64.2,48.1,77.6,52.0,37.9,65.8,74.4,67.6,80.2,64.2,48.1,77.6,52.0,37.9,65.8,73.8,66.3,80.2,65.3,50.4,77.7,53.1,38.2,67.5,59.0,50.1,67.3,40.6,38.9,42.3,38.9,33.6,44.5
2022,zone,Sud Kivu,Mwana,179,15,5,10.6,4.9,21.4,60.3,34.7,81.3,87.4,75.5,94.0,81.2,68.2,89.7,62.2,38.6,81.1,25.2,11.2,47.1,87.1,76.5,93.3,81.6,70.5,89.2,62.2,38.6,81.1,87.9,77.1,94.0,77.2,61.7,87.7,64.8,42.7,82.0,87.9,77.1,94.0,79.3,67.1,87.8,59.5,39.0,77.2,66.0,45.0,82.1,20.0,7.8,42.4,19.2,7.3,41.5
2022,zone,Sud Kivu,Mwenga,181,18,5,22.4,9.7,43.7,58.8,43.9,72.2,75.2,53.0,89.1,68.4,41.7,86.8,53.7,29.5,76.3,48.3,38.8,58.0,74.0,53.9,87.3,67.2,42.1,85.3,55.1,28.6,78.9,74.0,51.3,88.5,67.7,40.3,86.7,52.8,29.8,74.6,73.0,49.7,88.1,66.3,37.9,86.4,43.2,24.5,64.1,61.8,39.5,80.1,31.7,19.7,46.9,29.6,18.6,43.6
2022,zone,Sud Kivu,Nundu,164,21,5,6.3,3.9,9.9,77.8,61.6,88.5,89.6,86.2,92.3,79.4,68.0,87.4,59.3,41.1,75.3,71.0,61.5,78.9,90.9,88.4,92.9,75.0,65.7,82.4,53.9,40.5,66.8,89.6,86.2,92.3,78.8,65.8,87.8,59.8,42.7,74.8,86.8,77.6,92.6,71.0,55.6,82.8,45.2,26.7,65.2,68.5,50.5,82.2,35.6,22.5,51.3,36.1,22.7,52.0
2022,zone,Sud Kivu,Nyangezi,183,12,5,5.5,0.7,31.6,90.6,60.8,98.4,90.9,74.8,97.1,85.1,60.5,95.5,82.5,56.1,94.6,47.8,9.0,89.4,91.8,74.3,97.7,85.1,60.5,95.5,81.7,54.6,94.3,90.9,74.8,97.1,85.1,60.5,95.5,82.5,56.1,94.6,90.9,74.8,97.1,84.6,59.5,95.4,81.7,54.6,94.3,82.1,54.7,94.5,66.1,40.2,85.0,66.1,40.2,85.0
2022,zone,Sud Kivu,Nyantende,173,11,5,6.1,1.2,26.4,71.1,53.4,84.1,93.9,73.6,98.8,91.5,69.8,98.0,83.9,71.4,91.6,31.1,12.1,59.7,92.7,68.9,98.6,90.2,65.4,97.8,82.4,67.1,91.5,93.9,73.6,98.8,88.8,57.5,97.9,81.3,62.3,91.9,92.7,68.9,98.6,90.6,65.6,98.0,80.9,61.8,91.8,83.7,69.1,92.2,45.1,30.2,60.9,44.5,28.3,61.9
2022,zone,Sud Kivu,Ruzizi,154,23,5,8.6,3.8,18.4,73.0,48.8,88.4,89.5,82.2,94.0,83.9,79.3,87.7,55.3,45.6,64.5,67.7,51.2,80.7,87.4,75.1,94.1,80.1,73.3,85.6,52.1,48.7,55.4,89.5,82.2,94.0,80.1,74.6,84.6,55.5,47.0,63.7,81.3,72.3,87.8,67.0,48.1,81.6,34.9,16.4,59.3,67.7,61.3,73.5,34.3,18.8,54.1,32.7,17.7,52.2
2022,zone,Sud Kivu,Shabunda,180,23,5,0.0,0.0,0.0,81.8,62.3,92.4,97.3,89.1,99.4,94.8,86.5,98.1,84.4,74.9,90.8,82.4,63.7,92.6,97.7,86.6,99.7,94.8,86.6,98.1,84.1,74.6,90.4,97.7,86.6,99.7,95.1,86.5,98.4,84.2,76.3,89.8,97.7,86.6,99.7,95.1,86.5,98.4,75.6,63.0,84.9,83.8,76.0,89.5,50.6,32.1,69.0,50.3,31.3,69.2
2022,zone,Sud Kivu,Uvira,162,22,5,10.3,3.3,27.5,76.7,58.9,88.3,86.0,62.9,95.7,76.9,55.5,89.9,67.9,44.7,84.7,46.5,22.7,71.9,85.3,64.3,94.9,76.3,56.4,88.9,65.9,44.5,82.3,86.0,62.9,95.7,76.9,55.5,89.9,67.9,44.7,84.7,86.0,62.9,95.7,74.5,57.7,86.2,41.5,29.5,54.6,68.1,46.6,84.0,37.9,16.3,65.6,37.9,16.3,65.6
2022,zone,Sud Kivu,Walungu,180,23,5,0.0,0.0,0.0,57.1,33.9,77.5,99.2,92.8,99.9,97.8,95.6,98.9,92.1,84.0,96.3,17.0,11.5,24.5,99.2,92.8,99.9,98.2,95.5,99.3,93.0,85.7,96.7,99.2,92.8,99.9,97.8,95.6,98.9,92.5,85.4,96.3,99.2,92.8,99.9,97.8,95.6,98.9,63.9,25.3,90.2,93.9,90.2,96.2,47.7,18.0,79.0,47.2,17.8,78.7
2022,zone,Sud Ubangi,Bangabola,164,17,5,21.2,12.3,34.1,69.5,53.9,81.6,74.4,56.4,86.8,59.4,36.3,78.9,42.0,23.3,63.3,42.2,31.0,54.2,74.0,55.1,86.8,57.6,36.2,76.5,31.1,20.5,44.1,74.4,57.3,86.3,58.7,36.9,77.5,42.0,23.3,63.3,73.3,56.9,85.1,56.8,33.5,77.4,38.4,21.0,59.5,51.7,32.5,70.3,20.5,13.7,29.4,19.9,14.1,27.3
2022,zone,Sud Ubangi,Bogosenubea,150,21,5,1.8,0.6,5.6,58.7,44.2,71.9,78.5,59.5,90.1,46.8,23.0,72.1,27.1,10.1,55.3,26.5,6.6,64.8,82.7,65.7,92.3,57.6,34.1,78.0,31.4,17.4,49.8,87.9,74.0,94.9,52.6,34.6,69.9,34.5,17.4,56.8,77.3,61.8,87.7,43.9,20.7,70.1,25.4,9.9,51.3,46.3,34.0,59.0,21.4,16.0,27.9,17.2,7.8,34.0
2022,zone,Sud Ubangi,Bokonzi,150,24,5,20.9,7.7,45.5,62.5,43.9,78.0,62.8,42.1,79.7,46.3,29.4,64.2,21.2,8.6,43.4,52.4,27.6,76.1,66.1,39.6,85.3,49.3,28.5,70.3,28.3,15.1,46.6,64.5,43.4,81.1,44.8,29.3,61.4,28.3,14.3,48.4,64.5,41.1,82.5,44.9,26.0,65.5,25.9,13.4,44.1,36.0,19.2,57.2,21.3,11.2,36.8,21.7,11.0,38.3
2022,zone,Sud Ubangi,Bominenge,150,13,5,7.5,2.6,19.6,85.5,65.4,94.9,54.3,25.9,80.2,35.0,11.4,69.3,26.8,5.9,68.3,63.8,28.0,88.9,54.3,25.9,80.2,37.1,13.0,70.1,27.4,6.3,68.1,53.7,25.8,79.4,34.3,10.6,69.6,27.5,6.4,67.9,50.2,20.3,79.9,35.0,11.4,69.3,26.1,5.4,68.6,28.8,7.3,67.6,10.4,6.0,17.2,10.3,4.9,20.2
2022,zone,Sud Ubangi,Boto,155,22,5,21.2,9.7,40.1,56.6,30.4,79.5,66.6,52.1,78.5,45.3,26.5,65.4,29.1,11.8,55.8,37.1,17.0,63.0,70.7,56.4,81.8,48.5,29.4,68.0,26.5,9.2,56.1,63.9,47.4,77.6,43.1,22.0,67.2,30.5,13.3,55.6,61.2,45.5,74.9,43.1,24.3,64.1,27.0,10.6,53.5,36.4,16.0,63.2,18.5,7.2,39.9,19.3,7.0,42.9
2022,zone,Sud Ubangi,Budjala,151,16,5,2.1,0.3,11.6,84.6,54.2,96.2,94.0,75.0,98.8,78.4,46.7,93.8,59.2,32.0,81.8,42.0,14.0,76.4,94.8,82.7,98.6,78.9,46.3,94.2,64.1,30.9,87.7,93.3,75.9,98.4,77.9,46.5,93.5,63.3,28.8,88.1,90.7,69.4,97.7,77.1,43.5,93.7,44.5,25.6,65.1,67.3,32.3,89.8,31.8,18.3,49.3,31.8,18.3,49.3
2022,zone,Sud Ubangi,Bulu,156,18,5,13.0,4.2,33.9,72.6,66.6,77.9,77.3,64.7,86.4,46.8,27.0,67.6,27.4,15.7,43.5,58.6,43.4,72.4,78.5,64.7,88.0,49.2,26.9,71.8,28.1,16.2,44.1,76.0,61.4,86.3,45.2,24.6,67.6,25.8,15.2,40.2,72.4,50.8,86.9,45.9,26.4,66.7,23.5,13.6,37.5,31.4,23.0,41.1,14.8,6.4,30.5,14.1,6.2,29.0
2022,zone,Sud Ubangi,Bwamanda,154,21,5,0.0,0.0,0.0,66.6,46.6,82.0,97.3,91.2,99.2,75.6,62.0,85.5,49.9,28.7,71.0,49.3,36.8,61.8,94.4,82.7,98.3,71.3,56.4,82.7,45.9,27.6,65.4,96.9,92.0,98.8,74.5,57.2,86.4,52.9,33.5,71.5,89.4,67.6,97.1,69.6,47.7,85.1,40.9,23.9,60.4,60.7,38.6,79.1,32.7,16.6,54.2,31.9,15.1,55.2
2022,zone,Sud Ubangi,Gemena,156,31,5,6.1,1.2,25.2,81.6,61.4,92.6,85.8,70.8,93.8,63.3,46.2,77.6,47.6,27.7,68.3,56.7,38.3,73.5,85.8,70.8,93.8,65.9,50.5,78.6,49.2,32.4,66.2,85.8,70.8,93.8,62.6,47.7,75.4,48.1,29.9,66.9,79.0,63.3,89.2,58.5,42.3,73.0,37.6,22.6,55.4,54.4,36.7,71.1,25.2,14.9,39.3,27.9,15.4,45.0
2022,zone,Sud Ubangi,Kungu,150,21,5,20.8,5.8,53.1,60.3,46.7,72.5,52.7,25.0,78.8,18.2,7.7,37.4,10.3,4.5,22.0,42.8,20.2,68.8,57.2,29.1,81.3,20.9,10.7,36.8,10.3,4.5,22.0,53.8,26.3,79.1,17.8,7.4,36.9,10.4,4.5,22.0,48.6,23.2,74.8,16.7,6.4,36.9,8.2,3.2,19.4,32.3,14.0,58.3,13.7,3.9,38.3,14.0,4.0,38.9
2022,zone,Sud Ubangi,Libenge,151,20,5,0.0,0.0,0.0,77.8,38.8,95.1,89.1,73.5,96.0,44.9,11.8,83.2,23.4,4.2,67.9,57.7,25.7,84.3,88.0,68.3,96.2,45.9,13.2,82.5,24.1,5.1,65.4,88.7,67.1,96.8,42.8,10.9,82.1,23.8,4.4,68.0,89.4,69.6,96.9,40.9,9.9,81.3,22.7,3.9,67.9,29.2,7.4,68.0,12.2,2.5,42.6,11.8,2.3,42.7
2022,zone,Sud Ubangi,Mawuya,150,18,5,4.7,0.7,26.5,86.9,54.0,97.4,85.7,67.6,94.5,73.1,41.3,91.3,63.0,31.0,86.6,83.1,49.9,96.0,88.1,73.5,95.2,76.4,47.4,92.1,66.3,32.0,89.2,85.3,67.0,94.3,73.1,41.3,91.3,63.8,30.9,87.4,83.3,65.9,92.8,72.3,42.4,90.2,61.4,29.8,85.7,70.2,43.2,87.9,37.4,15.0,66.8,37.4,14.5,67.8
2022,zone,Sud Ubangi,Mbaya,150,11,5,9.6,3.3,25.1,80.5,68.7,88.6,88.1,71.3,95.6,74.9,61.0,85.1,60.5,49.6,70.4,42.7,18.4,71.2,84.3,62.1,94.6,73.3,57.0,85.1,58.6,46.7,69.5,87.4,68.5,95.6,73.6,60.1,83.8,58.9,48.3,68.7,87.4,68.5,95.6,71.9,58.8,82.1,55.7,43.9,66.8,65.2,48.0,79.2,33.7,20.0,50.9,33.4,19.1,51.5
2022,zone,Sud Ubangi,Ndage,150,22,5,2.2,0.3,14.6,81.4,68.7,89.7,82.4,54.5,94.8,60.8,37.0,80.4,42.6,24.2,63.2,59.9,41.7,75.6,82.4,56.7,94.3,59.5,38.3,77.6,36.2,23.6,50.9,80.2,51.5,93.9,58.5,36.5,77.5,44.3,23.2,67.8,80.2,50.1,94.2,60.2,35.6,80.6,40.9,24.2,59.9,44.1,27.9,61.7,16.2,7.7,30.7,16.2,7.7,30.7
2022,zone,Sud Ubangi,Tandala,155,18,5,7.2,3.6,13.6,82.7,69.1,91.1,81.9,71.6,89.0,67.4,48.1,82.1,47.1,29.3,65.6,69.1,59.0,77.6,83.9,71.9,91.4,69.0,45.7,85.5,54.2,31.6,75.2,83.3,74.6,89.4,66.6,50.3,79.7,50.8,32.3,69.0,73.7,61.2,83.2,60.2,43.4,74.9,38.6,28.0,50.4,65.2,44.0,81.8,30.4,20.7,42.1,30.8,21.7,41.7
2022,zone,Sud Ubangi,Zongo,150,15,5,2.9,0.5,14.3,71.3,30.9,93.3,65.6,44.9,81.7,42.4,24.9,62.1,25.6,15.1,39.9,73.7,28.0,95.3,75.3,40.8,93.1,54.4,33.5,73.9,32.7,20.9,47.2,65.0,44.7,81.0,42.1,24.5,62.0,25.3,17.1,35.8,60.1,37.3,79.2,39.5,20.0,63.0,22.7,13.2,36.3,32.3,23.8,42.2,25.1,2.8,79.3,23.7,3.0,75.6
2022,zone,Tanganyika,Ankoro,150,25,5,4.1,0.8,18.5,92.6,82.7,97.1,95.9,81.5,99.2,93.2,71.4,98.7,86.9,74.8,93.7,68.8,64.0,73.2,95.9,81.5,99.2,94.3,77.4,98.8,87.3,75.3,94.0,95.9,81.5,99.2,93.2,71.4,98.7,87.3,75.3,94.0,95.9,81.5,99.2,93.2,71.4,98.7,87.3,75.3,94.0,87.3,75.3,94.0,60.4,51.8,68.4,59.7,51.1,67.8
2022,zone,Tanganyika,Kabalo,154,25,5,0.0,0.0,0.0,69.4,39.3,88.9,92.7,84.9,96.7,66.8,46.0,82.6,42.6,23.3,64.4,65.2,30.9,88.7,92.7,84.9,96.7,66.8,46.0,82.6,41.3,24.3,60.7,92.7,84.9,96.7,66.8,46.0,82.6,42.0,23.9,62.5,92.7,84.9,96.7,66.3,44.4,82.9,38.2,19.7,60.9,43.6,23.2,66.5,24.4,10.3,47.3,24.4,10.3,47.3
2022,zone,Tanganyika,Kalemie,169,27,5,4.7,0.7,24.3,90.3,80.5,95.5,92.1,66.2,98.6,77.8,53.1,91.5,60.7,43.2,75.8,71.0,40.9,89.7,91.6,66.0,98.4,78.8,55.1,91.9,61.4,43.8,76.5,92.1,66.2,98.6,78.5,53.8,92.0,60.6,42.6,76.2,91.6,66.0,98.4,78.0,53.4,91.6,54.5,40.9,67.4,62.4,44.3,77.6,28.1,19.5,38.7,29.6,19.0,43.1
2022,zone,Tanganyika,Kansimba,149,21,5,53.8,22.1,82.8,42.6,16.0,74.2,27.2,11.0,52.9,10.9,4.4,24.6,5.6,0.9,27.4,35.8,13.0,67.5,32.1,13.8,58.3,10.9,4.0,26.8,5.1,1.1,21.5,26.6,11.1,51.4,10.3,4.2,23.3,5.6,0.9,27.4,25.0,10.0,49.9,8.7,3.1,21.9,6.7,1.5,25.2,12.1,3.8,32.3,7.4,2.1,23.0,4.7,1.0,19.8
2022,zone,Tanganyika,Kiambi,157,26,5,7.1,4.6,10.8,77.9,67.6,85.6,92.3,88.8,94.7,74.2,66.4,80.8,59.6,47.1,71.0,40.6,20.6,64.2,92.3,88.7,94.9,76.0,65.6,84.0,59.8,47.2,71.2,92.3,88.8,94.7,74.2,66.4,80.8,58.5,45.6,70.3,92.3,88.8,94.7,75.4,68.4,81.3,58.5,45.6,70.3,62.7,50.5,73.4,34.1,23.4,46.7,33.5,22.3,46.8
2022,zone,Tanganyika,Kongolo,151,25,5,0.0,0.0,0.0,87.8,80.3,92.8,97.8,88.9,99.6,79.2,76.1,82.0,45.1,29.9,61.3,71.1,66.0,75.7,97.8,88.9,99.6,79.2,76.1,82.0,45.9,31.3,61.3,96.5,90.1,98.8,76.9,71.8,81.3,44.7,29.9,60.4,96.5,90.1,98.8,76.2,69.8,81.5,44.7,29.9,60.4,45.1,29.9,61.3,14.6,6.4,29.9,13.9,6.1,28.5
2022,zone,Tanganyika,Manono,150,27,5,9.9,5.4,17.4,88.4,80.9,93.2,90.1,82.6,94.6,80.5,65.9,89.8,71.5,56.0,83.2,47.8,25.3,71.4,83.0,57.0,94.7,71.6,49.2,86.8,66.8,51.8,79.0,90.1,82.6,94.6,81.7,67.0,90.8,72.7,55.8,85.0,90.1,82.6,94.6,79.3,64.1,89.2,70.4,55.8,81.7,66.8,51.8,79.0,28.3,12.8,51.6,28.0,12.8,50.7
2022,zone,Tanganyika,Mbulula,153,21,5,0.0,0.0,0.0,94.6,85.3,98.2,97.9,91.3,99.5,62.7,44.8,77.7,43.6,32.0,56.0,73.9,69.5,77.8,98.9,86.1,99.9,63.5,45.8,78.2,45.1,29.5,61.7,97.9,91.3,99.5,62.7,44.8,77.7,43.6,32.0,56.0,97.0,87.7,99.3,62.7,44.8,77.7,43.6,32.0,56.0,49.5,38.8,60.3,23.7,16.1,33.4,22.7,14.2,34.1
2022,zone,Tanganyika,Moba,151,25,5,14.2,6.8,27.2,78.6,57.3,90.9,82.3,66.0,91.7,38.4,17.2,65.2,26.6,9.5,55.7,3.7,0.7,17.0,82.1,65.9,91.5,38.4,17.2,65.2,26.1,9.4,54.6,82.3,66.0,91.7,38.4,17.2,65.2,26.6,9.5,55.7,82.3,66.0,91.7,36.5,14.8,65.5,26.6,9.5,55.7,27.1,9.5,56.8,8.4,2.4,25.7,7.9,2.4,22.9
2022,zone,Tanganyika,Nyemba,171,21,5,3.5,0.2,37.8,85.8,65.2,95.1,90.9,78.0,96.6,71.8,47.1,87.9,56.6,39.1,72.6,62.0,29.7,86.3,91.6,77.9,97.1,72.8,47.2,88.9,57.5,41.2,72.2,90.0,72.8,96.8,68.1,43.9,85.3,58.6,35.7,78.3,90.4,75.4,96.7,71.3,45.4,88.2,51.8,30.5,72.5,60.3,40.6,77.2,36.6,19.6,57.8,35.5,19.8,55.0
2022,zone,Tanganyika,Nyunzu,172,25,5,24.7,12.0,44.1,70.5,55.8,81.9,60.6,44.4,74.8,23.5,11.6,41.7,14.6,7.1,27.5,52.5,39.8,64.9,61.7,47.6,74.1,24.4,13.2,40.6,14.1,6.9,26.6,58.5,41.4,73.8,22.2,10.7,40.5,14.9,7.7,26.9,59.4,48.5,69.4,23.0,11.4,40.8,10.1,5.0,19.0,19.4,11.0,31.9,7.8,2.6,20.9,7.2,3.2,15.4
2022,zone,Tshopo,Bafwagbogbo,153,18,5,61.2,38.9,79.7,19.4,4.4,56.0,17.1,3.3,55.6,13.0,2.1,51.3,10.4,1.9,41.8,34.8,15.2,61.4,34.3,17.2,56.8,25.4,12.4,45.0,16.9,7.5,33.6,13.8,2.7,48.2,12.0,1.9,48.5,10.4,1.9,41.8,17.2,4.1,49.9,15.4,3.2,50.1,11.5,2.8,37.1,11.5,2.8,37.1,7.4,2.9,17.6,5.8,1.2,23.6
2022,zone,Tshopo,Bafwasende,151,14,5,49.2,36.7,61.8,36.0,26.3,47.1,35.7,23.5,50.1,25.4,11.2,47.9,19.5,7.1,43.3,37.3,20.3,58.1,46.2,32.1,60.9,34.1,16.3,57.8,23.2,8.7,49.1,34.2,21.7,49.3,23.1,10.8,42.6,17.8,7.0,38.6,36.3,23.9,50.8,22.7,8.8,47.1,18.0,6.9,39.4,17.8,6.3,41.2,13.1,3.4,39.4,9.9,2.6,31.2
2022,zone,Tshopo,Banalia,155,20,5,76.0,52.2,90.1,20.1,6.8,46.5,17.6,5.3,45.0,12.6,3.8,34.5,5.0,1.1,19.3,17.2,5.0,44.9,20.2,6.6,47.3,15.0,4.6,39.2,10.0,2.2,34.9,16.3,4.4,45.1,11.3,3.4,32.0,5.6,1.2,23.2,10.6,1.8,43.0,8.1,1.5,33.7,5.0,1.1,19.3,5.6,1.2,23.2,11.2,3.3,31.9,6.8,1.2,31.0
2022,zone,Tshopo,Basali,151,14,5,82.0,65.3,91.7,16.5,6.9,34.5,7.7,1.7,28.9,3.4,0.6,15.9,1.3,0.3,6.0,13.4,5.8,28.0,9.2,2.9,25.3,4.8,2.0,11.3,1.3,0.3,6.0,7.0,1.7,24.5,3.4,0.6,15.9,1.3,0.3,6.0,6.2,1.1,27.7,3.4,0.6,15.9,1.3,0.3,6.0,2.1,0.8,5.4,1.3,0.3,6.0,1.3,0.3,6.0
2022,zone,Tshopo,Basoko,158,21,5,67.6,57.0,76.6,26.5,15.4,41.5,23.9,12.7,40.5,12.3,5.8,24.0,7.0,3.5,13.6,19.0,12.6,27.6,23.8,12.6,40.3,15.0,8.1,26.1,9.1,4.9,16.3,22.6,13.3,35.8,12.1,6.7,21.0,7.8,3.9,14.8,19.0,9.3,34.9,10.8,4.8,22.6,5.6,1.9,15.2,7.6,3.4,16.1,2.4,0.4,13.1,2.4,0.4,13.1
2022,zone,Tshopo,Bengamisa,154,17,5,67.0,49.2,80.9,28.1,15.4,45.6,25.4,14.3,41.1,9.9,5.4,17.4,3.3,1.3,8.3,26.5,14.3,43.7,27.6,14.9,45.3,15.6,5.8,35.8,10.0,4.3,21.3,18.7,10.2,31.9,5.0,2.1,11.6,3.3,1.3,8.3,13.7,7.4,24.1,3.2,1.0,10.0,2.2,0.9,5.2,16.6,7.2,33.7,6.5,1.9,20.1,2.3,0.2,25.1
2022,zone,Tshopo,Isangi,152,23,5,43.9,31.9,56.6,53.1,38.1,67.7,52.9,39.3,66.2,39.8,22.2,60.5,20.6,10.1,37.5,38.9,25.4,54.2,52.7,39.3,65.7,40.0,23.5,59.2,21.2,12.8,32.9,53.9,40.7,66.6,38.6,20.6,60.3,20.6,10.1,37.5,52.4,36.7,67.7,39.7,22.0,60.7,20.6,10.1,37.5,25.0,14.9,38.8,10.2,3.3,27.5,9.2,2.5,28.8
2022,zone,Tshopo,Kabondo,156,16,5,42.5,36.5,48.8,49.5,42.7,56.3,45.8,39.1,52.7,34.9,32.1,37.9,26.6,20.6,33.7,38.1,30.1,46.8,52.0,43.6,60.2,37.3,31.8,43.1,26.4,21.8,31.5,45.6,37.5,53.9,33.6,29.1,38.4,27.5,22.7,32.9,43.8,35.4,52.6,33.8,27.5,40.7,25.2,19.0,32.6,34.2,31.5,36.9,24.3,16.7,33.9,20.3,13.7,28.9
2022,zone,Tshopo,Lowa,151,17,5,72.7,60.3,82.4,22.5,12.9,36.2,8.1,2.7,22.1,6.1,1.5,22.0,5.4,1.4,18.5,21.5,11.7,36.0,12.4,5.5,25.6,6.7,1.9,20.5,6.1,1.5,22.0,6.8,2.2,19.7,5.4,1.4,18.5,5.4,1.4,18.5,5.4,1.4,18.5,4.7,1.3,15.5,4.7,1.3,15.5,7.3,3.4,15.2,7.7,4.1,14.1,3.9,0.7,18.7
2022,zone,Tshopo,Lubunga,153,18,5,59.9,36.1,79.7,36.6,19.0,58.6,33.1,15.7,56.9,24.5,9.1,51.3,18.6,4.8,51.0,31.6,12.5,59.7,34.0,15.6,59.0,25.5,10.2,50.9,19.1,5.2,50.4,33.1,15.2,57.8,24.0,8.6,51.4,18.1,4.4,51.3,29.2,12.9,53.4,23.5,8.7,49.9,17.1,4.6,47.1,21.9,7.0,51.0,10.4,2.1,38.1,10.9,2.4,37.5
2022,zone,Tshopo,Makiso Kisangani,155,21,5,40.4,21.0,63.3,50.2,28.6,71.8,46.8,24.5,70.4,36.8,14.8,66.3,24.6,7.5,56.6,44.8,25.1,66.3,53.0,27.3,77.2,38.7,16.2,67.3,24.8,8.2,54.9,42.6,20.3,68.4,33.6,13.0,63.2,23.7,7.3,55.1,36.6,17.8,60.7,31.7,12.3,60.6,23.2,7.8,51.9,31.8,12.1,61.3,16.9,5.9,39.8,17.9,7.0,38.6
2022,zone,Tshopo,Mangobo,151,18,5,31.0,22.7,40.8,63.1,59.9,66.2,63.9,55.6,71.5,57.1,51.2,62.8,44.4,34.2,55.2,50.5,44.5,56.6,66.4,58.0,73.9,59.7,57.0,62.3,49.5,42.8,56.3,62.2,52.4,71.1,53.9,47.6,60.1,44.0,35.9,52.6,57.4,45.9,68.1,51.1,39.9,62.1,39.2,29.4,50.0,52.8,42.4,63.0,23.5,17.6,30.6,22.1,16.2,29.2
2022,zone,Tshopo,Opala,150,23,5,69.1,57.1,78.9,27.1,19.5,36.4,17.7,9.4,30.9,9.4,4.1,20.0,6.5,2.4,16.7,24.7,16.1,36.0,20.1,9.9,36.8,10.4,4.8,21.1,7.1,2.3,20.1,17.7,9.4,30.9,9.4,4.1,20.1,6.0,2.0,16.8,16.2,8.9,27.8,7.8,3.4,16.9,6.5,2.4,16.7,12.1,6.6,21.1,8.4,4.5,15.1,7.7,3.5,15.9
2022,zone,Tshopo,Opienge,150,15,5,50.6,33.9,67.1,28.9,17.3,44.2,29.1,14.3,50.3,15.5,5.7,35.8,8.1,3.0,20.0,27.7,16.1,43.2,42.2,24.6,62.1,23.9,10.1,46.7,14.4,6.4,29.1,25.0,12.6,43.5,12.5,4.5,30.3,7.1,2.8,17.2,21.9,9.0,44.1,12.1,3.3,35.7,6.0,1.7,18.8,14.3,5.2,33.8,4.9,1.3,17.5,5.7,1.3,22.0
2022,zone,Tshopo,Tshopo,152,16,5,44.8,29.4,61.3,47.4,31.2,64.2,47.2,30.6,64.5,32.2,16.6,53.0,20.0,10.4,35.1,41.1,24.0,60.7,48.3,33.5,63.4,35.9,22.9,51.5,21.1,12.4,33.6,47.1,32.2,62.5,29.2,17.1,45.3,21.6,12.2,35.3,44.0,29.1,60.1,27.8,15.6,44.6,18.9,10.4,32.0,31.4,21.2,43.7,23.0,13.2,37.0,17.8,12.3,24.9
2022,zone,Tshopo,Ubundu,154,17,5,62.2,39.2,80.8,35.2,18.3,56.8,30.1,13.1,55.1,17.8,4.9,47.7,11.8,2.9,37.1,34.0,18.4,54.1,34.8,18.0,56.4,17.7,5.8,42.7,13.4,3.8,37.9,27.8,11.1,54.3,17.4,4.6,47.7,11.3,2.7,37.2,27.8,11.1,54.3,17.3,4.9,45.6,11.3,2.7,37.2,15.1,5.2,36.6,9.9,2.2,34.8,7.0,1.5,26.4
2022,zone,Tshopo,Wanierukula,152,14,5,43.7,25.3,64.0,36.7,27.9,46.4,32.1,21.8,44.4,15.9,7.8,29.6,9.1,4.2,18.4,41.8,31.3,53.0,44.1,34.2,54.4,23.6,14.3,36.5,18.7,13.7,24.9,32.6,24.2,42.2,14.8,8.3,25.0,11.5,5.5,22.6,30.8,20.7,43.2,13.5,5.5,29.4,9.1,4.2,18.4,18.2,11.3,27.8,21.7,5.8,55.5,9.5,5.1,17.2
2022,zone,Tshopo,Yabaondo,163,23,5,71.2,59.5,80.7,24.6,14.1,39.5,18.0,7.4,37.6,9.9,2.9,29.0,6.1,1.8,18.6,15.3,4.6,40.4,23.2,14.0,35.8,11.4,4.1,28.0,6.6,2.3,17.3,18.0,7.4,37.6,9.4,2.7,28.2,6.1,1.8,18.6,17.9,8.5,33.7,8.0,2.0,26.6,4.7,1.2,16.1,7.0,3.1,15.1,3.9,1.1,13.3,3.1,1.0,9.3
2022,zone,Tshopo,Yahisuli,149,17,5,82.1,72.4,89.0,14.7,8.3,24.6,7.7,3.4,16.7,3.3,1.1,9.7,1.9,0.4,8.9,14.4,7.5,25.8,12.0,5.8,23.4,5.4,2.1,13.1,1.9,0.4,8.9,7.7,3.4,16.7,3.3,1.1,9.7,1.9,0.4,8.9,3.8,1.0,13.2,2.8,1.1,6.9,1.9,0.4,8.9,3.8,1.5,9.2,3.6,1.4,9.1,3.6,1.4,9.1
2022,zone,Tshopo,Yahuma,152,27,5,77.6,59.3,89.2,20.9,10.0,38.6,19.2,9.3,35.3,12.4,4.4,30.3,8.6,3.1,21.7,9.2,4.4,18.3,19.2,9.3,35.3,12.4,4.4,30.3,8.6,3.1,21.7,19.2,9.3,35.3,12.4,4.4,30.3,8.6,3.1,21.7,18.1,9.1,32.9,12.4,4.4,30.3,8.6,3.1,21.7,4.5,1.9,10.2,3.1,0.3,27.6,2.4,0.2,21.8
2022,zone,Tshopo,Yakusu,162,22,5,45.2,13.1,81.9,46.5,16.7,79.1,49.4,16.2,83.1,37.8,13.5,70.3,24.7,8.9,52.4,49.5,17.7,81.7,51.2,17.6,83.7,34.9,11.3,69.3,20.7,6.0,51.5,49.4,16.2,83.1,38.3,13.6,71.1,25.2,9.3,52.4,49.0,16.0,82.9,37.4,13.1,70.2,23.8,8.6,51.1,34.7,13.4,64.5,18.0,7.7,36.7,19.6,8.7,38.4
2022,zone,Tshopo,Yaleko,150,21,5,65.3,54.1,75.0,31.0,22.3,41.4,18.1,11.8,26.6,12.3,6.9,20.9,5.3,1.9,13.6,30.4,21.6,40.9,30.5,22.3,40.0,18.6,12.9,26.0,6.3,2.3,16.3,18.1,11.8,26.6,11.6,6.6,19.7,5.3,1.9,13.6,17.0,10.2,27.0,8.9,4.0,18.6,5.9,2.9,11.9,14.4,10.6,19.3,13.4,11.3,15.7,13.0,9.5,17.6
2022,zone,Tshopo,Yalimbongo,154,17,5,76.0,60.7,86.7,21.8,11.5,37.5,14.8,7.5,27.2,8.1,3.2,18.7,5.0,1.3,17.8,17.6,11.0,26.8,18.6,9.7,32.8,10.5,4.9,21.0,6.7,2.9,14.7,13.7,7.3,24.1,7.5,2.7,19.2,4.5,0.9,19.6,10.7,4.0,26.0,5.9,1.4,21.6,3.4,0.5,20.0,6.8,2.2,19.2,3.9,1.2,12.1,3.5,1.1,11.0
2022,zone,Tshuapa,Befale,172,22,5,34.2,20.6,50.9,56.3,33.4,76.8,38.3,18.5,63.0,11.5,5.4,22.7,7.2,3.0,16.3,60.0,42.1,75.6,60.6,43.5,75.5,19.7,9.3,37.0,14.5,6.4,29.7,31.5,16.8,51.1,9.7,4.9,18.3,5.4,2.7,10.3,38.7,18.6,63.6,13.9,5.1,32.7,7.4,2.3,21.2,41.1,19.5,66.7,29.3,14.7,49.9,23.2,10.2,44.7
2022,zone,Tshuapa,Boende,180,37,5,26.3,12.5,47.1,45.1,23.8,68.2,43.6,17.2,74.2,29.9,11.3,58.9,10.3,4.5,21.7,41.8,23.5,62.6,67.2,49.3,81.3,49.5,34.2,64.8,23.8,12.0,41.6,41.1,15.6,72.5,21.2,6.1,52.8,7.2,2.6,18.5,36.0,19.8,56.3,21.5,8.8,43.7,6.3,3.2,11.9,23.1,10.8,42.7,28.3,17.6,42.0,27.3,16.8,41.2
2022,zone,Tshuapa,Bokungu,181,24,5,13.0,6.6,24.0,63.7,28.1,88.8,68.2,39.3,87.6,58.0,25.8,84.6,31.9,10.5,65.2,60.9,17.6,91.9,87.0,76.0,93.4,70.9,60.6,79.4,36.4,23.5,51.7,66.8,34.8,88.4,53.6,19.2,84.9,30.4,9.6,64.4,60.0,35.2,80.6,37.9,10.7,75.6,18.9,3.7,58.4,51.7,27.9,74.7,44.2,31.0,58.3,43.8,30.8,57.6
2022,zone,Tshuapa,Busanga,181,16,5,48.2,36.8,59.9,46.0,34.8,57.6,39.7,27.3,53.5,23.8,13.3,38.9,16.0,8.0,29.3,37.1,21.8,55.4,47.0,36.0,58.2,28.4,15.8,45.5,19.5,9.7,35.2,35.1,21.6,51.5,22.3,11.9,37.9,16.8,8.5,30.4,29.1,21.3,38.2,19.0,13.9,25.3,12.9,6.8,23.0,27.6,14.2,46.8,19.8,10.8,33.3,13.1,6.0,26.2
2022,zone,Tshuapa,Djolu,185,28,5,44.1,28.9,60.5,44.4,36.3,52.8,20.0,8.6,39.9,6.9,0.6,47.2,1.1,0.1,11.8,45.9,30.0,62.7,49.7,32.2,67.2,37.5,26.5,50.0,19.6,12.9,28.6,18.6,7.1,40.6,6.0,0.5,46.8,0.5,0.0,6.1,8.9,2.8,24.7,3.6,0.6,18.4,1.4,0.4,5.3,29.2,19.4,41.5,12.7,4.5,31.1,13.1,5.4,28.5
2022,zone,Tshuapa,Ikela,181,28,5,16.0,6.9,32.8,69.4,56.0,80.2,76.2,66.4,83.9,67.9,54.4,79.0,48.2,28.1,68.8,76.5,58.9,88.1,81.4,66.7,90.5,71.5,59.7,80.9,61.3,40.8,78.5,75.8,65.5,83.8,65.9,56.1,74.5,45.2,29.7,61.6,65.7,47.4,80.2,61.2,41.7,77.7,49.5,26.6,72.5,46.2,27.5,66.1,43.5,24.0,65.1,43.0,25.1,62.9
2022,zone,Tshuapa,Lingomo,178,19,5,47.1,21.1,74.8,32.3,12.5,61.5,16.1,6.0,36.6,1.7,0.4,6.4,0.8,0.0,11.4,33.7,13.9,61.6,48.6,23.4,74.6,31.2,15.3,53.1,15.9,7.5,30.7,16.1,6.0,36.6,3.4,1.4,8.1,2.1,0.4,10.7,14.0,4.7,35.0,2.2,0.8,5.9,0.4,0.0,6.0,30.9,17.5,48.5,11.5,4.7,25.8,14.8,4.6,38.4
2022,zone,Tshuapa,Mompono,173,15,5,31.6,19.1,47.5,59.0,37.7,77.4,41.2,23.7,61.4,14.6,7.9,25.5,8.9,3.1,22.7,61.5,45.3,75.5,56.4,39.0,72.3,22.2,17.4,27.8,14.5,10.1,20.4,40.1,24.9,57.6,14.1,8.0,23.6,8.0,2.9,19.8,32.7,17.9,52.0,11.1,6.5,18.3,4.1,1.3,12.5,30.3,17.4,47.3,35.0,20.5,53.0,30.3,15.8,50.2
2022,zone,Tshuapa,Mondombe,180,22,5,19.2,5.3,49.9,66.4,35.6,87.5,58.5,41.4,73.7,40.5,22.8,61.1,22.2,10.2,42.0,71.1,36.6,91.3,78.8,50.2,93.2,57.6,41.2,72.4,24.9,16.5,35.9,56.5,39.7,71.9,29.4,13.6,52.3,15.2,6.3,32.3,35.1,16.1,60.3,19.5,12.5,29.1,9.6,2.5,30.3,45.7,21.6,72.1,43.4,29.9,58.0,43.0,28.5,58.8
2022,zone,Tshuapa,Monkoto,156,25,5,26.5,17.4,38.2,31.5,20.7,44.9,59.4,41.9,74.8,44.0,36.0,52.2,19.7,9.0,37.9,27.5,18.6,38.5,71.7,61.7,79.9,54.5,46.8,62.0,27.0,14.7,44.2,42.6,18.6,70.8,30.4,13.9,54.2,14.0,3.9,39.6,45.1,28.8,62.5,31.4,18.4,48.2,15.3,4.3,42.3,35.4,25.3,47.1,25.2,19.5,32.0,25.7,19.0,33.7
2022,zone,Tshuapa,Wema,179,20,5,48.2,41.8,54.6,33.2,25.3,42.1,31.9,21.4,44.8,12.3,3.9,32.9,2.9,0.9,8.8,18.4,9.8,31.9,49.9,42.8,57.0,33.5,22.4,46.8,12.6,4.9,28.4,21.9,15.7,29.7,8.4,5.0,13.6,2.5,0.8,7.4,5.5,1.6,16.6,2.0,0.3,11.7,1.7,0.3,10.0,10.6,8.5,13.2,19.3,10.4,33.1,10.8,3.7,27.5
2022,zone,Tshuapa,Yalifafu,185,21,5,39.3,23.5,57.8,42.6,26.8,60.1,38.3,26.6,51.4,18.1,8.3,35.1,11.1,4.1,26.8,47.2,29.0,66.2,58.7,38.8,76.0,43.4,23.2,66.0,18.4,6.6,41.7,31.9,17.3,51.2,16.3,5.2,40.7,8.9,2.4,28.2,23.7,12.5,40.3,10.2,3.7,25.1,2.6,0.2,26.9,27.6,15.8,43.7,32.5,20.0,48.1,30.4,20.0,43.5
2023,national,,,83372,9364,2712,14.1,13.6,14.7,74.9,74.1,75.7,79.3,78.6,80.0,66.5,65.6,67.4,53.7,52.7,54.6,66.6,65.7,67.4,81.6,81.0,82.3,68.3,67.5,69.1,54.7,53.7,55.6,78.5,77.8,79.2,65.7,64.8,66.6,53.3,52.3,54.3,74.9,74.2,75.7,61.9,61.0,62.8,47.7,46.7,48.7,62.6,61.7,63.5,38.5,37.7,39.3,36.8,36.0,37.6
2023,province,Bas Uele,,1721,169,56,36.9,32.2,41.8,53.5,48.4,58.5,59.7,54.7,64.4,46.6,42.3,50.9,31.1,27.6,34.9,51.2,47.4,54.9,61.1,56.3,65.7,48.4,44.5,52.5,33.4,29.9,37.1,59.2,54.2,64.0,44.6,40.6,48.7,30.0,26.6,33.7,54.3,50.0,58.5,41.1,37.5,44.8,26.4,23.3,29.8,39.8,36.0,43.7,21.3,18.5,24.3,18.3,15.6,21.4
2023,province,Equateur,,3298,286,93,6.4,4.4,9.4,72.6,67.9,76.8,86.0,82.1,89.2,62.2,55.6,68.4,39.7,34.2,45.4,59.9,55.7,63.9,86.9,83.2,90.0,62.9,56.4,69.0,40.4,34.8,46.2,85.1,81.1,88.3,61.2,54.7,67.4,39.4,34.0,45.2,82.5,78.2,86.1,59.6,53.1,65.9,37.3,32.0,42.9,45.0,39.4,50.7,20.1,17.1,23.5,19.5,16.5,23.0
2023,province,Haut Katanga,,4286,421,139,24.4,21.5,27.7,70.2,66.8,73.4,70.8,67.4,74.1,59.4,55.6,63.0,48.4,44.8,52.1,70.5,67.2,73.7,72.2,68.9,75.3,62.0,58.5,65.3,50.1,46.6,53.6,70.4,67.0,73.6,58.5,54.9,62.0,47.8,44.1,51.4,67.0,63.8,70.0,56.5,52.8,60.1,44.6,40.9,48.3,56.9,53.6,60.2,30.0,27.7,32.4,29.6,27.5,31.8
2023,province,Haut Lomami,,2956,373,96,4.9,3.5,6.6,92.4,90.4,94.0,92.5,90.5,94.1,79.7,76.7,82.4,67.6,64.3,70.8,84.1,81.3,86.6,93.3,91.5,94.7,79.0,76.0,81.8,67.8,64.5,71.0,92.3,90.3,93.9,79.2,76.2,81.8,67.4,64.1,70.6,89.6,86.8,91.8,77.2,73.6,80.3,65.1,61.5,68.5,74.4,71.6,77.1,44.2,40.9,47.6,42.7,39.6,45.9
2023,province,Haut Uele,,1998,212,65,29.4,25.6,33.6,58.9,54.6,63.2,65.7,61.2,69.9,54.9,49.8,59.9,41.5,37.1,46.1,55.4,51.2,59.5,68.0,63.9,71.9,57.0,52.2,61.6,44.8,40.1,49.5,64.9,60.5,69.0,53.8,48.5,59.0,41.7,37.1,46.4,60.4,56.1,64.5,48.9,44.4,53.4,37.3,33.0,41.8,51.5,47.2,55.8,31.4,27.7,35.4,31.1,27.2,35.2
2023,province,Ituri,,5120,554,168,3.9,3.2,4.7,72.1,69.0,75.0,91.8,90.5,93.0,76.6,74.1,78.9,57.8,54.6,61.0,54.9,51.5,58.2,90.9,89.5,92.1,74.3,71.7,76.7,55.3,52.0,58.6,91.3,89.9,92.5,75.7,73.2,78.1,57.1,53.9,60.3,86.6,84.9,88.2,69.5,66.7,72.1,49.7,46.2,53.1,65.6,62.7,68.4,40.6,38.1,43.2,37.4,35.0,39.8
2023,province,Kasai,,3177,406,105,21.5,18.1,25.3,66.7,62.3,70.8,63.1,58.5,67.4,49.7,44.9,54.5,37.3,32.7,42.2,67.5,62.0,72.5,69.7,65.7,73.5,51.4,46.8,56.1,36.4,31.8,41.3,61.6,57.1,66.0,47.3,42.6,52.0,35.7,31.3,40.5,60.0,55.4,64.4,47.3,42.5,52.1,35.5,31.0,40.2,45.5,40.4,50.7,29.7,25.8,33.9,29.1,25.3,33.3
2023,province,Kasai Central,,4212,459,138,7.1,5.7,8.9,84.8,82.3,86.9,83.5,81.0,85.6,66.6,63.5,69.6,50.3,46.7,53.8,77.7,74.5,80.6,86.8,84.5,88.8,71.7,69.0,74.3,54.5,51.4,57.6,81.9,79.5,84.2,64.4,61.1,67.6,48.6,45.0,52.2,75.2,72.2,77.9,58.6,55.2,61.9,40.1,36.6,43.8,63.8,60.6,66.8,36.0,33.5,38.6,34.6,32.2,37.1
2023,province,Kasai Oriental,,2915,320,95,17.5,14.8,20.6,73.6,70.3,76.7,75.0,71.5,78.3,57.9,54.0,61.6,40.8,36.9,44.9,68.3,65.1,71.3,76.8,73.6,79.7,59.1,55.3,62.9,41.8,37.6,46.0,74.4,70.8,77.7,57.2,53.2,61.0,40.3,36.3,44.5,69.9,66.5,73.1,53.1,49.2,57.0,33.9,30.4,37.6,47.8,43.6,52.1,25.6,22.9,28.5,24.5,22.0,27.1
2023,province,Kinshasa,,5322,417,176,1.8,1.3,2.5,96.7,95.7,97.5,96.7,95.8,97.4,90.5,88.8,92.0,83.1,80.7,85.3,96.8,95.7,97.6,97.4,96.7,98.0,91.7,90.2,92.9,81.6,79.4,83.7,96.3,95.4,97.1,90.3,88.5,91.9,83.7,81.0,86.1,93.7,92.4,94.7,87.0,84.5,89.2,81.4,78.4,84.0,91.9,90.2,93.3,65.1,62.3,67.7,64.3,61.4,67.0
2023,province,Kongo Central,,4749,405,155,10.3,8.4,12.5,77.2,74.3,79.9,86.1,83.6,88.3,74.4,71.4,77.3,59.4,56.1,62.6,73.8,70.7,76.7,86.9,84.5,89.0,73.8,70.9,76.6,60.5,57.2,63.8,85.3,82.8,87.5,73.5,70.4,76.4,58.7,55.5,61.8,81.1,78.4,83.7,69.0,65.8,72.0,53.7,50.4,56.9,70.4,67.4,73.2,42.5,39.9,45.2,40.9,38.3,43.4
2023,province,Kwango,,2457,305,80,7.7,5.5,10.6,85.9,81.9,89.1,86.0,82.0,89.2,72.6,67.6,77.1,61.6,56.0,67.0,85.9,81.9,89.0,89.0,86.0,91.5,76.0,71.8,79.8,64.4,59.3,69.3,85.3,81.1,88.6,71.7,66.6,76.3,61.3,55.6,66.7,82.8,78.4,86.4,71.2,65.9,75.9,60.3,54.7,65.7,73.6,69.2,77.5,47.9,43.7,52.0,46.1,41.8,50.4
2023,province,Kwilu,,4727,674,156,4.7,3.3,6.8,89.9,87.3,92.1,92.7,90.0,94.8,87.6,84.4,90.2,81.5,77.6,84.8,83.9,80.1,87.1,92.6,90.0,94.6,87.5,84.3,90.1,81.9,78.2,85.1,92.4,89.6,94.5,87.2,83.9,89.9,81.2,77.4,84.6,91.6,88.7,93.9,86.6,83.2,89.4,78.6,74.6,82.2,84.3,80.7,87.3,64.5,60.2,68.7,63.9,59.5,68.0
2023,province,Lomami,,2629,316,87,8.9,7.1,11.2,75.9,71.9,79.5,82.8,79.6,85.7,66.8,62.4,70.9,49.4,45.0,53.9,57.0,52.7,61.1,84.5,81.6,87.0,65.9,62.0,69.7,46.8,42.7,50.9,81.6,78.1,84.6,65.0,60.4,69.3,48.2,43.7,52.8,76.7,73.1,80.0,57.7,53.4,61.9,31.9,28.0,36.0,56.5,52.3,60.6,32.1,28.8,35.7,30.6,27.3,34.1
2023,province,Lualaba,,2239,244,74,18.3,15.1,21.9,71.8,65.1,77.6,71.6,67.0,75.8,59.9,54.8,64.8,44.0,39.1,49.0,72.5,67.7,76.9,77.7,74.0,81.0,64.1,59.6,68.3,49.1,44.6,53.6,70.0,65.4,74.3,57.4,52.4,62.3,44.4,39.7,49.1,64.4,59.5,69.0,53.4,48.3,58.5,41.8,37.1,46.6,59.8,55.0,64.5,32.9,29.2,36.8,30.8,27.2,34.6
2023,province,Maindombe,,2366,311,79,29.8,25.8,34.0,66.1,62.0,70.0,65.5,61.3,69.5,53.7,49.9,57.4,43.7,39.9,47.5,66.1,62.2,69.7,68.5,64.2,72.4,57.9,54.2,61.5,47.6,43.9,51.3,64.9,60.7,68.8,53.5,49.8,57.3,43.7,39.9,47.5,63.4,59.2,67.3,52.2,48.4,55.9,43.6,39.8,47.4,55.4,51.4,59.4,38.8,35.4,42.3,38.1,34.8,41.5
2023,province,Maniema,,2869,284,92,45.0,41.3,48.8,44.1,40.4,47.8,38.6,34.8,42.5,26.7,23.2,30.5,17.3,14.2,21.0,38.5,35.7,41.4,45.2,41.6,48.9,32.2,28.4,36.3,20.6,17.4,24.3,37.5,33.7,41.5,26.3,22.6,30.2,16.9,13.9,20.4,31.3,27.4,35.4,21.4,17.9,25.3,13.6,11.1,16.6,32.8,29.4,36.5,18.4,16.2,20.9,16.7,14.6,19.0
2023,province,Mongala,,2147,295,72,48.8,43.5,54.1,44.1,39.1,49.2,42.4,37.1,48.0,31.7,26.4,37.5,22.2,17.8,27.3,42.5,37.7,47.4,49.2,43.7,54.6,38.6,32.9,44.6,26.5,21.9,31.8,41.6,36.2,47.1,30.8,25.6,36.5,21.5,17.2,26.6,37.3,32.3,42.6,28.7,23.8,34.2,20.2,16.1,25.1,30.9,26.1,36.2,16.4,13.6,19.7,14.3,11.7,17.4
2023,province,Nord Kivu,,4405,535,146,0.5,0.3,0.8,86.1,83.5,88.4,94.8,93.2,96.0,82.2,78.8,85.1,67.3,62.9,71.4,51.1,46.8,55.4,95.4,94.2,96.3,82.8,79.6,85.6,67.8,63.6,71.7,95.2,93.8,96.3,82.8,79.5,85.6,68.2,64.0,72.1,87.4,84.9,89.6,68.0,63.8,71.8,46.1,41.0,51.4,75.6,71.7,79.1,44.9,40.5,49.4,42.4,38.0,46.9
2023,province,Nord Ubangi,,1673,178,56,1.5,0.9,2.6,78.8,74.0,82.9,95.4,93.5,96.8,84.7,79.7,88.6,72.1,66.2,77.3,68.1,62.0,73.6,95.9,94.2,97.1,85.4,80.3,89.4,72.8,66.6,78.3,95.4,92.6,97.2,84.8,79.7,88.8,72.8,66.6,78.1,91.9,88.8,94.2,81.9,76.8,86.1,69.4,63.4,74.8,75.0,69.0,80.2,44.6,38.5,50.8,40.0,33.6,46.8
2023,province,Sankuru,,2541,248,80,49.2,43.7,54.7,32.2,28.0,36.8,39.2,34.7,44.0,25.9,22.1,30.1,16.3,13.5,19.6,28.1,23.7,33.0,45.8,40.5,51.1,32.9,28.6,37.4,20.6,17.3,24.3,39.0,34.3,44.0,25.3,21.6,29.3,16.2,13.4,19.5,33.5,29.2,38.1,22.8,19.4,26.6,13.4,10.9,16.4,25.1,20.7,30.1,22.4,19.3,25.9,19.0,16.4,22.0
2023,province,Sud Kivu,,5809,663,181,7.6,5.1,11.4,73.7,68.8,78.1,87.7,84.1,90.6,76.1,72.1,79.7,64.8,60.7,68.8,59.9,55.4,64.3,88.2,84.5,91.1,76.3,72.4,79.8,64.8,60.8,68.7,87.3,83.5,90.3,75.0,70.9,78.7,64.4,60.2,68.4,85.0,81.3,88.1,73.3,69.2,77.0,56.2,52.1,60.1,69.8,65.6,73.6,38.9,35.3,42.5,37.0,33.5,40.6
2023,province,Sud Ubangi,,2605,330,86,15.5,12.6,19.0,64.5,59.8,68.9,75.0,70.4,79.0,54.8,49.6,59.8,37.1,32.4,42.0,50.4,46.6,54.2,75.4,71.5,79.0,55.7,50.7,60.5,37.5,32.9,42.5,74.9,70.6,78.9,55.5,50.3,60.5,36.4,31.7,41.3,70.8,66.1,75.1,50.3,45.0,55.6,31.4,26.8,36.5,51.2,46.3,56.1,26.1,22.2,30.3,23.9,20.3,27.9
2023,province,Tanganyika,,1901,267,63,7.5,4.9,11.2,88.7,84.2,92.1,85.1,78.9,89.7,76.0,68.0,82.5,64.7,55.9,72.6,76.6,70.4,81.8,89.7,85.5,92.8,78.1,71.1,83.7,65.6,56.8,73.5,82.4,75.1,88.0,74.1,65.5,81.2,63.6,54.5,71.8,85.7,79.8,90.1,75.1,67.3,81.6,60.6,52.0,68.6,70.4,63.3,76.6,40.4,35.1,46.0,38.8,33.5,44.5
2023,province,Tshopo,,3457,414,114,36.3,32.9,39.9,56.9,53.0,60.6,53.7,49.7,57.7,36.5,31.9,41.4,27.1,22.2,32.7,48.0,44.0,51.9,59.2,55.4,63.0,40.8,36.4,45.5,28.9,24.2,34.2,52.0,48.0,56.1,36.3,31.5,41.3,26.4,21.6,32.0,48.5,44.5,52.6,33.9,29.2,38.8,24.9,20.2,30.3,36.2,31.6,41.1,22.2,19.0,25.8,20.1,16.9,23.7
2023,province,Tshuapa,,1793,278,60,26.3,22.5,30.6,46.9,41.6,52.3,52.1,46.5,57.6,29.5,24.0,35.6,16.4,12.8,20.9,53.7,47.9,59.5,70.1,65.4,74.4,44.3,37.5,51.4,26.6,21.5,32.5,47.4,41.5,53.4,28.0,22.7,34.1,15.8,12.1,20.3,45.2,38.9,51.7,28.6,22.3,35.9,13.5,10.2,17.7,44.4,38.3,50.7,35.4,31.1,39.9,27.8,23.6,32.3
2023,zone,Bas Uele,Aketi,157,18,5,57.7,34.6,77.8,36.0,15.7,62.8,33.0,19.0,50.8,26.6,17.2,38.7,19.2,12.9,27.7,34.0,15.8,58.6,41.5,22.7,63.2,33.3,21.1,48.2,22.5,12.8,36.4,33.8,18.7,53.1,24.7,14.3,39.1,18.2,11.1,28.2,34.7,17.2,57.5,25.6,16.3,37.8,19.4,11.3,31.2,28.4,17.8,42.1,19.6,14.7,25.7,14.8,12.9,16.8
2023,zone,Bas Uele,Ango,175,23,6,11.9,6.8,19.8,79.2,64.1,89.0,85.4,76.3,91.4,73.1,63.2,81.1,48.1,34.5,61.9,71.1,61.5,79.1,87.0,77.3,92.9,72.0,60.0,81.5,51.1,35.8,66.2,85.8,78.7,90.8,69.8,61.7,76.7,47.1,34.6,60.0,72.9,63.4,80.7,56.6,47.0,65.8,38.2,27.2,50.4,60.3,45.3,73.5,27.5,17.7,40.1,22.1,11.1,39.3
2023,zone,Bas Uele,Bili,154,12,5,17.2,6.1,40.1,71.9,57.6,82.9,77.5,59.2,89.1,53.9,39.6,67.6,27.6,16.9,41.7,63.9,54.9,72.0,76.8,58.4,88.7,55.4,44.3,65.9,31.5,17.9,49.2,77.0,58.7,88.7,54.1,39.9,67.7,24.5,15.3,36.8,68.5,41.0,87.1,46.6,33.2,60.5,19.5,11.6,30.9,41.6,26.2,58.8,24.5,13.1,41.1,16.2,12.4,20.9
2023,zone,Bas Uele,Bondo,151,15,5,52.9,47.8,57.8,44.7,39.1,50.5,46.7,41.1,52.4,36.5,32.2,41.1,24.6,20.8,28.8,42.5,38.0,47.3,46.5,41.1,51.9,36.8,32.1,41.8,25.0,21.3,29.1,45.3,37.8,53.1,35.6,32.7,38.6,24.1,21.4,27.0,43.3,36.5,50.3,31.8,28.7,35.1,21.7,18.3,25.6,29.4,25.6,33.6,18.2,12.8,25.1,14.4,9.9,20.6
2023,zone,Bas Uele,Buta,154,16,5,30.3,18.4,45.6,59.8,37.3,78.9,66.8,48.4,81.2,51.6,39.2,63.8,38.6,27.9,50.5,54.2,44.0,64.0,69.4,53.7,81.6,54.5,44.4,64.3,41.3,32.8,50.3,66.4,48.1,80.8,47.5,36.8,58.4,37.1,27.2,48.2,61.8,50.1,72.2,48.0,39.9,56.2,31.4,23.3,40.8,45.9,39.4,52.6,26.1,14.9,41.6,22.8,11.2,40.8
2023,zone,Bas Uele,Ganga,166,21,5,43.7,37.3,50.4,41.8,34.6,49.4,53.4,47.8,59.0,42.5,37.2,48.0,21.6,18.2,25.5,41.2,33.1,49.9,54.0,48.1,59.8,45.9,39.0,52.9,26.2,20.8,32.4,53.0,47.2,58.7,41.7,37.5,46.1,21.6,17.5,26.3,49.0,43.3,54.8,39.7,35.5,44.0,18.1,12.8,24.9,31.2,26.8,35.9,12.2,8.5,17.2,11.5,7.5,17.1
2023,zone,Bas Uele,Likati,152,12,5,57.0,47.4,66.1,41.0,34.8,47.4,41.6,31.4,52.5,33.6,28.5,39.2,19.1,14.5,24.8,40.5,34.6,46.7,41.1,30.6,52.5,34.2,28.2,40.8,19.4,14.1,26.2,41.1,30.6,52.5,30.8,25.1,37.1,16.9,10.7,25.5,35.9,23.7,50.1,27.7,19.0,38.5,15.5,11.0,21.3,24.0,17.9,31.4,11.5,6.8,19.0,10.7,5.0,21.5
2023,zone,Bas Uele,Monga,150,10,5,41.7,35.8,47.9,50.6,45.3,55.9,57.8,51.3,64.1,47.4,39.0,55.9,32.6,23.3,43.7,47.4,44.2,50.6,57.8,51.3,64.1,47.4,39.0,55.9,32.6,23.3,43.7,57.8,51.3,64.1,47.4,39.0,55.9,32.6,23.3,43.7,56.8,49.0,64.3,47.4,39.0,55.9,31.8,23.6,41.3,34.9,25.9,45.1,22.3,13.3,34.7,21.7,13.1,33.8
2023,zone,Bas Uele,Poko,154,18,5,32.1,25.7,39.3,53.3,44.1,62.4,65.8,58.0,72.9,53.7,48.7,58.6,41.3,36.9,46.0,55.5,49.2,61.6,65.4,59.0,71.3,50.7,44.0,57.4,39.8,36.2,43.4,65.8,58.0,72.9,51.5,48.0,55.1,39.2,36.4,42.1,59.4,47.6,70.2,47.3,38.9,55.9,36.7,29.2,44.9,49.9,43.1,56.7,24.7,14.1,39.6,23.0,13.1,37.1
2023,zone,Bas Uele,Titule,155,11,5,21.5,16.9,26.8,66.7,61.1,72.0,68.9,58.1,78.0,42.3,26.2,60.3,26.5,14.5,43.6,63.0,52.8,72.1,70.9,61.2,79.1,51.7,31.8,71.0,33.7,18.5,53.3,64.5,59.5,69.2,37.4,18.5,61.1,25.2,10.6,49.0,55.8,46.5,64.8,32.6,17.8,52.0,20.2,7.8,43.4,39.0,21.6,59.8,15.9,7.6,30.5,15.0,7.6,27.3
2023,zone,Bas Uele,Viadana,153,13,5,39.3,27.3,52.7,45.2,29.9,61.5,57.3,43.5,70.0,44.0,26.3,63.4,30.1,18.8,44.6,50.8,39.8,61.8,57.8,44.1,70.4,46.6,29.9,64.2,33.5,22.0,47.5,57.3,43.5,70.0,44.9,26.7,64.5,30.5,18.8,45.4,54.9,43.0,66.2,41.3,26.1,58.3,26.3,15.4,41.3,41.1,29.9,53.3,24.3,19.6,29.8,23.1,17.6,29.7
2023,zone,Equateur,Basankusu,214,27,6,0.9,0.2,4.2,92.1,86.3,95.6,91.0,84.7,94.8,60.2,47.1,72.0,43.7,33.6,54.2,49.0,33.1,65.2,94.4,92.0,96.1,64.4,49.9,76.7,46.7,37.3,56.3,89.2,81.6,93.9,59.7,46.9,71.3,42.6,33.2,52.6,83.5,68.1,92.3,56.3,44.4,67.6,40.0,29.8,51.2,48.7,37.9,59.6,22.9,14.2,34.8,23.5,15.6,33.8
2023,zone,Equateur,Bikoro,182,21,5,16.6,9.9,26.3,76.3,65.7,84.3,75.0,63.2,84.0,47.7,34.2,61.5,27.2,14.4,45.2,48.0,35.9,60.4,75.5,64.0,84.2,51.2,37.3,64.8,28.8,16.3,45.8,74.0,61.3,83.6,47.2,34.3,60.5,27.2,14.4,45.2,71.1,63.9,77.4,45.6,33.8,58.0,26.6,14.0,44.7,28.7,16.3,45.4,13.9,7.5,24.2,14.4,7.4,26.2
2023,zone,Equateur,Bolenge,173,11,5,13.5,6.7,25.1,81.8,65.0,91.6,65.4,49.1,78.8,24.0,11.7,43.0,4.0,1.1,13.5,76.7,64.8,85.5,67.7,49.4,81.8,27.6,14.1,46.9,4.4,1.2,15.2,63.9,46.2,78.6,21.8,11.1,38.3,4.0,1.1,13.5,61.2,43.3,76.6,21.3,10.6,38.4,4.0,1.1,13.5,4.8,1.5,14.7,3.7,1.8,7.5,3.7,1.8,7.5
2023,zone,Equateur,Bolomba,242,29,7,0.0,0.0,0.0,52.7,46.8,58.5,99.2,92.0,99.9,77.8,62.9,87.9,41.8,32.7,51.5,63.2,58.0,68.1,98.8,93.7,99.8,77.4,62.0,87.8,39.2,30.8,48.3,98.9,93.5,99.8,76.7,63.5,86.2,41.8,32.7,51.5,98.9,93.5,99.8,76.4,63.1,85.9,41.8,32.7,51.5,48.9,41.3,56.6,17.6,15.1,20.3,16.9,15.0,19.0
2023,zone,Equateur,Bomongo,176,16,5,1.3,0.1,15.0,74.3,64.9,82.0,94.5,77.1,98.9,78.6,68.3,86.3,57.2,33.9,77.6,55.1,35.9,72.9,87.1,83.0,90.4,70.9,60.5,79.5,58.3,37.9,76.3,91.1,87.4,93.8,77.7,65.4,86.5,56.8,32.6,78.2,86.3,76.6,92.4,69.3,52.6,82.1,51.4,26.2,76.0,61.5,34.7,82.7,20.7,10.9,35.8,18.2,8.8,33.9
2023,zone,Equateur,Djombo,184,14,5,15.7,5.8,36.1,77.2,50.7,91.8,79.4,50.6,93.6,61.7,30.3,85.6,45.0,14.7,79.5,40.9,33.9,48.2,81.3,53.4,94.3,63.7,34.2,85.6,46.6,16.5,79.4,78.2,50.2,92.7,61.1,29.0,85.8,44.4,14.3,79.3,74.1,45.2,90.8,58.2,27.7,83.5,41.8,14.3,75.6,53.9,21.5,83.3,28.9,12.1,54.6,31.2,12.7,58.7
2023,zone,Equateur,Iboko,187,15,5,31.9,14.0,57.3,57.7,40.8,73.0,54.3,38.4,69.4,26.1,16.5,38.8,9.3,2.5,28.5,40.6,22.9,61.1,55.1,38.0,71.1,27.1,16.9,40.3,11.5,4.3,27.5,54.3,38.4,69.4,26.1,16.5,38.8,8.8,2.4,27.2,54.3,38.4,69.4,26.1,16.5,38.8,8.4,2.4,25.8,10.2,3.7,25.1,4.7,1.9,11.2,3.8,0.9,15.1
2023,zone,Equateur,Ingende,176,19,5,2.0,0.5,8.1,63.9,28.7,88.6,85.9,60.3,96.1,43.7,12.2,81.2,21.7,4.0,65.2,62.5,29.6,86.9,85.9,60.3,96.1,43.6,11.5,82.2,22.1,4.1,65.5,86.5,60.2,96.5,43.7,12.2,81.2,21.7,4.0,65.2,85.2,60.1,95.7,43.3,12.2,80.8,21.4,3.9,64.9,24.7,5.6,64.3,14.5,4.2,39.9,14.5,3.5,44.0
2023,zone,Equateur,Irebu,179,7,5,3.3,1.2,8.8,76.8,59.8,88.1,89.4,81.9,94.0,77.9,62.4,88.2,56.6,39.4,72.4,63.8,41.7,81.4,91.8,85.4,95.6,77.2,60.0,88.4,57.0,36.7,75.2,92.2,87.8,95.1,74.1,58.1,85.4,54.9,37.9,70.8,87.5,74.2,94.5,77.1,62.4,87.2,54.8,38.4,70.2,65.0,47.6,79.2,35.4,23.6,49.3,36.7,25.8,49.2
2023,zone,Equateur,Lilanga Bobangi,179,12,5,2.5,1.0,6.1,89.6,87.5,91.4,92.4,84.4,96.5,75.9,60.0,86.9,60.3,47.8,71.6,76.9,57.9,88.9,93.3,83.1,97.5,78.8,61.9,89.5,61.2,48.2,72.9,90.8,83.9,95.0,75.4,60.0,86.3,59.8,46.9,71.4,87.5,80.9,92.1,74.4,59.5,85.2,55.9,43.7,67.4,69.9,51.2,83.7,23.2,10.9,42.9,23.2,10.9,42.9
2023,zone,Equateur,Lotumbe,169,18,5,0.0,0.0,0.0,32.0,26.1,38.4,97.8,95.7,98.9,82.0,66.2,91.4,36.1,21.9,53.2,51.6,40.8,62.3,97.8,95.7,98.9,82.6,68.9,91.1,38.3,23.2,56.0,97.8,95.7,98.9,81.4,63.5,91.7,36.1,21.9,53.2,97.8,95.7,98.9,80.5,63.4,90.7,36.1,21.9,53.2,40.0,24.4,57.8,14.9,7.6,27.2,14.9,7.6,27.2
2023,zone,Equateur,Lukolela,177,14,5,1.3,0.3,5.6,82.2,75.3,87.4,96.1,91.5,98.2,75.7,60.9,86.2,61.7,41.3,78.7,46.9,23.1,72.2,94.1,88.5,97.0,73.1,56.3,85.2,56.6,38.8,72.7,96.4,93.0,98.2,75.1,61.6,84.9,61.8,43.8,77.0,93.4,89.8,95.8,77.1,64.2,86.3,55.8,37.8,72.4,69.5,45.2,86.3,37.8,20.7,58.6,34.9,22.4,49.8
2023,zone,Equateur,Makanza,176,17,5,6.1,1.7,19.9,63.5,46.2,77.8,86.7,74.3,93.7,66.9,58.4,74.5,46.1,37.9,54.5,53.8,41.5,65.7,91.4,81.8,96.2,68.8,63.4,73.8,46.6,40.3,53.0,85.3,69.5,93.6,67.1,60.2,73.4,45.5,38.7,52.5,81.5,64.6,91.4,65.8,55.4,74.9,43.2,34.6,52.3,53.6,49.8,57.3,21.0,15.4,28.0,15.6,10.1,23.4
2023,zone,Equateur,Mampoko,193,13,5,8.5,1.0,45.2,78.2,59.5,89.7,80.2,51.5,93.9,51.0,37.4,64.4,30.6,23.3,39.0,64.9,36.3,85.7,84.9,59.4,95.6,56.3,41.8,69.7,33.8,23.4,46.1,75.8,55.0,88.9,49.6,36.6,62.6,30.2,22.4,39.3,72.2,45.2,89.1,45.0,31.6,59.2,28.0,18.2,40.6,46.6,37.3,56.2,24.3,11.6,44.0,24.3,13.7,39.6
2023,zone,Equateur,Mbandaka,158,16,5,3.0,0.4,20.2,84.5,74.3,91.1,87.8,54.5,97.7,66.7,18.1,94.8,46.6,15.6,80.5,80.3,72.3,86.4,88.5,56.6,97.9,66.9,18.5,94.7,50.1,15.3,84.8,87.2,52.8,97.6,66.4,17.7,94.8,46.6,15.6,80.5,85.3,47.6,97.4,65.9,17.1,94.8,44.6,13.7,80.4,47.5,16.8,80.2,15.6,8.6,26.7,14.8,7.6,26.6
2023,zone,Equateur,Monieka,178,12,5,0.0,0.0,0.0,88.0,65.6,96.6,92.3,77.4,97.6,63.7,51.7,74.2,41.5,20.7,65.8,93.3,80.8,97.9,92.3,77.4,97.6,63.7,51.7,74.2,42.2,21.5,66.2,92.3,77.4,97.6,63.7,51.7,74.2,41.9,21.1,66.0,91.5,80.6,96.5,63.7,51.7,74.2,40.0,18.3,66.4,42.8,22.4,66.1,19.0,11.9,29.0,17.6,10.4,28.1
2023,zone,Equateur,Ntondo,178,14,5,33.0,23.7,43.8,58.6,46.2,69.9,58.1,45.8,69.5,36.6,22.3,53.8,24.9,12.8,42.9,48.6,41.6,55.6,57.2,46.5,67.3,32.6,22.2,45.2,23.8,12.9,39.8,55.3,41.9,68.0,32.7,21.9,45.7,24.2,13.6,39.3,54.3,41.5,66.5,32.2,21.5,45.3,24.2,13.6,39.3,25.8,14.1,42.6,8.7,6.6,11.3,9.9,7.5,12.9
2023,zone,Equateur,Wangata,177,11,5,2.1,0.4,10.4,89.4,82.3,93.8,89.6,71.7,96.7,75.8,41.9,93.2,55.4,30.3,78.0,58.1,47.2,68.3,93.4,82.6,97.7,77.6,45.0,93.6,56.3,34.0,76.3,88.7,70.3,96.3,73.3,44.9,90.2,55.2,30.9,77.2,83.1,58.7,94.5,68.6,37.7,88.8,47.9,25.0,71.7,65.2,42.3,82.8,37.9,20.5,59.1,38.1,19.8,60.6
2023,zone,Haut Katanga,Kafubu,153,13,5,15.1,7.4,28.3,78.9,66.8,87.4,77.1,61.5,87.6,69.0,50.0,83.2,62.5,45.6,76.9,78.1,63.5,87.9,77.9,60.3,89.1,70.7,53.8,83.3,62.5,45.6,76.9,77.9,60.3,89.1,66.2,48.1,80.5,59.3,41.1,75.3,77.8,64.5,87.1,66.9,49.5,80.7,60.9,44.3,75.3,63.0,46.8,76.7,42.9,32.1,54.4,41.7,30.9,53.4
2023,zone,Haut Katanga,Kamalondo,155,4,4,12.9,3.9,35.4,86.8,65.1,95.9,84.4,58.0,95.5,77.5,55.6,90.4,71.1,49.2,86.2,86.2,63.6,95.7,86.8,65.1,95.9,79.7,65.4,89.1,74.3,60.2,84.6,83.8,56.8,95.3,76.8,54.0,90.3,69.2,44.1,86.5,82.3,58.4,93.9,76.7,57.5,88.9,67.2,42.4,85.0,76.6,54.0,90.1,46.0,29.9,62.9,44.8,29.4,61.3
2023,zone,Haut Katanga,Kambove,152,11,5,53.0,35.4,69.8,46.4,29.5,64.2,47.0,30.2,64.6,37.6,22.4,55.5,32.8,19.6,49.3,46.5,30.7,63.2,47.0,30.2,64.6,38.3,23.3,55.9,33.5,20.6,49.5,46.4,28.6,65.1,37.6,22.4,55.5,32.8,19.6,49.3,42.5,25.9,60.9,36.3,21.7,54.0,31.6,18.9,47.7,39.1,24.7,55.7,21.8,11.8,36.8,21.3,11.9,35.3
2023,zone,Haut Katanga,Kampemba,152,22,5,26.7,18.1,37.5,70.2,55.6,81.6,70.2,58.4,79.8,63.1,51.0,73.7,52.9,42.5,63.0,70.8,57.5,81.2,71.6,60.1,80.8,63.5,53.3,72.6,53.5,43.6,63.1,71.2,60.5,80.0,63.7,53.1,73.1,52.5,43.0,61.9,67.9,54.4,79.0,61.9,50.6,72.1,52.3,42.0,62.4,61.0,49.7,71.3,25.8,16.5,37.9,25.2,16.3,36.8
2023,zone,Haut Katanga,Kapolowe,154,16,5,48.6,34.2,63.3,49.6,36.0,63.2,50.1,35.8,64.5,39.5,29.6,50.4,30.0,22.4,38.9,48.9,36.2,61.8,50.1,35.8,64.5,39.5,29.6,50.4,30.0,22.4,38.9,50.1,35.8,64.5,39.5,29.6,50.4,30.3,22.4,39.6,49.4,35.7,63.2,39.2,29.7,49.7,29.6,22.8,37.4,33.1,22.4,45.8,21.4,12.2,34.9,20.3,12.0,32.2
2023,zone,Haut Katanga,Kasenga,152,13,5,28.1,23.0,33.7,62.2,52.9,70.7,67.3,59.0,74.7,62.0,50.5,72.3,53.4,40.5,65.8,64.8,59.3,70.0,68.5,59.5,76.3,59.5,45.9,71.7,51.2,38.9,63.4,67.3,59.0,74.7,61.9,48.7,73.5,53.4,40.5,65.8,63.3,54.9,71.0,55.4,44.2,66.2,50.6,36.5,64.7,60.9,46.8,73.3,42.7,26.4,60.7,42.2,25.8,60.5
2023,zone,Haut Katanga,Kashobwe,151,12,5,36.7,26.3,48.5,57.7,48.0,66.9,59.2,43.1,73.5,49.2,34.4,64.1,39.4,25.1,55.8,61.8,49.9,72.4,60.4,46.1,73.0,48.2,33.5,63.3,40.0,24.7,57.7,59.2,43.1,73.5,49.2,34.4,64.1,38.8,23.8,56.2,53.0,40.1,65.4,44.0,30.0,59.0,35.1,21.5,51.7,45.3,30.6,60.9,23.7,11.7,42.2,23.7,11.7,42.2
2023,zone,Haut Katanga,Katuba,151,15,5,6.7,2.4,17.8,89.1,81.8,93.7,87.6,73.9,94.6,78.7,65.9,87.6,64.7,47.7,78.7,89.7,83.8,93.6,88.7,73.9,95.6,79.4,65.9,88.4,67.3,48.8,81.6,86.0,74.0,93.0,76.1,63.3,85.4,62.6,46.0,76.7,79.3,66.5,88.1,73.2,60.3,83.0,61.8,45.1,76.1,68.3,47.8,83.5,34.1,16.3,57.8,34.3,16.5,58.1
2023,zone,Haut Katanga,Kenya,160,19,5,9.6,4.6,18.8,79.2,65.8,88.3,87.3,76.9,93.3,62.2,45.7,76.4,47.5,35.6,59.6,76.9,59.1,88.4,88.6,78.2,94.4,69.7,53.7,82.0,48.9,34.1,63.9,86.7,73.4,93.9,65.5,47.2,80.2,49.2,36.1,62.3,77.0,63.7,86.5,60.5,39.2,78.5,37.6,24.3,53.1,71.8,56.5,83.4,37.0,18.1,61.1,35.5,21.1,53.1
2023,zone,Haut Katanga,Kikula,151,13,5,30.0,16.1,48.8,70.0,51.2,83.9,69.2,49.6,83.6,64.5,45.6,79.8,57.9,38.6,75.1,70.0,51.2,83.9,69.7,50.6,83.8,64.5,45.6,79.8,59.2,40.0,75.9,67.2,47.1,82.5,61.1,44.0,75.9,54.8,35.9,72.5,66.6,44.4,83.4,62.3,41.5,79.4,55.4,33.6,75.2,60.4,41.2,76.9,28.1,18.9,39.6,26.8,16.7,40.0
2023,zone,Haut Katanga,Kilela Balanda,149,11,5,51.7,40.5,62.8,44.7,37.2,52.5,47.7,36.2,59.4,36.1,27.2,46.1,26.5,20.6,33.4,46.1,37.1,55.3,47.7,36.2,59.4,36.1,27.2,46.1,26.5,20.6,33.4,47.7,36.2,59.4,36.1,27.2,46.1,26.5,20.6,33.4,43.2,34.1,52.8,34.8,26.7,43.9,25.9,20.8,31.7,31.1,24.1,39.2,18.0,12.1,25.9,18.0,12.1,25.9
2023,zone,Haut Katanga,Kilwa,185,24,6,21.5,16.5,27.6,72.4,63.4,79.8,67.4,58.6,75.1,38.0,28.1,49.0,25.3,16.2,37.3,72.7,62.6,80.9,71.4,66.9,75.5,47.7,38.4,57.1,29.9,19.1,43.6,63.8,56.1,70.9,38.2,29.3,48.0,25.3,16.2,37.3,62.2,57.1,67.1,35.9,27.8,44.8,24.5,16.3,35.2,47.1,39.7,54.6,31.5,26.8,36.5,31.5,27.1,36.2
2023,zone,Haut Katanga,Kipushi,153,16,5,31.7,15.3,54.3,65.9,41.7,83.9,67.4,47.1,82.7,56.2,32.2,77.6,47.8,23.8,72.8,65.2,40.6,83.7,68.3,45.7,84.7,56.2,32.2,77.6,48.7,24.5,73.5,67.4,47.1,82.7,56.2,32.2,77.6,47.8,23.8,72.8,67.4,47.1,82.7,56.2,32.2,77.6,47.1,23.0,72.6,54.1,28.8,77.4,32.4,20.2,47.5,31.4,20.6,44.8
2023,zone,Haut Katanga,Kisanga,157,20,5,20.4,10.6,35.5,66.3,51.2,78.7,75.4,62.5,85.0,63.2,48.1,76.1,41.5,29.9,54.1,67.5,52.7,79.5,75.2,62.5,84.6,68.6,55.1,79.5,44.5,33.6,55.9,74.4,60.9,84.4,58.4,45.0,70.7,40.3,26.5,55.9,70.1,55.5,81.4,54.5,36.5,71.4,28.7,20.5,38.6,56.7,43.3,69.2,21.6,18.2,25.3,23.2,19.4,27.5
2023,zone,Haut Katanga,Kowe,151,6,5,12.9,8.8,18.5,84.2,80.8,87.0,80.1,66.2,89.2,70.9,50.2,85.5,56.2,36.7,74.0,81.2,72.4,87.7,82.4,71.4,89.7,72.5,57.3,83.7,57.1,33.0,78.2,79.4,64.6,89.0,70.3,48.4,85.7,56.3,35.7,74.9,77.9,62.0,88.4,68.4,50.0,82.4,53.0,33.3,71.8,64.6,46.9,79.1,30.6,22.2,40.6,29.9,20.2,41.9
2023,zone,Haut Katanga,Likasi,151,10,5,25.0,13.0,42.5,73.3,55.9,85.6,73.8,53.0,87.6,66.9,49.2,80.8,62.0,45.2,76.3,72.5,55.1,84.9,74.4,55.2,87.3,67.5,51.2,80.4,62.0,45.2,76.3,73.8,53.0,87.6,65.1,44.9,81.0,60.2,41.3,76.4,70.7,48.9,85.9,63.7,44.8,79.1,58.5,39.9,74.9,64.1,48.0,77.4,33.5,21.5,48.1,32.4,21.7,45.3
2023,zone,Haut Katanga,Lubumbashi,187,23,6,9.3,4.1,20.0,87.2,72.3,94.7,85.9,67.3,94.7,81.2,66.6,90.4,76.7,59.8,87.9,85.5,69.9,93.8,86.8,73.1,94.1,79.8,66.0,88.9,74.4,60.3,84.7,86.5,64.7,95.7,79.8,65.3,89.3,72.4,60.3,81.9,83.0,58.3,94.4,76.9,53.8,90.5,65.3,49.8,78.1,81.7,61.5,92.6,42.2,29.6,56.0,40.9,28.9,54.0
2023,zone,Haut Katanga,Lukafu,156,12,5,58.7,42.3,73.4,38.8,25.1,54.5,36.1,23.8,50.6,30.7,22.1,41.0,24.5,17.4,33.2,40.6,26.4,56.5,38.8,25.3,54.1,32.0,22.1,43.9,24.0,16.8,33.0,36.1,23.8,50.6,30.7,22.1,41.0,24.5,17.4,33.2,34.1,21.7,49.2,27.3,18.6,38.2,23.5,16.1,33.1,28.7,21.2,37.6,16.2,7.6,31.3,14.8,7.4,27.5
2023,zone,Haut Katanga,Mitwaba,184,23,6,17.1,6.7,37.1,76.7,61.7,87.1,74.4,66.0,81.3,59.2,42.2,74.3,44.4,27.7,62.5,76.7,63.4,86.2,77.1,65.1,85.8,59.9,46.7,71.9,46.2,32.2,60.9,72.1,66.7,76.9,58.5,43.7,72.0,43.8,29.6,59.1,72.6,66.4,78.1,60.1,43.6,74.6,44.3,30.6,58.8,47.4,32.2,63.1,32.9,22.4,45.4,30.9,18.6,46.6
2023,zone,Haut Katanga,Mufunga Sampwe,182,23,6,18.9,6.9,42.6,76.9,53.7,90.6,77.2,53.0,91.0,61.4,34.6,82.7,47.8,20.4,76.5,76.9,53.7,90.6,77.6,53.2,91.4,61.4,34.6,82.7,48.8,21.2,77.1,77.2,53.0,91.0,61.4,34.6,82.7,47.8,20.4,76.5,77.2,53.0,91.0,61.4,34.6,82.7,47.8,20.4,76.5,48.8,21.2,77.2,35.6,13.5,66.1,35.0,13.4,65.2
2023,zone,Haut Katanga,Mumbunda,151,20,5,7.4,2.4,20.5,86.1,57.4,96.6,87.5,72.5,94.9,80.8,64.9,90.5,67.6,55.6,77.8,87.3,60.3,96.9,89.6,75.3,96.0,80.8,64.6,90.7,70.1,55.4,81.6,87.5,72.5,94.9,79.8,65.4,89.1,67.6,55.6,77.8,79.1,62.7,89.5,71.7,55.4,83.8,58.7,42.3,73.3,69.9,54.4,81.8,32.7,20.5,47.8,32.1,20.6,46.2
2023,zone,Haut Katanga,Panda,153,9,5,19.5,4.5,55.6,79.5,45.8,94.7,78.6,46.8,93.9,73.4,42.9,91.1,68.0,41.5,86.4,80.5,44.4,95.5,79.6,45.3,94.8,73.4,42.9,91.1,69.0,44.6,86.0,78.6,46.8,93.9,73.4,42.9,91.1,67.0,41.9,85.1,78.2,46.9,93.6,73.0,42.9,90.7,67.0,41.9,85.1,70.2,40.4,89.1,40.5,23.9,59.6,39.6,23.9,57.8
2023,zone,Haut Katanga,Pweto,157,17,5,28.6,20.7,38.2,63.4,50.2,74.9,60.9,43.8,75.7,36.6,22.9,52.9,27.5,18.5,38.7,60.0,45.1,73.2,64.3,52.2,74.9,46.3,31.4,62.0,34.4,23.0,48.0,60.3,43.7,74.8,35.8,22.7,51.4,27.5,18.5,38.7,55.3,39.8,69.8,37.4,21.2,57.1,25.0,16.5,36.0,53.3,38.9,67.1,31.3,19.6,46.1,31.3,19.6,46.1
2023,zone,Haut Katanga,Ruashi,183,26,6,28.2,16.1,44.5,67.9,52.7,80.0,68.4,48.8,83.1,59.2,43.5,73.3,51.1,37.6,64.4,70.8,55.3,82.6,67.8,49.3,82.0,60.3,44.9,74.0,50.2,37.5,63.0,68.4,48.8,83.1,59.2,43.5,73.3,51.1,37.6,64.4,66.0,50.7,78.6,59.3,43.6,73.3,50.0,37.3,62.6,55.5,39.8,70.1,27.6,20.0,36.7,27.6,20.0,36.7
2023,zone,Haut Katanga,Sakania,150,17,5,47.9,33.6,62.5,46.2,34.5,58.4,45.0,30.5,60.4,39.0,26.7,52.9,32.2,18.6,49.6,46.7,34.6,59.1,49.7,33.2,66.2,44.1,28.5,60.9,35.3,22.0,51.3,45.2,32.0,59.1,38.5,26.6,52.0,31.3,18.6,47.6,44.3,30.9,58.5,37.6,25.5,51.6,29.6,15.5,49.1,36.0,23.6,50.7,21.1,9.7,40.1,22.5,11.6,38.9
2023,zone,Haut Katanga,Tshamilemba,154,15,5,5.2,2.6,9.9,92.8,87.1,96.1,90.7,85.2,94.3,79.3,71.3,85.5,64.8,58.6,70.5,91.5,87.3,94.4,93.5,93.2,93.8,86.3,82.6,89.4,71.1,67.5,74.6,91.0,85.2,94.6,79.0,67.0,87.4,64.2,58.7,69.4,81.6,72.6,88.0,73.4,59.9,83.6,62.3,55.5,68.7,76.0,70.1,81.1,41.7,37.4,46.2,40.5,34.1,47.3
2023,zone,Haut Katanga,Vangu,152,11,5,4.5,1.4,13.3,91.4,81.6,96.2,87.5,82.9,91.1,81.5,74.1,87.2,67.6,55.2,77.9,91.7,82.1,96.4,89.2,85.8,91.8,85.1,76.8,90.8,70.4,59.9,79.1,86.3,79.1,91.4,79.5,69.1,87.1,66.3,51.2,78.7,84.3,73.5,91.2,79.2,68.0,87.2,64.7,47.2,79.0,70.5,60.5,78.8,30.2,21.7,40.3,29.8,22.2,38.7
2023,zone,Haut Lomami,Baka,149,4,4,7.9,3.4,17.0,92.1,83.0,96.6,91.1,78.0,96.8,87.0,71.8,94.6,86.1,72.6,93.6,91.6,80.7,96.7,91.6,80.7,96.7,85.3,73.6,92.4,84.0,73.1,91.0,91.1,78.0,96.8,86.1,72.6,93.6,85.3,72.5,92.7,91.6,80.7,96.7,85.8,74.9,92.4,78.4,62.5,88.8,89.4,79.9,94.7,70.2,59.4,79.2,68.9,60.0,76.5
2023,zone,Haut Lomami,Bukama,180,23,6,0.5,0.0,5.5,92.8,75.1,98.2,97.9,93.0,99.4,74.6,56.0,87.1,59.5,42.6,74.5,79.1,61.4,90.1,97.9,93.0,99.4,73.4,54.6,86.3,58.9,42.9,73.1,97.2,93.5,98.8,74.1,57.0,86.1,60.5,42.5,76.0,96.2,88.2,98.9,73.1,56.0,85.3,59.8,42.9,74.6,67.7,50.8,80.9,48.2,33.9,62.7,43.5,31.5,56.4
2023,zone,Haut Lomami,Butumba,151,17,5,0.0,0.0,0.0,99.1,91.8,99.9,96.5,71.4,99.7,84.0,69.5,92.3,68.7,59.4,76.8,75.3,62.3,84.9,96.5,71.4,99.7,83.1,70.4,91.0,70.5,61.2,78.3,95.9,76.5,99.4,83.1,70.4,91.0,68.7,59.4,76.8,94.5,82.6,98.4,82.0,69.0,90.4,66.1,54.0,76.3,77.4,67.6,84.9,38.5,27.6,50.8,35.9,25.8,47.5
2023,zone,Haut Lomami,Kabondo Dianda,149,20,5,0.0,0.0,0.0,92.4,80.8,97.2,100.0,100.0,100.0,93.2,84.7,97.2,77.2,71.9,81.8,69.7,61.9,76.5,99.3,92.1,99.9,92.5,86.6,95.9,76.9,69.1,83.3,100.0,100.0,100.0,93.2,84.7,97.2,76.7,70.6,81.9,100.0,100.0,100.0,93.2,84.7,97.2,76.3,70.3,81.4,78.1,72.6,82.9,38.7,28.6,49.8,37.1,26.8,48.8
2023,zone,Haut Lomami,Kabongo,249,40,8,11.1,7.7,15.7,87.7,82.5,91.6,86.2,81.9,89.6,75.7,68.6,81.7,62.8,51.3,73.0,86.5,81.1,90.6,87.5,83.6,90.6,70.7,63.8,76.8,61.5,51.6,70.5,86.2,81.9,89.6,74.8,66.6,81.6,62.4,50.6,72.9,78.9,69.9,85.8,68.2,56.3,78.2,55.8,44.0,67.0,70.8,62.8,77.7,43.5,38.8,48.3,43.0,38.9,47.2
2023,zone,Haut Lomami,Kamina,183,24,6,3.5,1.3,9.2,93.7,89.4,96.3,93.8,88.8,96.7,85.7,76.3,91.8,80.3,67.2,89.0,74.0,57.2,85.8,94.5,89.0,97.3,88.3,80.6,93.2,79.9,68.8,87.7,93.1,88.9,95.8,84.8,73.0,92.0,79.3,63.5,89.4,92.0,84.2,96.1,86.2,75.1,92.8,78.2,63.6,88.1,82.2,72.5,88.9,51.2,43.1,59.3,50.5,42.0,59.0
2023,zone,Haut Lomami,Kaniama,217,30,7,13.0,9.7,17.4,83.4,78.1,87.7,82.9,77.6,87.1,66.2,56.3,74.9,57.4,50.2,64.4,80.9,71.0,88.0,85.0,79.7,89.1,66.4,59.6,72.6,56.7,51.0,62.2,82.4,76.7,87.0,66.2,58.4,73.1,57.4,51.4,63.1,77.6,70.7,83.3,61.7,50.9,71.4,51.9,44.3,59.4,74.5,67.3,80.7,41.3,32.6,50.6,39.7,30.9,49.2
2023,zone,Haut Lomami,Kayamba,160,18,5,16.9,6.0,39.4,78.9,50.6,93.2,74.4,47.9,90.2,64.2,47.4,78.2,54.0,41.5,66.0,79.9,54.9,92.9,80.8,59.2,92.5,69.5,56.0,80.3,58.0,47.2,68.1,73.7,51.6,88.1,62.5,47.0,75.9,54.0,41.5,66.0,71.4,50.1,86.2,62.2,50.5,72.6,51.3,39.5,63.0,66.8,52.0,78.9,48.4,35.0,62.0,46.7,34.4,59.5
2023,zone,Haut Lomami,Kinda,152,14,5,9.5,6.6,13.4,89.7,85.0,93.1,90.5,86.6,93.4,85.0,79.0,89.4,74.5,61.5,84.3,89.7,85.0,93.1,90.5,86.6,93.4,77.9,65.8,86.6,70.9,52.9,84.0,90.5,86.6,93.4,81.6,76.8,85.6,71.2,64.8,76.8,87.7,82.9,91.3,80.1,72.7,85.9,71.7,60.6,80.7,78.4,69.5,85.3,47.5,29.7,65.9,48.0,33.5,62.9
2023,zone,Haut Lomami,Kinkondja,208,28,7,0.0,0.0,0.0,97.5,93.2,99.1,95.4,87.3,98.4,82.4,77.1,86.6,59.5,48.1,69.9,93.6,85.6,97.3,95.4,87.3,98.4,82.4,77.1,86.6,60.0,48.5,70.6,95.4,87.3,98.4,82.4,77.1,86.6,59.5,48.1,69.9,95.4,87.3,98.4,82.4,77.1,86.6,59.5,48.1,69.9,59.4,47.2,70.6,18.1,10.8,28.8,18.1,10.8,28.8
2023,zone,Haut Lomami,Kitenge,251,33,8,8.2,3.6,17.6,89.9,81.3,94.8,88.3,78.8,93.9,69.2,54.3,81.0,60.5,45.2,73.9,87.3,80.9,91.7,89.9,80.2,95.2,69.3,54.8,80.8,61.1,45.7,74.5,88.2,79.8,93.3,69.2,54.3,81.0,59.9,44.7,73.3,80.0,65.8,89.3,63.0,44.0,78.7,54.3,38.8,69.0,75.4,63.7,84.2,49.7,36.3,63.1,46.7,35.4,58.3
2023,zone,Haut Lomami,Lwamba,182,26,6,0.0,0.0,0.0,100.0,100.0,100.0,99.3,95.8,99.9,94.9,84.3,98.5,91.1,73.0,97.5,98.5,95.1,99.5,99.7,95.7,100.0,95.9,87.7,98.7,90.7,72.8,97.3,99.3,95.8,99.9,94.9,84.3,98.5,91.1,73.0,97.5,99.3,95.8,99.9,94.1,83.2,98.1,89.5,73.2,96.4,91.5,73.1,97.7,64.6,52.4,75.2,64.3,52.6,74.5
2023,zone,Haut Lomami,Malemba Nkulu,180,23,6,0.0,0.0,0.0,96.8,90.1,99.0,97.8,91.5,99.5,80.5,69.0,88.4,66.1,51.4,78.1,82.6,73.4,89.1,98.6,92.1,99.8,80.9,69.3,88.8,67.0,53.8,77.9,98.2,90.9,99.7,80.1,69.0,87.9,67.0,53.8,77.9,97.8,91.5,99.5,80.1,69.0,87.9,67.0,53.8,77.9,67.4,53.7,78.7,37.0,20.2,57.6,35.8,20.4,54.9
2023,zone,Haut Lomami,Mukanga,150,21,5,0.0,0.0,0.0,99.4,92.2,100.0,100.0,100.0,100.0,90.0,85.0,93.4,78.5,68.3,86.2,86.7,56.4,97.0,99.4,92.2,100.0,89.4,84.5,92.9,80.1,69.2,87.8,100.0,100.0,100.0,90.0,85.0,93.4,77.9,68.2,85.2,100.0,100.0,100.0,89.3,84.4,92.8,77.1,65.7,85.6,83.5,67.5,92.5,47.6,27.4,68.5,45.4,24.6,67.9
2023,zone,Haut Lomami,Mulongo,180,23,6,0.0,0.0,0.0,100.0,100.0,100.0,97.2,91.7,99.1,91.3,85.4,94.9,79.8,69.5,87.3,97.7,95.3,98.8,97.7,90.3,99.5,91.3,85.4,94.9,83.1,72.8,90.0,96.6,91.1,98.8,90.5,82.6,95.0,80.4,70.3,87.7,94.8,90.3,97.3,89.9,82.6,94.3,79.8,69.8,87.1,80.9,70.8,88.1,45.2,31.3,59.9,45.2,31.3,59.9
2023,zone,Haut Lomami,Songa,215,29,7,13.3,8.1,21.1,84.2,75.1,90.4,83.9,71.2,91.6,69.1,55.6,80.0,58.2,46.2,69.4,81.8,73.7,87.8,84.1,75.0,90.3,66.3,51.1,78.7,56.5,43.7,68.5,83.9,71.2,91.6,68.0,53.6,79.6,57.1,43.8,69.4,79.3,69.8,86.5,65.4,50.4,77.9,55.8,43.2,67.8,74.4,63.6,82.8,52.6,41.3,63.7,51.9,41.7,61.9
2023,zone,Haut Uele,Aba,151,16,5,30.9,14.7,53.6,45.3,27.1,64.8,65.0,38.3,84.8,48.6,20.7,77.4,37.4,18.7,60.8,60.0,43.1,74.9,67.3,42.8,85.0,48.9,23.2,75.1,37.7,16.9,64.3,63.0,37.8,82.7,45.8,18.3,76.2,36.6,17.4,61.4,57.3,35.6,76.6,43.1,21.0,68.4,30.4,15.0,51.9,52.4,34.7,69.6,30.9,14.5,54.2,30.9,16.8,49.9
2023,zone,Haut Uele,Boma Mangbetu,152,14,5,16.4,10.6,24.4,79.0,70.7,85.5,74.9,67.5,81.1,63.9,53.3,73.3,51.8,39.7,63.8,70.5,61.2,78.3,76.2,68.6,82.5,66.8,53.3,78.0,59.8,45.4,72.6,74.3,66.3,80.9,63.9,53.3,73.3,53.4,40.7,65.6,72.4,62.3,80.7,62.2,47.9,74.6,54.6,39.6,68.7,65.6,53.0,76.3,44.4,31.6,58.0,43.5,30.1,58.1
2023,zone,Haut Uele,Doruma,150,11,5,23.6,18.6,29.5,69.6,57.9,79.2,72.9,67.2,78.0,66.1,61.9,70.1,47.9,43.3,52.5,65.8,60.6,70.5,76.2,69.9,81.4,70.5,67.4,73.5,48.6,43.8,53.4,71.8,63.3,79.0,61.6,59.2,63.8,50.0,47.5,52.4,70.2,58.4,79.8,56.1,50.7,61.3,46.0,38.5,53.7,66.1,61.2,70.7,40.9,34.0,48.1,41.5,37.1,46.1
2023,zone,Haut Uele,Dungu,154,20,5,20.1,13.5,28.8,65.3,55.0,74.4,78.1,64.9,87.3,69.1,58.0,78.4,48.3,36.3,60.5,51.3,36.0,66.4,78.9,67.9,86.8,68.9,56.9,78.8,47.2,39.5,55.0,76.6,62.3,86.6,66.5,52.2,78.2,47.4,35.0,60.3,72.2,60.9,81.3,60.5,47.6,72.1,45.2,34.1,56.9,58.2,51.1,65.0,29.7,18.8,43.5,29.0,18.9,41.8
2023,zone,Haut Uele,Faradje,152,18,5,35.5,19.4,55.7,49.1,38.2,60.1,55.6,35.5,74.0,41.3,25.4,59.2,23.3,11.2,42.1,42.9,33.9,52.4,59.2,41.1,75.0,46.5,30.9,62.8,26.0,10.9,50.2,52.8,33.2,71.6,39.2,23.1,58.1,25.3,11.4,47.2,48.5,27.6,69.9,36.5,20.3,56.4,23.3,10.2,44.9,34.0,20.3,51.1,11.6,7.8,17.1,13.0,8.3,19.8
2023,zone,Haut Uele,Gombari,156,15,5,29.7,10.3,60.8,54.8,28.8,78.4,62.5,33.6,84.6,57.6,31.7,79.9,45.6,22.7,70.5,56.2,33.7,76.4,65.3,35.9,86.4,59.0,30.4,82.6,49.6,22.7,76.7,63.1,33.5,85.3,54.5,28.2,78.5,40.7,20.4,64.9,57.2,30.6,80.2,50.0,24.2,75.8,35.8,17.3,59.9,46.4,25.8,68.3,32.9,19.5,49.8,31.0,18.0,48.0
2023,zone,Haut Uele,Isiro,158,20,5,34.7,30.5,39.2,54.6,47.0,62.0,60.3,51.0,68.8,49.5,29.3,69.9,35.6,23.6,49.9,49.6,42.6,56.7,64.5,60.7,68.1,50.5,40.0,61.0,40.4,29.4,52.5,59.4,49.7,68.5,50.4,27.9,72.7,38.1,22.3,56.8,54.4,47.6,61.1,42.9,28.4,58.8,33.7,21.4,48.8,47.2,34.8,59.9,28.0,19.9,37.8,28.5,17.1,43.5
2023,zone,Haut Uele,Makoro,153,15,5,58.4,45.8,70.1,32.8,22.7,44.7,38.9,27.2,51.9,26.5,19.0,35.7,16.6,12.4,21.9,35.3,23.3,49.5,38.9,27.4,51.8,27.0,20.0,35.4,17.6,13.7,22.3,38.4,26.1,52.4,26.5,19.0,35.7,16.6,12.4,21.9,30.9,22.8,40.3,22.1,15.6,30.3,14.5,11.1,18.7,25.2,20.2,31.0,14.2,8.3,23.2,13.4,6.7,24.8
2023,zone,Haut Uele,Niangara,154,16,5,27.3,19.2,37.3,65.1,56.9,72.5,64.4,48.9,77.4,52.8,33.1,71.8,34.6,19.3,53.9,63.3,48.7,75.8,69.5,58.4,78.8,56.3,37.7,73.3,42.5,22.9,64.7,63.6,49.8,75.6,50.0,29.7,70.3,35.4,19.1,56.1,57.0,51.1,62.6,44.7,30.5,59.7,31.5,17.4,50.0,47.1,25.6,69.7,29.4,18.7,42.9,27.3,15.9,42.8
2023,zone,Haut Uele,Pawa,154,18,5,13.6,6.6,26.0,77.0,64.6,86.0,85.9,73.2,93.2,74.9,62.4,84.3,62.4,49.2,74.0,71.8,65.2,77.7,85.9,73.2,93.2,75.8,67.1,82.8,64.8,59.0,70.1,85.3,70.9,93.2,73.5,63.4,81.6,62.6,49.6,74.0,81.6,70.8,89.1,69.9,61.1,77.4,60.6,47.2,72.5,70.3,61.1,78.1,47.1,29.5,65.4,47.8,29.9,66.3
2023,zone,Haut Uele,Rungu,153,14,5,28.9,20.7,38.8,66.4,54.4,76.6,60.4,41.6,76.5,50.9,39.6,62.2,37.3,31.1,44.0,65.4,57.7,72.5,65.0,51.0,76.7,55.8,48.9,62.5,37.4,29.6,45.8,59.7,41.6,75.5,50.3,39.9,60.7,35.3,30.3,40.6,56.3,39.4,71.8,42.4,34.1,51.1,32.4,27.1,38.2,46.9,42.3,51.5,33.1,25.6,41.6,32.7,27.7,38.2
2023,zone,Haut Uele,Wamba,153,17,5,40.7,19.7,65.7,54.6,26.3,80.1,50.5,29.3,71.6,44.2,19.7,72.0,34.9,12.4,67.0,53.5,27.3,77.9,55.4,34.4,74.6,49.9,25.2,74.6,38.9,16.9,66.6,50.4,32.0,68.8,43.1,19.7,70.2,33.3,12.0,64.7,49.0,29.9,68.3,38.6,19.1,62.7,31.0,13.5,56.5,42.6,19.1,69.9,31.4,16.7,51.1,29.7,15.4,49.5
2023,zone,Haut Uele,Watsa,158,18,5,25.3,12.9,43.5,59.7,43.5,74.0,73.0,57.6,84.3,61.3,44.1,76.0,51.3,39.1,63.4,52.3,35.6,68.6,73.2,57.3,84.7,63.2,42.6,80.0,56.1,39.1,71.8,72.7,57.9,83.7,61.1,43.9,76.0,51.8,39.9,63.5,68.6,59.1,76.8,56.6,44.1,68.2,40.7,24.8,58.9,60.4,42.9,75.6,35.6,19.1,56.4,35.3,18.9,56.1
2023,zone,Ituri,Adi,154,19,5,5.1,3.5,7.3,71.9,52.7,85.4,86.1,67.1,94.9,65.2,42.2,82.8,45.7,34.1,57.9,71.3,50.2,85.9,88.7,77.0,94.9,68.4,48.5,83.3,46.6,35.8,57.8,86.9,71.5,94.6,64.4,42.7,81.4,45.4,35.2,56.0,82.1,61.0,93.1,58.1,34.7,78.4,30.9,21.8,41.9,49.9,38.8,61.0,37.5,27.2,49.1,36.0,25.4,48.2
2023,zone,Ituri,Adja,152,18,5,0.0,0.0,0.0,89.9,73.8,96.6,97.8,90.8,99.5,93.0,79.2,97.9,78.2,50.6,92.6,74.5,62.5,83.7,91.2,86.5,94.4,83.7,80.4,86.5,67.0,54.1,77.7,97.6,91.5,99.3,93.5,80.4,98.0,81.8,51.2,95.0,94.6,90.1,97.1,90.5,80.2,95.8,78.4,50.7,92.8,81.0,57.2,93.2,65.8,46.5,81.0,65.3,48.8,78.7
2023,zone,Ituri,Angumu,153,22,5,1.0,0.2,5.6,80.3,76.9,83.3,96.5,81.8,99.4,84.3,71.3,92.0,66.8,50.3,80.0,43.6,28.7,59.8,98.1,87.3,99.7,85.1,72.0,92.6,66.4,48.4,80.6,96.5,81.8,99.4,84.3,71.3,92.0,65.9,49.5,79.2,92.9,86.3,96.4,78.6,66.5,87.2,58.9,43.0,73.1,69.2,54.0,81.0,42.7,38.4,47.1,38.4,33.0,44.2
2023,zone,Ituri,Ariwara,152,22,5,2.6,0.8,7.9,78.4,65.5,87.5,89.5,84.0,93.2,74.7,55.7,87.4,60.5,35.6,81.0,70.5,54.7,82.6,91.4,84.5,95.5,74.7,55.7,87.4,64.5,40.2,83.1,90.2,83.9,94.2,74.0,53.2,87.6,59.9,35.9,80.0,88.8,80.4,93.9,73.9,52.8,87.8,57.9,35.0,77.8,66.5,42.1,84.4,38.3,28.0,49.6,37.7,28.2,48.2
2023,zone,Ituri,Aru,182,25,6,6.1,2.7,13.6,77.8,70.9,83.4,79.1,58.9,90.9,64.7,40.4,83.2,48.1,31.7,64.8,75.7,66.2,83.2,78.3,56.3,91.0,64.2,41.6,81.9,50.8,33.5,67.8,78.4,56.5,91.0,64.1,40.3,82.5,48.3,31.7,65.3,76.5,58.9,88.1,60.1,37.3,79.2,42.4,27.1,59.3,53.5,34.4,71.7,28.1,19.1,39.1,25.9,18.0,35.7
2023,zone,Ituri,Aungba,152,21,5,2.9,1.1,7.4,76.8,60.1,87.9,84.4,78.2,89.1,56.4,41.7,70.1,35.5,21.5,52.6,61.4,38.8,79.9,85.6,78.1,90.9,58.5,44.0,71.6,35.7,25.0,48.1,84.8,80.7,88.2,56.5,43.8,68.5,36.3,21.5,54.3,78.7,69.3,85.8,53.5,40.5,66.1,30.8,19.2,45.5,55.2,47.2,63.0,28.3,20.1,38.3,28.8,21.8,37.0
2023,zone,Ituri,Bambu,156,14,5,8.8,5.3,14.4,57.6,51.0,64.0,84.1,76.8,89.5,67.3,48.4,81.9,51.2,36.0,66.1,51.5,46.2,56.8,87.6,83.9,90.6,71.9,60.5,81.0,48.3,34.6,62.3,85.3,77.5,90.7,66.3,45.4,82.4,49.9,33.3,66.6,77.8,63.0,87.8,64.4,45.1,80.0,45.6,31.5,60.5,58.8,52.1,65.2,36.6,33.0,40.3,32.0,27.1,37.4
2023,zone,Ituri,Biringi,152,19,5,1.3,0.1,14.7,80.3,68.8,88.3,93.8,89.8,96.3,79.8,76.1,83.1,58.5,54.0,62.9,60.1,40.3,77.0,90.9,82.3,95.5,76.5,62.8,86.2,53.9,44.9,62.6,92.5,89.4,94.8,79.2,73.8,83.7,54.0,41.7,65.9,82.9,67.0,92.1,71.3,60.5,80.2,52.4,42.4,62.2,68.4,55.9,78.8,49.2,38.7,59.9,48.3,40.2,56.5
2023,zone,Ituri,Boga,149,10,5,8.8,4.3,17.1,84.1,79.6,87.7,88.2,80.5,93.1,68.3,49.6,82.5,54.9,28.7,78.6,64.8,55.6,73.1,86.6,72.8,93.9,63.4,43.6,79.5,51.8,23.3,79.2,87.2,77.0,93.3,66.4,49.5,80.0,53.5,28.9,76.5,85.0,75.5,91.3,60.5,47.6,72.0,48.5,29.3,68.2,61.6,27.1,87.3,38.4,18.3,63.5,33.3,17.5,53.9
2023,zone,Ituri,Bunia,182,23,6,2.9,0.8,10.3,84.4,63.9,94.3,96.7,89.9,99.0,91.8,84.9,95.7,79.1,70.3,85.8,54.4,29.5,77.3,95.9,90.6,98.3,89.9,83.9,93.9,78.9,70.8,85.2,96.2,90.9,98.5,90.4,83.8,94.5,80.3,72.7,86.2,94.8,86.3,98.1,88.3,78.1,94.1,76.6,67.3,83.9,86.7,81.3,90.7,53.6,47.1,60.1,52.0,43.0,60.8
2023,zone,Ituri,Fataki,151,14,5,3.0,1.2,7.8,66.9,48.8,81.1,95.0,90.1,97.6,78.1,65.6,86.9,54.0,39.4,67.9,32.7,18.3,51.3,93.4,86.0,97.0,77.5,63.9,87.0,53.5,37.1,69.2,94.0,86.8,97.4,77.0,61.3,87.6,52.6,40.8,64.1,82.2,72.9,88.8,55.5,39.9,70.2,37.2,25.0,51.4,70.1,58.8,79.3,51.4,33.3,69.2,42.7,32.4,53.7
2023,zone,Ituri,Gety,151,18,5,1.8,0.4,7.2,49.1,36.9,61.4,97.3,88.7,99.4,92.1,81.2,97.0,81.5,68.5,89.9,36.1,24.7,49.4,95.1,85.0,98.5,90.2,77.4,96.2,79.7,65.2,89.2,97.6,88.6,99.5,93.4,83.0,97.6,83.4,73.1,90.3,96.0,89.5,98.5,89.9,80.1,95.2,78.9,69.8,85.7,84.8,71.8,92.4,53.7,42.5,64.6,34.9,25.2,46.1
2023,zone,Ituri,Jiba,150,14,5,6.7,3.1,13.9,58.2,38.0,76.1,92.6,84.4,96.7,82.1,71.1,89.6,63.3,50.0,74.9,68.0,45.0,84.7,91.4,79.4,96.7,73.0,64.6,79.9,57.3,47.6,66.4,92.6,84.4,96.7,78.8,70.0,85.6,61.5,51.7,70.4,86.0,71.0,93.9,73.3,58.3,84.3,49.3,29.9,68.9,72.5,66.2,78.0,44.1,31.4,57.5,34.8,26.1,44.6
2023,zone,Ituri,Kambala,152,15,5,0.8,0.1,5.5,91.7,74.8,97.6,91.6,69.9,98.1,73.9,53.6,87.5,46.1,27.2,66.2,63.0,41.3,80.4,92.9,86.6,96.4,76.6,65.4,85.0,50.8,36.7,64.8,86.2,57.1,96.7,71.2,43.2,88.9,44.0,24.1,66.0,85.4,77.9,90.6,67.3,53.9,78.3,37.4,23.1,54.3,61.0,51.3,69.8,34.4,29.4,39.9,37.5,25.3,51.5
2023,zone,Ituri,Kilo,145,10,4,4.3,2.2,8.2,74.4,68.0,79.9,90.6,86.1,93.7,74.3,60.2,84.7,55.0,33.5,74.8,71.1,63.5,77.6,94.3,89.9,96.8,75.9,65.3,84.0,55.0,33.6,74.7,87.2,81.5,91.3,68.9,51.0,82.5,53.2,32.8,72.5,78.4,65.1,87.6,67.3,52.9,79.1,51.4,39.8,62.8,72.3,67.0,77.1,36.6,28.0,46.2,36.9,27.0,48.0
2023,zone,Ituri,Komanda,147,17,5,8.9,2.7,25.1,78.2,62.1,88.8,87.1,70.1,95.1,79.4,60.0,90.9,60.0,37.5,79.0,59.6,45.6,72.2,86.6,70.6,94.6,79.4,60.4,90.7,64.8,43.4,81.6,86.3,68.9,94.7,79.9,62.6,90.4,61.9,38.0,81.2,74.7,58.7,85.9,64.9,46.2,79.9,38.6,22.8,57.1,68.7,41.6,87.1,37.0,22.9,53.7,33.7,21.1,49.2
2023,zone,Ituri,Laybo,149,17,5,2.8,0.5,13.4,77.2,63.0,87.1,90.4,76.2,96.5,65.2,49.2,78.3,42.7,20.5,68.3,74.9,66.9,81.5,91.0,82.2,95.7,68.6,53.6,80.5,46.1,23.6,70.2,91.0,79.4,96.4,63.5,49.2,75.7,43.8,22.9,67.2,88.2,75.9,94.6,60.7,45.1,74.3,41.6,21.9,64.4,51.2,35.8,66.3,33.4,23.1,45.6,30.7,21.0,42.5
2023,zone,Ituri,Linga,153,16,5,6.4,2.3,16.2,70.9,54.1,83.4,91.6,81.0,96.5,71.0,55.2,82.9,54.2,46.2,62.1,61.3,48.0,73.0,84.3,79.1,88.4,59.8,56.3,63.2,42.2,37.2,47.4,88.7,74.5,95.5,70.0,52.7,83.0,50.8,41.4,60.2,79.8,65.0,89.4,56.3,48.6,63.7,41.6,36.5,46.9,53.3,43.9,62.4,39.6,28.9,51.4,33.6,21.5,48.3
2023,zone,Ituri,Lita,155,14,5,4.5,1.8,10.4,65.2,41.3,83.3,91.7,82.3,96.3,76.9,70.9,81.9,64.9,58.4,70.8,63.0,44.1,78.6,92.4,80.4,97.3,76.2,69.3,82.0,60.3,53.9,66.3,91.2,81.2,96.1,72.9,67.0,78.2,59.1,46.9,70.3,89.8,78.2,95.5,71.7,69.8,73.4,58.0,52.9,63.0,76.2,66.4,83.9,49.4,21.3,77.9,46.3,19.6,75.3
2023,zone,Ituri,Logo,182,26,6,6.2,2.0,18.1,73.6,60.5,83.5,92.7,80.8,97.4,76.4,57.4,88.6,56.6,39.8,72.1,48.0,42.7,53.3,90.5,79.4,95.9,75.2,57.3,87.3,51.1,34.4,67.6,91.5,80.5,96.6,74.8,55.4,87.6,53.9,36.9,70.0,86.2,75.1,92.8,64.7,43.1,81.5,43.6,28.9,59.6,67.5,54.9,78.0,39.4,28.2,51.8,37.7,28.3,48.1
2023,zone,Ituri,Mahagi,157,17,5,4.2,1.7,9.7,90.0,82.3,94.6,93.1,85.7,96.8,80.9,68.8,89.0,57.5,39.0,74.1,55.0,38.3,70.6,91.0,82.2,95.6,80.3,66.5,89.4,56.2,39.9,71.3,92.5,82.6,97.0,78.4,61.2,89.4,55.8,33.6,75.9,86.4,70.1,94.5,69.5,54.3,81.4,40.6,23.5,60.4,64.5,53.5,74.1,39.4,27.8,52.2,38.6,30.6,47.2
2023,zone,Ituri,Mambasa,150,17,5,3.5,1.4,8.1,56.4,46.3,66.0,91.0,80.9,96.0,57.1,32.6,78.6,38.0,20.0,60.1,31.3,19.0,46.9,89.6,78.1,95.4,57.8,32.8,79.3,36.1,19.3,57.2,90.3,82.4,94.9,60.4,38.0,79.1,38.6,19.6,61.9,85.4,78.1,90.6,57.5,36.3,76.2,34.7,17.9,56.6,41.3,24.0,61.0,23.0,14.3,34.8,21.7,13.1,34.0
2023,zone,Ituri,Mandima,147,18,5,7.3,2.6,18.9,49.1,32.8,65.6,89.1,80.8,94.1,77.5,68.3,84.5,53.6,40.9,65.7,24.7,15.8,36.5,85.2,77.0,90.9,68.1,58.7,76.2,43.6,36.2,51.2,89.1,80.8,94.1,77.0,67.3,84.4,50.7,37.9,63.5,83.8,79.1,87.7,64.6,58.1,70.6,38.4,25.8,52.8,69.8,53.5,82.3,36.9,19.9,58.0,35.2,20.0,54.2
2023,zone,Ituri,Mangala,151,11,5,7.0,3.2,14.7,59.9,50.2,68.8,88.1,86.2,89.7,67.5,54.4,78.4,43.5,32.9,54.8,55.8,46.6,64.7,88.1,86.2,89.7,70.4,62.3,77.3,43.8,28.8,60.0,88.6,86.7,90.3,67.3,56.3,76.7,43.8,29.8,59.0,84.2,78.4,88.7,68.1,54.0,79.5,41.1,27.8,55.9,53.3,42.6,63.7,29.1,19.5,41.1,27.9,18.1,40.2
2023,zone,Ituri,Mongbwalu,151,12,5,4.3,2.8,6.5,55.1,34.4,74.2,92.8,89.0,95.3,79.0,65.4,88.3,62.9,49.5,74.6,45.3,29.2,62.5,93.4,90.2,95.7,81.4,66.9,90.5,64.4,52.1,75.1,92.2,84.7,96.2,78.8,64.9,88.2,62.8,50.7,73.5,91.6,81.4,96.4,79.4,67.4,87.9,62.0,53.2,70.1,67.8,54.8,78.6,45.3,37.0,53.9,44.9,36.7,53.4
2023,zone,Ituri,Nia Nia,151,9,5,4.7,1.9,10.9,46.5,40.7,52.5,90.4,82.9,94.8,58.5,49.8,66.7,37.2,32.0,42.7,33.7,20.1,50.8,80.8,61.5,91.7,52.9,48.9,56.8,32.4,21.6,45.3,89.6,81.9,94.3,58.3,51.7,64.6,37.4,30.7,44.8,84.7,72.9,92.0,52.4,39.6,64.9,27.2,18.2,38.6,51.5,38.7,64.0,28.7,16.8,44.6,25.6,16.2,38.0
2023,zone,Ituri,Nizi,149,11,5,1.4,0.2,8.9,53.2,28.2,76.8,92.3,75.0,98.0,65.5,53.2,76.1,38.4,34.0,43.0,43.7,17.8,73.6,92.2,75.8,97.8,54.1,42.5,65.2,28.4,18.3,41.3,91.6,72.2,97.9,64.8,52.7,75.2,37.9,33.1,42.9,87.0,59.7,96.8,53.5,40.5,66.0,29.3,22.6,37.1,47.8,36.2,59.7,23.5,17.5,30.7,23.5,17.5,30.7
2023,zone,Ituri,Nyankunde,151,11,5,2.1,0.8,5.4,77.0,64.6,86.1,92.5,85.1,96.3,66.4,51.6,78.6,33.9,17.8,54.7,43.0,30.4,56.7,91.7,85.8,95.3,64.0,49.1,76.6,35.5,17.7,58.5,91.6,85.8,95.2,65.7,49.3,79.0,35.1,17.8,57.5,88.9,77.0,95.0,63.7,44.2,79.6,25.9,11.4,48.8,43.6,21.8,68.2,21.5,9.8,40.7,20.3,9.6,37.8
2023,zone,Ituri,Nyarambe,188,23,6,6.7,3.0,14.4,72.0,57.3,83.1,90.6,80.8,95.7,76.6,60.6,87.5,65.3,48.0,79.3,53.7,43.2,63.8,90.6,80.8,95.7,75.0,60.7,85.4,61.6,47.5,74.0,90.1,78.4,95.8,76.8,59.8,88.0,65.1,48.4,78.8,85.2,71.7,92.9,72.5,56.1,84.5,58.1,41.7,72.8,69.0,51.4,82.5,47.5,32.7,62.8,45.3,29.8,61.6
2023,zone,Ituri,Rethy,150,22,5,4.2,1.1,15.0,75.9,61.1,86.3,93.6,70.4,98.9,84.0,72.1,91.4,66.6,56.5,75.4,72.1,64.0,79.1,93.6,70.4,98.9,80.3,67.3,89.0,57.8,49.5,65.7,94.2,74.1,98.9,81.4,70.1,89.1,62.7,49.9,73.9,87.5,69.0,95.7,75.9,65.2,84.1,60.2,47.0,72.1,74.1,63.0,82.8,50.7,43.5,58.0,42.6,37.1,48.3
2023,zone,Ituri,Rimba,152,22,5,0.0,0.0,0.0,95.7,89.8,98.3,100.0,100.0,100.0,96.1,85.3,99.1,85.0,79.0,89.4,71.6,58.9,81.7,97.2,92.7,99.0,86.7,80.6,91.1,74.3,63.9,82.6,99.4,92.6,100.0,94.9,86.0,98.3,81.1,74.7,86.1,96.0,92.3,98.0,91.5,84.2,95.6,77.8,66.8,85.9,85.6,74.0,92.5,60.1,48.5,70.7,57.3,49.9,64.4
2023,zone,Ituri,Rwampara,149,14,5,1.9,0.6,6.3,67.8,60.6,74.3,91.2,84.5,95.2,76.9,67.4,84.2,47.7,30.2,65.9,43.0,33.6,53.0,91.8,88.3,94.3,75.1,68.5,80.6,51.2,32.8,69.2,91.2,84.5,95.2,76.4,68.0,83.1,50.8,35.9,65.5,87.1,81.6,91.1,66.7,57.9,74.5,40.5,27.2,55.3,52.2,35.8,68.3,27.6,20.2,36.3,22.3,12.0,37.6
2023,zone,Ituri,Tchomia,155,13,5,3.4,2.0,5.8,76.4,37.9,94.5,93.2,88.5,96.1,79.8,58.6,91.7,73.9,42.9,91.4,64.8,42.0,82.4,93.1,87.3,96.3,80.4,64.0,90.5,73.6,46.0,90.1,94.0,88.1,97.1,79.0,59.1,90.8,73.2,43.3,90.7,91.1,83.9,95.3,75.1,56.8,87.4,68.1,40.7,86.9,75.6,47.3,91.5,41.1,29.6,53.7,36.0,29.5,43.1
2023,zone,Kasai,Banga Lubaka,150,18,5,6.6,2.1,18.9,88.9,73.0,96.0,82.3,72.5,89.1,62.6,46.8,76.1,51.9,34.8,68.5,87.3,72.9,94.6,84.2,76.4,89.8,63.3,47.5,76.6,51.9,34.8,68.5,82.3,72.5,89.1,62.0,45.8,75.9,51.9,34.8,68.5,82.3,72.5,89.1,61.3,44.6,75.8,50.6,34.7,66.4,55.1,36.2,72.7,28.9,16.3,45.9,27.6,17.0,41.5
2023,zone,Kasai,Bulape,154,19,5,18.3,5.7,45.1,65.6,37.2,86.0,70.6,45.7,87.3,59.1,37.7,77.6,50.0,30.1,69.9,69.8,42.9,87.6,76.8,53.4,90.5,43.8,23.5,66.3,34.5,15.6,60.1,70.0,46.1,86.5,58.6,38.1,76.5,49.5,30.4,68.6,67.4,42.9,85.0,55.8,37.6,72.6,46.5,28.1,66.0,62.0,44.4,76.9,38.0,22.4,56.6,33.3,19.3,51.1
2023,zone,Kasai,Dekese,178,23,6,50.2,37.4,63.0,30.4,21.3,41.2,36.7,26.4,48.5,25.1,15.6,37.7,14.1,8.2,23.1,34.7,23.4,48.1,46.6,33.8,59.7,17.6,10.7,27.5,6.8,3.0,14.5,37.2,26.6,49.3,26.1,15.9,39.8,14.6,8.2,24.6,30.8,22.1,41.1,22.1,13.1,34.8,11.8,6.0,22.0,25.5,16.1,37.9,17.6,14.3,21.6,17.1,13.8,21.0
2023,zone,Kasai,Ilebo,151,19,5,30.0,20.8,41.1,51.8,40.0,63.4,55.5,40.7,69.4,41.1,35.6,46.9,28.7,23.0,35.3,61.6,51.4,70.9,66.7,55.9,76.0,21.1,14.8,29.1,11.6,8.1,16.3,56.0,40.9,70.1,41.7,36.4,47.2,28.7,23.0,35.3,54.6,43.8,65.0,39.0,33.7,44.6,27.6,24.7,30.6,55.6,46.5,64.4,32.3,26.4,38.8,31.5,28.0,35.3
2023,zone,Kasai,Kakenge,179,24,6,6.7,3.2,13.4,89.2,78.3,95.0,83.6,76.5,88.9,74.6,61.7,84.3,54.9,41.5,67.7,85.2,70.9,93.1,85.3,75.3,91.7,67.8,54.3,78.8,42.7,30.3,56.1,81.2,75.2,86.0,63.5,51.3,74.2,48.0,36.6,59.6,79.5,69.0,87.0,69.5,55.9,80.4,48.8,34.7,63.2,68.6,51.7,81.8,40.9,29.9,52.9,44.1,31.5,57.5
2023,zone,Kasai,Kalonda Ouest,213,28,7,33.5,22.3,46.8,54.3,36.6,70.9,46.2,31.6,61.5,39.4,26.0,54.6,27.8,15.9,43.9,58.4,40.1,74.7,55.2,48.4,61.8,44.0,34.2,54.4,28.9,18.5,42.0,44.3,29.6,60.1,36.0,22.1,52.6,26.4,15.1,42.1,44.5,30.6,59.4,37.5,24.5,52.7,26.4,15.2,41.7,36.0,24.9,48.9,31.0,18.1,47.7,30.6,18.9,45.4
2023,zone,Kasai,Kamonia,176,25,6,29.0,21.5,37.9,62.0,51.4,71.6,50.8,37.7,63.7,32.5,21.1,46.3,19.4,9.2,36.5,49.2,30.6,68.0,59.2,43.9,72.9,35.2,21.0,52.5,20.4,9.1,39.7,49.3,37.9,60.8,32.1,21.0,45.7,19.4,9.2,36.5,49.5,37.8,61.3,31.2,21.0,43.7,19.3,9.0,36.6,22.6,12.0,38.5,12.6,5.2,27.4,12.6,5.6,26.1
2023,zone,Kasai,Kamwesha,210,28,7,35.5,21.8,51.9,45.5,31.5,60.2,50.8,39.6,61.9,34.8,24.1,47.3,23.0,13.3,36.7,47.0,32.5,62.0,59.8,44.4,73.6,44.7,31.4,58.9,26.6,15.8,41.2,46.5,36.9,56.3,32.6,21.7,45.7,22.5,12.4,37.1,42.5,31.9,53.9,30.4,18.3,45.9,21.5,11.9,35.9,29.6,18.0,44.5,16.1,9.6,25.6,15.0,8.7,24.5
2023,zone,Kasai,Kanzala,165,17,5,32.9,20.7,47.9,61.0,43.2,76.3,53.0,34.4,70.8,42.1,24.7,61.6,31.7,17.9,49.6,59.4,42.8,74.1,62.9,46.7,76.6,49.7,33.1,66.4,34.7,19.2,54.4,52.3,32.9,71.1,40.9,23.1,61.4,31.7,17.9,49.7,51.0,32.5,69.2,41.4,22.7,63.0,31.7,17.9,49.7,38.9,25.0,54.9,21.8,11.5,37.6,23.1,12.1,39.5
2023,zone,Kasai,Kitangwa,214,28,7,3.3,1.4,7.9,85.2,73.3,92.4,79.9,54.7,92.9,62.5,40.5,80.4,50.0,34.3,65.6,91.0,83.3,95.4,83.5,62.5,93.9,67.8,44.6,84.6,53.2,35.3,70.3,78.6,55.3,91.6,63.2,40.5,81.2,48.8,33.4,64.4,78.1,56.2,90.9,63.3,42.0,80.4,48.5,33.6,63.7,53.7,35.0,71.4,32.8,22.0,45.8,33.6,23.0,46.2
2023,zone,Kasai,Luebo,181,26,6,14.4,9.7,20.8,74.5,64.3,82.6,69.3,58.6,78.3,56.8,42.8,69.8,39.0,28.2,51.1,82.7,75.2,88.3,73.8,66.0,80.4,55.8,45.5,65.7,34.0,29.1,39.3,68.7,58.4,77.5,49.1,40.4,57.9,35.1,26.4,45.0,67.1,57.2,75.7,56.1,44.2,67.3,39.4,28.5,51.4,54.2,41.5,66.3,44.2,30.8,58.5,39.7,27.4,53.5
2023,zone,Kasai,Mikope,177,23,6,6.5,3.1,13.1,80.5,72.9,86.4,86.6,76.4,92.8,75.1,60.9,85.4,62.3,49.7,73.5,88.6,82.6,92.7,87.2,77.7,93.0,75.7,60.9,86.2,65.6,50.5,78.1,86.6,76.4,92.8,75.1,60.9,85.4,62.3,49.7,73.5,85.0,74.2,91.8,74.8,60.3,85.2,64.6,51.5,75.8,67.4,53.3,78.9,58.0,46.7,68.4,58.6,48.9,67.7
2023,zone,Kasai,Mushenge,181,24,6,11.3,5.2,22.9,78.9,66.1,87.8,85.3,73.4,92.5,79.5,63.1,89.8,69.0,52.6,81.7,84.8,69.6,93.1,87.2,76.0,93.7,69.9,53.0,82.7,55.7,36.9,73.0,84.9,72.4,92.3,77.5,63.3,87.3,66.9,51.3,79.5,79.8,67.2,88.3,72.7,57.2,84.1,62.8,49.2,74.6,70.6,55.2,82.4,40.1,25.0,57.3,38.7,24.1,55.6
2023,zone,Kasai,Mutena,148,20,5,25.4,18.1,34.6,64.9,56.7,72.2,53.2,31.7,73.7,36.0,20.0,55.8,26.3,15.5,41.0,56.2,45.6,66.3,62.2,39.1,80.8,41.7,27.1,58.0,27.3,15.9,42.7,51.9,32.0,71.2,35.3,19.9,54.5,24.9,15.5,37.6,51.3,32.2,70.0,34.6,19.7,53.3,21.3,12.8,33.4,29.2,15.6,47.9,18.4,10.5,30.2,15.7,7.1,31.1
2023,zone,Kasai,Mweka,213,28,7,4.9,2.2,10.6,86.7,70.8,94.6,80.2,76.2,83.7,71.2,67.9,74.4,57.2,50.6,63.5,85.3,73.5,92.4,78.1,70.7,84.1,69.2,62.7,75.0,57.7,49.1,65.8,78.3,74.7,81.5,62.2,57.8,66.4,48.2,40.1,56.5,76.2,70.4,81.1,62.6,56.6,68.3,48.3,40.1,56.5,65.4,58.9,71.4,36.8,30.4,43.7,38.3,30.8,46.4
2023,zone,Kasai,Ndjoko Mpunda,154,20,5,27.4,17.7,39.9,64.0,51.4,74.9,52.3,44.2,60.4,45.2,33.0,58.0,31.1,23.1,40.4,65.0,52.9,75.5,61.9,49.5,72.9,53.6,41.7,65.0,31.5,24.2,39.9,47.5,39.4,55.7,38.2,23.6,55.3,24.9,16.6,35.7,47.4,41.0,54.0,38.5,30.1,47.6,31.1,27.6,34.9,42.4,36.0,49.1,31.4,25.3,38.3,30.3,23.5,38.2
2023,zone,Kasai,Nyanga,149,12,5,2.1,0.5,8.7,85.1,76.8,90.7,90.5,77.4,96.4,82.7,50.0,95.8,75.1,35.0,94.4,87.9,79.1,93.4,92.0,80.8,96.9,85.3,54.8,96.5,78.1,38.9,95.2,92.5,82.4,97.0,84.6,50.0,96.8,77.0,35.1,95.4,92.5,82.4,97.0,84.6,50.0,96.8,77.0,35.1,95.4,78.8,34.7,96.3,61.9,32.6,84.5,61.3,30.9,84.9
2023,zone,Kasai,Tshikapa,184,24,6,8.9,3.1,22.7,79.7,60.9,90.8,70.1,52.5,83.3,49.1,29.6,68.9,36.7,18.7,59.4,81.0,66.5,90.2,81.0,72.9,87.1,57.6,40.4,73.2,42.9,23.2,65.2,69.4,51.6,82.9,46.8,27.6,66.9,36.3,18.3,59.1,67.2,48.9,81.5,47.4,27.2,68.5,34.6,17.3,57.2,48.6,25.8,72.0,27.3,13.8,46.9,27.3,13.8,46.9
2023,zone,Kasai Central,Bena Leka,181,25,6,12.9,6.5,23.9,72.0,61.1,80.8,79.5,58.4,91.4,62.4,42.1,79.1,45.6,23.5,69.6,62.3,50.1,73.1,82.3,64.3,92.3,69.5,49.5,84.1,51.4,29.2,73.1,80.6,61.0,91.7,63.1,42.8,79.6,45.9,25.1,68.1,72.3,48.8,87.7,58.5,36.1,77.9,37.0,19.4,59.0,56.2,35.7,74.8,28.9,13.5,51.5,26.0,12.1,47.5
2023,zone,Kasai Central,Bena Tshadi,154,11,5,3.8,0.7,18.6,86.7,53.4,97.4,91.2,79.1,96.6,74.3,43.5,91.6,50.3,32.2,68.3,72.5,43.9,89.9,91.2,83.4,95.5,75.5,45.6,91.9,54.6,34.5,73.3,91.6,82.6,96.2,75.0,43.6,92.1,53.1,33.2,72.1,84.3,68.5,93.0,65.7,42.5,83.2,37.9,23.1,55.4,55.7,36.8,73.1,24.6,14.0,39.6,22.9,14.7,33.9
2023,zone,Kasai Central,Bilomba,152,15,5,3.8,0.7,18.7,92.8,82.3,97.3,83.6,76.3,89.0,69.3,58.3,78.4,58.2,47.8,68.0,82.5,64.5,92.5,87.4,71.8,95.0,75.5,59.7,86.4,56.3,46.8,65.4,80.8,75.2,85.3,68.1,54.1,79.5,58.6,47.8,68.7,77.4,68.7,84.2,65.1,52.5,75.9,51.1,38.5,63.5,71.2,51.4,85.2,47.5,31.6,63.9,47.8,33.2,62.8
2023,zone,Kasai Central,Bobozo,151,9,5,1.9,0.2,14.4,93.0,81.9,97.5,92.6,79.8,97.6,80.3,61.4,91.2,70.4,43.0,88.2,95.9,82.0,99.2,95.6,87.4,98.5,80.1,64.4,90.0,70.8,47.1,86.9,92.2,77.8,97.5,79.4,59.5,91.0,69.5,42.4,87.5,90.5,75.1,96.8,76.8,54.1,90.2,66.1,42.7,83.7,75.4,54.9,88.6,46.8,35.3,58.6,46.0,36.0,56.3
2023,zone,Kasai Central,Bunkonde,150,14,5,8.7,4.0,17.9,86.7,77.1,92.6,82.5,66.9,91.6,63.3,53.1,72.5,55.8,45.9,65.3,85.4,77.4,90.9,89.8,80.7,94.9,70.4,60.0,79.0,57.3,42.7,70.8,79.0,66.2,87.8,61.3,46.0,74.6,53.6,43.2,63.6,76.3,57.2,88.6,60.2,45.8,73.0,45.0,31.0,59.9,79.0,66.4,87.7,54.6,42.5,66.1,48.3,37.3,59.5
2023,zone,Kasai Central,Demba,184,26,6,17.5,10.1,28.8,73.5,58.9,84.2,68.9,62.0,75.1,47.4,40.0,54.8,27.9,20.1,37.5,64.8,55.4,73.2,73.0,60.0,83.0,55.8,44.2,66.8,36.2,26.1,47.7,66.9,58.4,74.5,41.0,27.5,56.1,23.6,13.8,37.5,58.3,45.1,70.4,37.3,26.6,49.5,24.5,16.9,34.0,48.0,39.8,56.3,32.4,24.8,41.0,31.4,24.0,39.9
2023,zone,Kasai Central,Dibaya,154,17,5,7.0,1.6,26.2,89.1,75.7,95.6,78.8,61.0,89.8,64.8,45.5,80.2,43.0,21.7,67.1,77.4,54.1,90.9,85.5,64.8,95.0,72.6,52.9,86.2,51.2,33.5,68.7,75.6,51.6,90.0,64.1,45.0,79.5,40.8,19.5,66.3,73.6,58.0,84.9,53.4,31.2,74.3,25.5,17.5,35.6,62.2,39.6,80.5,31.6,21.0,44.6,30.9,18.6,46.7
2023,zone,Kasai Central,Kalomba,155,17,5,3.5,1.9,6.5,83.7,74.8,89.9,83.2,71.1,90.9,58.9,44.1,72.2,33.1,20.2,49.1,79.2,65.4,88.5,88.7,80.4,93.8,68.2,57.4,77.3,39.5,30.6,49.2,81.1,64.9,90.9,57.8,45.2,69.5,31.3,22.1,42.4,60.7,54.1,66.9,39.0,34.5,43.7,16.0,8.1,28.9,53.1,35.6,69.9,21.0,8.7,42.6,19.8,8.6,39.3
2023,zone,Kasai Central,Kananga,181,24,6,11.1,4.6,24.3,73.6,64.4,81.1,84.7,72.9,91.9,63.2,52.3,73.0,50.4,41.3,59.4,63.8,56.4,70.5,85.1,73.1,92.3,72.2,64.3,78.9,55.5,48.9,61.8,83.1,69.6,91.3,62.6,51.3,72.6,48.8,41.6,56.1,77.1,61.3,87.8,57.6,46.8,67.7,29.1,20.3,39.8,69.5,61.8,76.2,39.9,31.8,48.5,37.5,29.6,46.2
2023,zone,Kasai Central,Katende,151,13,5,4.7,2.1,10.1,87.5,75.7,94.0,90.2,85.5,93.4,69.2,53.3,81.6,55.5,42.7,67.6,85.8,78.0,91.1,90.9,87.3,93.5,78.4,71.5,84.0,64.1,58.9,69.0,88.3,83.1,92.1,64.1,46.8,78.3,49.1,35.5,62.8,78.6,65.5,87.6,61.6,42.5,77.8,41.3,27.9,56.2,78.3,68.1,85.8,46.4,41.1,51.8,43.8,39.9,47.7
2023,zone,Kasai Central,Katoka,152,10,5,5.7,2.6,11.7,83.8,72.9,90.9,86.2,71.3,94.0,72.2,53.5,85.5,60.8,41.8,77.1,82.6,64.3,92.6,87.7,71.8,95.2,73.0,57.6,84.4,61.0,45.5,74.5,85.6,72.0,93.2,71.4,55.2,83.5,59.5,41.5,75.2,82.4,70.7,90.1,69.6,52.9,82.4,57.3,40.5,72.7,65.1,50.4,77.4,40.2,33.6,47.2,39.0,35.0,43.2
2023,zone,Kasai Central,Luambo,153,21,5,0.9,0.1,8.3,94.1,90.8,96.3,93.8,87.2,97.2,79.3,64.4,89.0,62.0,48.5,73.9,93.9,79.2,98.4,95.8,89.4,98.4,80.9,63.9,91.0,65.0,54.9,73.8,92.9,83.2,97.2,76.2,57.9,88.1,61.4,47.9,73.3,92.0,78.8,97.2,75.8,56.8,88.2,61.5,47.9,73.6,66.6,54.6,76.8,42.7,38.1,47.3,42.7,38.1,47.3
2023,zone,Kasai Central,Lubondaie,153,20,5,2.8,1.1,6.9,86.8,81.2,90.9,83.3,72.7,90.3,67.8,52.7,79.9,46.1,39.6,52.8,81.2,70.2,88.8,87.0,79.6,92.0,70.6,54.6,82.8,51.6,37.3,65.6,79.9,72.8,85.6,63.9,49.5,76.2,45.5,40.3,50.8,71.7,62.2,79.5,56.0,49.9,62.0,34.0,24.5,45.1,60.0,51.7,67.8,28.9,18.7,41.9,30.7,19.5,44.7
2023,zone,Kasai Central,Lubunga,150,12,5,19.6,6.4,46.3,73.4,50.5,88.2,69.9,54.5,81.9,47.1,34.0,60.6,25.7,16.1,38.3,55.2,46.5,63.6,74.7,57.5,86.5,50.0,35.7,64.3,28.0,19.8,38.1,70.5,54.0,82.9,41.5,33.1,50.4,22.8,17.5,29.3,61.5,47.7,73.7,40.0,33.1,47.4,16.8,11.5,23.9,43.7,34.4,53.6,21.7,17.5,26.6,21.2,17.4,25.5
2023,zone,Kasai Central,Luiza,154,20,5,0.0,0.0,0.0,95.6,85.0,98.8,93.7,84.5,97.6,83.4,69.6,91.7,77.3,65.5,85.9,96.3,83.1,99.3,94.3,84.1,98.1,85.9,71.5,93.6,77.8,66.3,86.2,93.7,84.5,97.6,81.2,65.3,90.8,76.6,65.9,84.8,91.2,82.6,95.8,81.2,65.3,90.8,72.3,65.6,78.2,77.8,66.3,86.2,31.7,19.6,46.9,31.2,19.1,46.6
2023,zone,Kasai Central,Lukonga,157,19,5,8.5,3.2,20.7,79.7,64.5,89.5,76.9,69.5,83.0,64.6,52.7,74.9,52.9,40.4,65.1,74.8,56.4,87.2,82.9,77.5,87.3,72.7,63.6,80.2,55.5,38.9,71.0,74.8,66.7,81.4,64.3,54.9,72.7,52.6,37.4,67.3,70.4,60.0,79.0,58.0,48.6,67.0,35.3,21.0,52.8,65.0,54.2,74.6,38.0,25.8,51.8,34.5,25.7,44.5
2023,zone,Kasai Central,Masuika,186,23,6,2.4,0.9,6.3,94.0,87.6,97.2,88.5,73.1,95.7,74.8,62.4,84.2,58.5,50.8,65.7,86.6,79.2,91.6,91.0,74.0,97.3,76.2,63.6,85.4,59.4,48.4,69.5,86.8,72.4,94.3,73.9,61.1,83.6,58.5,50.8,65.7,84.8,67.4,93.8,71.9,60.4,81.2,55.4,44.0,66.2,60.4,49.5,70.3,27.3,19.9,36.3,27.3,19.9,36.3
2023,zone,Kasai Central,Mikalayi,184,26,6,3.0,0.5,15.8,94.9,86.1,98.2,93.2,76.0,98.3,84.2,73.4,91.1,69.6,59.0,78.4,93.6,84.5,97.5,96.3,84.1,99.2,85.5,78.5,90.5,72.3,66.1,77.6,91.2,80.6,96.3,76.2,60.9,86.8,65.6,51.0,77.7,83.7,74.5,90.0,69.6,50.4,83.8,59.0,41.0,74.9,85.4,70.2,93.6,53.1,46.0,60.0,51.3,41.0,61.5
2023,zone,Kasai Central,Muetshi,150,12,5,5.2,1.9,13.1,81.2,69.6,89.1,88.0,82.0,92.1,78.9,71.8,84.6,60.6,48.2,71.7,78.6,60.1,89.9,88.4,81.4,93.0,79.5,71.9,85.4,67.8,55.1,78.3,86.4,78.1,91.9,78.9,71.8,84.6,60.0,48.1,70.8,81.5,76.1,85.9,72.1,68.4,75.5,54.4,44.0,64.4,74.1,70.8,77.1,38.8,26.7,52.5,36.5,25.5,49.1
2023,zone,Kasai Central,Mutoto,149,15,5,7.8,2.6,21.5,89.4,78.6,95.1,87.6,75.0,94.3,61.5,47.8,73.5,48.1,32.9,63.7,90.3,76.1,96.5,90.0,77.4,96.0,63.9,52.0,74.3,53.3,36.7,69.3,85.8,71.1,93.7,49.2,33.1,65.5,36.8,22.5,53.9,76.2,55.9,89.0,54.8,38.7,70.0,41.7,27.2,57.8,73.7,58.5,84.7,48.4,32.5,64.7,43.8,28.9,60.0
2023,zone,Kasai Central,Ndekesha,154,18,5,3.5,1.2,10.2,91.3,81.6,96.1,77.6,40.9,94.5,54.1,23.2,82.2,41.9,18.5,69.7,69.5,25.1,93.9,79.3,43.0,95.1,57.9,26.5,84.0,44.1,17.6,74.5,76.7,39.6,94.3,53.7,21.1,83.4,41.4,17.4,70.3,68.6,32.6,90.8,46.4,19.4,75.8,22.2,8.8,45.7,53.8,21.2,83.5,24.3,10.5,46.7,26.0,12.4,46.7
2023,zone,Kasai Central,Ndesha,151,9,5,6.6,4.8,9.1,88.3,80.6,93.2,90.2,83.8,94.2,72.8,68.5,76.7,64.2,57.2,70.7,84.2,75.2,90.3,90.0,84.2,93.8,74.0,70.1,77.6,64.9,57.0,72.0,90.2,83.8,94.2,70.2,65.6,74.5,60.3,54.8,65.6,85.6,81.7,88.8,68.3,64.9,71.4,54.8,48.8,60.7,75.5,68.0,81.7,33.7,26.6,41.7,31.9,24.3,40.6
2023,zone,Kasai Central,Tshibala,181,24,6,10.4,3.7,26.4,84.1,68.0,92.9,77.0,66.8,84.8,55.0,47.9,61.8,30.2,22.3,39.4,65.7,57.6,73.0,82.3,69.5,90.5,63.1,57.2,68.7,37.1,33.5,40.8,77.7,68.4,85.0,57.9,49.8,65.6,32.2,24.9,40.6,64.8,53.9,74.4,43.8,37.0,50.9,25.4,18.0,34.7,48.0,37.6,58.7,29.2,20.1,40.5,29.2,17.9,43.8
2023,zone,Kasai Central,Tshikaji,155,14,5,4.1,1.6,10.5,82.9,75.9,88.2,88.1,78.9,93.5,74.5,58.4,85.9,59.3,45.5,71.9,66.8,38.6,86.6,90.9,85.4,94.5,79.0,68.9,86.5,67.0,61.1,72.4,88.2,80.7,93.0,75.2,60.4,85.7,59.3,46.6,70.9,83.4,68.7,92.0,67.9,50.2,81.6,51.6,43.1,60.0,66.2,56.9,74.4,40.9,27.6,55.6,37.5,25.9,50.7
2023,zone,Kasai Central,Tshikula,149,16,5,2.0,0.3,11.4,94.4,92.1,96.0,86.7,75.8,93.2,74.6,70.3,78.4,61.7,56.8,66.4,92.0,82.1,96.6,94.0,84.3,97.9,80.2,72.2,86.3,63.0,58.3,67.4,78.9,67.9,86.9,72.5,66.3,78.0,60.6,54.3,66.6,72.3,64.0,79.3,63.9,60.5,67.2,54.5,49.5,59.4,78.3,70.2,84.8,49.3,39.7,59.0,47.8,34.9,61.1
2023,zone,Kasai Central,Yangala,221,29,7,6.8,3.6,12.7,79.2,68.9,86.8,84.0,78.6,88.2,66.6,58.1,74.1,46.4,38.1,55.0,77.5,60.6,88.5,86.9,81.3,91.0,70.6,62.9,77.2,50.4,44.0,56.8,82.0,74.3,87.7,66.6,58.1,74.1,43.2,36.9,49.7,73.2,62.3,81.9,53.5,40.7,65.8,20.9,16.6,26.0,53.9,49.2,58.5,29.2,21.8,37.9,28.3,19.3,39.5
2023,zone,Kasai Oriental,Bibanga,154,17,5,30.9,9.4,65.8,61.3,33.6,83.1,62.7,30.1,86.7,51.8,23.8,78.8,38.3,15.7,67.4,62.0,36.0,82.6,65.9,32.3,88.6,52.3,24.2,79.0,40.6,18.8,66.8,61.7,27.8,87.1,51.2,24.0,77.7,37.6,15.8,66.0,59.5,26.2,85.9,47.6,19.8,77.0,34.9,13.8,64.3,39.9,16.7,68.6,23.0,9.3,46.5,22.5,9.0,46.0
2023,zone,Kasai Oriental,Bipemba,154,19,5,17.2,11.0,25.8,78.1,69.4,84.8,72.0,63.1,79.4,53.3,45.9,60.5,37.1,22.3,54.9,76.4,68.0,83.1,72.6,65.0,79.1,53.1,46.4,59.6,37.2,21.7,55.9,71.0,62.2,78.4,52.7,44.8,60.5,35.0,21.1,52.1,68.2,60.5,75.0,49.7,40.0,59.4,22.0,9.3,43.5,41.1,27.8,55.9,20.3,12.1,32.1,21.0,13.1,31.9
2023,zone,Kasai Oriental,Bonzola,154,16,5,16.5,5.0,42.5,68.4,38.1,88.4,79.8,58.0,91.9,66.0,46.6,81.3,51.7,39.6,63.5,67.7,43.2,85.2,80.9,58.7,92.7,67.2,48.2,81.9,51.1,39.7,62.4,78.3,54.1,91.6,66.0,46.6,81.3,51.5,38.5,64.3,74.3,54.5,87.5,61.4,48.3,73.0,42.1,31.7,53.3,53.9,42.9,64.6,27.1,20.7,34.5,25.2,18.0,34.2
2023,zone,Kasai Oriental,Cilundu,150,16,5,5.5,0.8,29.7,88.7,76.2,95.0,89.6,62.7,97.8,72.1,46.8,88.3,54.4,32.7,74.5,71.1,53.3,84.1,88.4,71.5,95.9,73.9,45.5,90.5,55.8,26.3,81.7,89.2,60.4,97.8,72.4,47.4,88.5,56.1,31.9,77.7,78.1,54.7,91.3,66.0,37.1,86.5,45.3,25.7,66.4,63.3,26.2,89.3,38.2,23.7,55.2,35.9,22.2,52.5
2023,zone,Kasai Oriental,Citenge,151,18,5,40.3,29.0,52.6,44.4,33.4,56.0,56.6,39.8,72.0,42.4,29.4,56.6,23.1,14.0,35.7,41.7,28.3,56.5,57.4,44.0,69.8,44.9,32.4,58.0,24.9,16.7,35.3,54.5,39.3,68.8,40.3,28.5,53.4,22.5,13.8,34.5,49.1,35.3,63.1,34.9,25.4,45.9,18.4,8.7,34.6,33.0,23.2,44.6,13.4,8.7,20.1,11.4,5.8,21.2
2023,zone,Kasai Oriental,Dibindi,157,13,5,17.6,8.5,32.9,70.0,55.7,81.2,73.1,50.7,87.7,59.3,37.7,77.8,36.9,17.5,61.8,63.0,48.7,75.3,75.5,54.6,88.8,61.7,38.6,80.5,38.1,19.4,61.2,73.1,50.7,87.7,59.9,38.1,78.3,37.3,18.2,61.3,67.2,46.1,83.1,53.3,34.1,71.6,32.6,15.1,56.8,47.0,29.5,65.2,23.1,10.7,43.0,21.8,10.5,39.7
2023,zone,Kasai Oriental,Diulu,152,19,5,10.4,1.9,40.4,78.7,60.0,90.1,86.1,63.2,95.7,73.6,51.2,88.1,57.2,35.0,76.7,78.3,60.9,89.3,86.7,63.1,96.1,74.1,52.1,88.3,58.9,35.3,79.0,86.1,63.2,95.7,72.1,46.4,88.5,56.6,35.1,75.8,81.0,61.4,92.0,66.4,43.0,83.8,45.7,29.3,63.1,61.4,39.0,79.9,26.4,14.9,42.2,26.4,14.9,42.2
2023,zone,Kasai Oriental,Kabeya Kamwanga,151,15,5,16.1,5.6,38.1,60.3,37.8,79.2,80.6,59.6,92.1,61.0,33.6,82.8,40.9,26.5,57.0,53.7,24.6,80.5,79.7,56.2,92.3,60.7,31.1,84.2,38.1,23.9,54.6,80.0,59.2,91.7,60.5,32.9,82.7,38.5,23.2,56.5,77.1,56.3,89.8,55.2,28.9,78.8,32.8,18.3,51.4,49.5,26.7,72.5,28.1,15.2,46.0,25.6,14.5,41.1
2023,zone,Kasai Oriental,Kansele,151,16,5,7.6,3.9,14.2,85.1,73.8,92.1,90.5,83.1,94.9,71.4,59.9,80.7,54.1,39.3,68.2,80.5,68.0,88.9,90.5,83.1,94.9,70.8,58.6,80.6,56.0,39.5,71.2,89.9,82.4,94.5,70.2,59.2,79.3,54.2,40.6,67.2,84.7,75.9,90.7,65.0,52.8,75.6,47.6,33.3,62.4,62.6,45.4,77.1,34.8,23.9,47.6,32.1,23.5,42.1
2023,zone,Kasai Oriental,Kasansa,152,18,5,33.3,18.6,52.1,55.5,41.1,69.0,57.7,37.8,75.4,37.3,22.8,54.4,19.5,10.6,33.0,51.5,40.6,62.3,57.5,41.6,71.9,35.8,26.0,46.9,18.3,10.6,29.8,57.7,37.8,75.4,35.5,22.8,50.7,18.6,10.4,31.1,54.0,36.9,70.3,33.6,21.1,48.9,16.0,8.4,28.3,24.5,14.5,38.2,7.9,3.7,16.2,8.4,4.4,15.5
2023,zone,Kasai Oriental,Lubilanji,153,15,5,8.9,4.6,16.6,84.9,75.7,91.0,89.2,82.7,93.4,73.9,53.2,87.6,57.4,34.3,77.6,80.2,69.4,87.8,88.5,80.3,93.6,74.3,57.7,86.0,59.1,35.5,79.1,88.5,80.3,93.6,73.9,54.6,86.9,57.4,34.3,77.6,84.1,74.6,90.5,71.9,52.5,85.6,49.6,33.2,66.0,63.7,40.8,81.7,36.1,24.9,49.1,34.6,24.0,47.1
2023,zone,Kasai Oriental,Lukelenge,154,19,5,16.3,6.6,34.8,78.0,63.3,87.9,71.6,50.2,86.4,53.0,34.5,70.8,39.4,23.4,57.9,65.8,53.8,76.1,73.5,50.0,88.5,53.0,34.5,70.7,38.7,22.5,57.9,69.7,47.6,85.3,53.0,34.5,70.8,39.4,23.4,57.9,65.0,42.3,82.5,45.5,25.1,67.5,29.5,13.6,52.6,44.6,27.8,62.7,25.2,12.4,44.4,24.6,12.7,42.1
2023,zone,Kasai Oriental,Miabi,157,14,5,11.8,7.2,18.9,80.8,77.5,83.7,76.8,67.6,84.0,46.7,31.8,62.2,31.3,22.7,41.6,74.9,70.7,78.8,77.4,70.1,83.3,45.1,29.7,61.5,32.6,24.2,42.2,76.3,68.1,82.9,46.2,32.2,60.7,30.8,22.9,40.0,74.6,63.5,83.3,42.6,27.7,58.9,26.3,20.7,32.9,38.6,26.5,52.2,25.8,21.1,31.2,25.5,21.7,29.7
2023,zone,Kasai Oriental,Mpokolo,151,15,5,21.8,13.2,33.9,69.8,59.0,78.8,69.9,62.9,76.0,49.0,36.1,61.9,29.7,14.7,50.7,65.9,57.2,73.6,74.1,66.0,80.8,53.7,42.3,64.8,31.8,19.0,48.2,68.4,60.1,75.7,46.9,32.8,61.4,29.0,14.6,49.4,65.4,56.9,72.9,44.6,33.6,56.1,26.9,12.8,48.0,38.4,23.9,55.2,20.6,10.4,36.8,19.5,10.2,34.2
2023,zone,Kasai Oriental,Mukumbi,154,16,5,29.6,16.7,46.7,58.0,44.2,70.6,61.9,39.1,80.4,49.8,29.6,70.1,35.2,15.7,61.2,52.4,42.6,62.1,66.2,45.0,82.4,53.7,39.5,67.4,34.3,17.2,56.8,61.1,36.9,80.9,49.0,27.5,70.9,35.2,15.7,61.2,58.0,37.6,76.0,44.6,27.6,63.1,30.8,14.4,54.1,40.0,21.4,62.1,17.9,11.5,26.9,17.7,11.2,27.0
2023,zone,Kasai Oriental,Muya,157,19,5,15.3,12.0,19.3,80.9,77.2,84.0,71.8,64.1,78.4,60.4,50.9,69.2,41.4,36.2,46.7,77.6,72.2,82.3,77.0,71.2,81.9,60.4,51.6,68.6,42.0,35.7,48.7,71.8,64.1,78.4,59.8,50.4,68.5,40.7,35.8,45.8,68.6,59.2,76.7,57.8,46.8,68.1,36.3,33.7,38.9,43.3,38.4,48.4,26.2,19.3,34.4,24.8,19.6,30.8
2023,zone,Kasai Oriental,Nzaba,154,18,5,14.7,10.6,20.0,72.2,64.3,79.0,74.2,66.8,80.5,51.6,44.3,58.8,39.1,32.8,45.8,67.7,56.8,76.9,80.7,74.4,85.7,56.0,50.0,61.8,43.6,36.9,50.5,74.3,65.8,81.3,50.9,44.1,57.7,38.4,33.5,43.5,68.3,62.3,73.8,47.5,41.5,53.7,31.1,28.0,34.4,49.0,40.4,57.8,27.3,20.6,35.3,24.8,19.0,31.6
2023,zone,Kasai Oriental,Tshilenge,152,21,5,21.4,13.8,31.8,74.5,64.4,82.6,73.7,59.4,84.2,57.0,42.7,70.2,38.3,26.3,51.9,67.9,57.6,76.7,74.0,65.7,81.0,61.1,49.7,71.4,36.9,27.9,46.8,73.2,61.6,82.3,56.5,43.8,68.4,36.3,25.2,49.1,69.7,59.3,78.5,54.1,42.9,64.9,34.6,24.6,46.1,58.1,45.6,69.7,31.9,23.0,42.3,30.2,22.7,38.9
2023,zone,Kasai Oriental,Tshishimbi,157,16,5,19.7,10.9,33.0,73.9,52.7,87.8,70.7,53.4,83.6,51.9,35.2,68.1,36.5,26.4,48.0,66.1,47.2,81.0,75.2,60.1,86.0,54.0,37.5,69.6,38.2,28.8,48.5,70.1,52.0,83.6,51.2,34.5,67.7,36.1,26.0,47.6,67.1,49.2,81.1,49.7,33.6,65.8,36.3,26.0,48.0,39.5,28.6,51.5,24.7,17.4,33.8,25.7,16.9,36.9
2023,zone,Kinshasa,Bandalungwa,150,8,5,0.0,0.0,0.0,100.0,100.0,100.0,100.0,100.0,100.0,100.0,100.0,100.0,97.6,77.9,99.8,100.0,100.0,100.0,100.0,100.0,100.0,100.0,100.0,100.0,95.2,87.5,98.3,100.0,100.0,100.0,100.0,100.0,100.0,100.0,100.0,100.0,98.1,91.1,99.6,97.7,91.7,99.4,96.8,93.2,98.6,100.0,100.0,100.0,83.7,71.7,91.2,83.7,71.7,91.2
2023,zone,Kinshasa,Barumbu,150,10,5,0.0,0.0,0.0,97.4,90.6,99.3,100.0,100.0,100.0,96.3,93.0,98.1,90.3,82.9,94.7,97.4,90.6,99.3,100.0,100.0,100.0,95.9,90.8,98.2,79.5,72.7,84.9,100.0,100.0,100.0,95.9,92.5,97.8,90.3,82.9,94.7,94.8,86.1,98.1,91.5,75.1,97.5,88.1,74.6,95.0,94.7,90.7,97.0,63.9,49.6,76.1,64.3,48.7,77.3
2023,zone,Kinshasa,Binza Meteo,148,11,5,2.1,0.4,11.2,97.9,88.8,99.6,95.6,81.6,99.1,95.1,82.3,98.8,88.2,76.5,94.5,97.9,88.8,99.6,97.9,88.8,99.6,94.0,88.4,97.0,82.0,75.9,86.8,95.6,81.6,99.1,95.6,81.6,99.1,93.6,84.8,97.4,92.3,84.8,96.3,92.3,84.8,96.3,90.3,83.0,94.6,95.8,86.7,98.8,71.9,61.4,80.5,71.2,61.7,79.1
2023,zone,Kinshasa,Binza Ozone,155,15,5,8.2,3.8,17.1,76.7,66.4,84.5,88.3,80.9,93.0,80.0,72.5,85.9,65.7,56.1,74.2,77.3,67.7,84.8,89.4,78.5,95.2,86.0,80.5,90.1,69.7,63.3,75.4,87.4,78.9,92.8,76.4,65.0,84.9,63.2,52.1,73.0,80.5,71.0,87.5,67.0,58.1,74.8,54.2,42.2,65.7,75.5,67.6,81.9,54.2,47.5,60.7,51.0,44.3,57.6
2023,zone,Kinshasa,Biyela,156,11,5,0.0,0.0,0.0,100.0,100.0,100.0,98.2,90.9,99.7,81.7,70.1,89.5,65.1,54.9,74.0,100.0,100.0,100.0,98.9,87.2,99.9,89.3,82.7,93.6,68.6,61.9,74.7,95.5,93.1,97.1,87.8,81.5,92.2,71.2,63.5,77.9,93.3,88.5,96.2,84.4,75.2,90.5,68.0,60.6,74.7,79.0,71.4,85.0,49.7,39.7,59.7,49.7,39.7,59.7
2023,zone,Kinshasa,Bumbu,151,19,5,0.0,0.0,0.0,99.4,92.7,100.0,99.4,92.8,100.0,96.6,93.8,98.1,88.7,82.9,92.6,99.4,92.7,100.0,100.0,100.0,100.0,90.2,80.4,95.4,79.0,66.8,87.6,99.4,92.8,100.0,97.3,87.1,99.5,93.6,72.2,98.8,97.8,91.0,99.5,96.7,86.2,99.3,93.8,80.9,98.2,98.4,94.2,99.6,77.1,67.9,84.2,77.6,71.1,83.0
2023,zone,Kinshasa,Gombe,149,10,5,1.7,0.3,10.7,96.7,83.2,99.4,96.5,79.8,99.5,86.3,52.2,97.3,73.4,32.6,94.0,97.6,83.9,99.7,97.6,83.9,99.7,91.5,70.8,98.0,76.8,42.4,93.7,95.4,75.5,99.3,84.2,50.4,96.5,71.1,30.3,93.3,91.8,57.0,98.9,83.5,45.0,96.9,77.1,30.6,96.3,95.9,75.2,99.4,79.3,66.9,87.9,78.2,64.3,87.7
2023,zone,Kinshasa,Kalamu 1,152,10,5,0.2,0.0,4.1,99.8,95.9,100.0,99.8,95.9,100.0,99.8,95.9,100.0,99.2,94.3,99.9,99.8,95.9,100.0,99.8,95.9,100.0,99.8,95.9,100.0,99.2,94.3,99.9,99.8,95.9,100.0,99.8,95.9,100.0,99.2,94.3,99.9,98.2,93.0,99.6,98.2,93.0,99.6,97.7,90.7,99.4,99.8,95.9,100.0,70.1,58.5,79.6,70.1,58.5,79.6
2023,zone,Kinshasa,Kalamu 2,154,8,5,1.6,0.5,5.6,96.9,94.2,98.4,96.6,90.8,98.8,95.3,86.0,98.5,89.7,85.1,92.9,96.9,94.2,98.4,97.9,94.9,99.2,96.0,92.0,98.1,88.4,81.9,92.7,97.0,91.2,99.1,96.2,89.5,98.7,91.2,83.9,95.4,95.0,88.0,98.0,93.5,88.8,96.4,88.6,80.4,93.6,97.5,93.5,99.0,70.3,65.6,74.7,69.5,64.9,73.7
2023,zone,Kinshasa,Kasa Vubu,153,7,5,0.0,0.0,0.0,99.6,93.8,100.0,99.6,93.8,100.0,99.1,88.2,99.9,98.7,91.1,99.8,99.0,94.2,99.8,99.6,93.8,100.0,98.1,91.9,99.6,96.9,91.3,98.9,99.6,93.8,100.0,98.7,91.1,99.8,98.2,89.2,99.7,98.5,89.6,99.8,98.0,88.7,99.7,97.1,88.5,99.3,98.7,91.1,99.8,65.3,50.8,77.5,65.3,50.8,77.5
2023,zone,Kinshasa,Kikimi,151,9,5,2.0,0.7,5.5,95.3,79.4,99.1,96.2,87.5,98.9,93.2,84.3,97.2,78.5,66.1,87.2,94.3,81.3,98.4,96.6,89.6,98.9,94.0,87.9,97.1,73.0,56.6,84.8,95.1,86.4,98.3,91.2,83.2,95.6,78.3,64.1,88.0,91.1,83.2,95.5,85.1,76.5,90.9,61.6,46.1,75.0,92.6,85.6,96.3,67.0,62.0,71.8,67.3,62.3,71.9
2023,zone,Kinshasa,Kimbanseke,149,11,5,0.0,0.0,0.0,100.0,100.0,100.0,100.0,100.0,100.0,81.5,76.9,85.3,71.1,61.7,79.0,100.0,100.0,100.0,100.0,100.0,100.0,82.2,76.2,87.0,70.3,58.6,79.9,100.0,100.0,100.0,80.5,75.9,84.4,71.1,61.7,79.0,98.4,93.9,99.6,80.4,78.1,82.6,76.5,68.3,83.0,99.4,92.5,99.9,76.6,68.5,83.1,76.2,69.9,81.6
2023,zone,Kinshasa,Kingabwa,148,10,5,2.7,0.2,26.7,97.3,73.3,99.8,96.6,68.2,99.7,93.1,73.8,98.5,85.7,61.7,95.7,97.3,73.3,99.8,96.6,68.2,99.7,93.9,72.8,98.9,84.0,58.3,95.2,95.8,74.7,99.4,93.6,75.5,98.6,88.7,67.9,96.7,94.9,79.5,98.9,92.7,78.6,97.8,90.0,72.6,96.8,92.5,66.3,98.7,62.3,38.8,81.2,63.0,39.9,81.3
2023,zone,Kinshasa,Kingasani,159,8,5,1.0,0.2,5.2,98.4,94.6,99.6,96.1,87.8,98.8,87.3,69.5,95.4,78.7,66.2,87.5,99.0,94.8,99.8,96.7,93.6,98.3,93.3,86.4,96.8,79.3,68.9,86.9,92.2,88.3,94.9,89.8,81.0,94.8,81.8,73.9,87.8,89.8,81.0,94.8,86.9,71.3,94.7,81.6,71.0,88.9,90.8,86.0,94.1,66.0,47.9,80.4,65.1,47.6,79.3
2023,zone,Kinshasa,Kinshasa,150,7,5,0.0,0.0,0.0,100.0,100.0,100.0,99.3,92.4,99.9,98.7,85.5,99.9,97.3,91.9,99.1,100.0,100.0,100.0,99.3,92.4,99.9,99.3,92.4,99.9,97.9,94.6,99.2,99.3,92.4,99.9,99.3,92.4,99.9,97.9,94.6,99.2,98.7,94.0,99.7,98.7,94.0,99.7,97.3,95.2,98.5,97.9,94.6,99.2,80.0,75.4,83.9,80.7,75.7,84.8
2023,zone,Kinshasa,Kintambo,152,8,5,6.6,4.5,9.5,90.6,84.2,94.6,92.8,91.0,94.3,84.8,80.2,88.5,69.1,60.7,76.4,91.2,86.6,94.4,92.2,89.9,94.0,86.2,83.1,88.8,73.6,67.1,79.3,92.9,89.6,95.2,75.9,67.3,82.8,61.6,49.9,72.1,85.7,80.4,89.9,56.6,47.2,65.6,47.6,35.4,60.1,90.1,87.4,92.3,78.7,73.3,83.3,73.4,69.5,76.9
2023,zone,Kinshasa,Kisenso,149,17,5,0.5,0.0,6.7,98.4,94.0,99.6,98.7,93.7,99.8,96.6,94.4,98.0,96.2,94.7,97.3,98.4,94.0,99.6,98.7,93.7,99.8,97.6,92.4,99.2,97.1,92.5,98.9,98.7,93.7,99.8,97.6,92.4,99.2,97.1,92.5,98.9,97.4,87.7,99.5,96.3,87.9,98.9,95.9,88.3,98.6,98.3,94.0,99.5,78.8,71.0,85.0,78.8,71.0,85.0
2023,zone,Kinshasa,Kokolo,180,24,6,2.1,0.3,12.2,96.9,88.9,99.2,94.9,88.8,97.8,87.3,79.0,92.6,81.7,68.8,90.1,97.4,89.4,99.4,95.7,89.2,98.3,89.0,79.0,94.5,74.3,63.9,82.6,94.9,88.8,97.8,87.3,79.0,92.6,81.7,68.8,90.1,93.4,83.9,97.5,85.8,75.1,92.3,79.2,62.8,89.6,81.3,63.7,91.5,55.3,36.6,72.6,55.3,36.6,72.6
2023,zone,Kinshasa,Lemba,157,14,5,4.1,1.3,11.9,95.9,88.1,98.7,94.9,91.3,97.1,93.5,86.3,97.1,89.0,80.2,94.2,95.9,88.1,98.7,95.9,88.1,98.7,94.9,91.3,97.1,93.1,86.9,96.5,95.9,88.1,98.7,93.5,86.3,97.1,89.0,80.2,94.2,94.0,88.9,96.8,93.1,86.2,96.6,86.2,82.0,89.5,95.9,88.1,98.7,70.4,62.4,77.3,69.4,63.3,74.9
2023,zone,Kinshasa,Limete,151,11,5,6.7,3.4,12.9,93.3,87.1,96.6,93.3,87.1,96.6,92.2,87.8,95.1,88.6,83.1,92.4,93.3,87.1,96.6,93.3,87.1,96.6,90.9,89.1,92.5,87.3,84.3,89.8,93.3,87.1,96.6,92.2,87.8,95.1,88.6,83.1,92.4,89.1,78.9,94.6,87.6,80.3,92.4,86.0,80.9,89.9,89.1,84.4,92.5,62.5,55.7,68.9,62.6,57.2,67.6
2023,zone,Kinshasa,Lingwala,151,8,5,0.6,0.0,7.5,98.1,93.8,99.4,97.7,74.4,99.8,88.0,80.0,93.1,86.1,75.2,92.7,98.1,93.8,99.4,97.7,74.4,99.8,87.9,83.1,91.5,84.5,75.1,90.8,97.7,74.4,99.8,88.0,80.0,93.1,86.1,75.2,92.7,96.3,84.4,99.2,87.3,81.2,91.7,84.7,77.1,90.1,93.0,85.0,96.9,68.8,60.8,75.9,69.2,61.2,76.2
2023,zone,Kinshasa,Makala,147,14,5,0.0,0.0,0.0,98.1,94.0,99.4,100.0,100.0,100.0,90.6,74.7,97.0,86.9,73.9,93.9,98.1,94.0,99.4,100.0,100.0,100.0,90.4,76.0,96.6,86.0,73.7,93.1,100.0,100.0,100.0,90.6,74.7,97.0,86.9,73.9,93.9,98.8,93.3,99.8,89.3,78.9,94.9,83.4,74.8,89.5,91.3,76.0,97.2,61.0,51.9,69.4,64.0,50.4,75.7
2023,zone,Kinshasa,Maluku 1,151,17,5,2.5,0.7,8.5,97.3,90.9,99.2,97.5,91.5,99.3,85.7,76.8,91.6,72.3,59.9,82.0,97.5,91.5,99.3,97.5,91.5,99.3,85.7,76.8,91.6,69.8,60.6,77.7,97.5,91.5,99.3,85.7,76.8,91.6,72.3,59.9,82.0,95.8,86.0,98.8,84.0,74.0,90.6,79.5,67.7,87.7,93.0,87.7,96.1,52.8,41.4,64.0,51.7,41.8,61.5
2023,zone,Kinshasa,Maluku 2,149,12,5,12.4,3.4,36.6,85.9,59.3,96.2,81.7,48.4,95.5,69.1,34.6,90.5,60.2,23.5,88.2,84.9,55.0,96.2,86.5,58.8,96.6,72.8,45.1,89.8,58.0,29.1,82.3,80.5,48.9,94.7,68.5,34.5,90.0,60.1,23.4,88.1,80.6,49.0,94.7,64.9,30.2,88.7,63.2,27.5,88.6,83.8,56.3,95.4,39.0,27.9,51.3,37.4,28.1,47.7
2023,zone,Kinshasa,Masina 1,154,12,5,1.3,0.1,14.5,98.7,85.5,99.9,98.0,79.4,99.8,91.5,79.6,96.8,79.8,66.7,88.7,98.7,85.5,99.9,98.0,79.4,99.8,92.6,77.2,97.9,78.7,64.8,88.2,98.0,79.4,99.8,92.6,77.2,97.9,81.4,67.4,90.2,96.8,84.9,99.4,91.4,79.9,96.6,79.6,70.7,86.3,80.8,68.7,88.9,36.1,23.7,50.6,36.1,23.7,50.6
2023,zone,Kinshasa,Masina 2,149,11,5,0.0,0.0,0.0,99.5,92.9,100.0,97.7,94.7,99.0,93.6,87.7,96.8,85.9,76.8,91.8,99.5,92.9,100.0,97.9,83.7,99.8,94.5,87.0,97.8,85.4,75.2,91.9,96.7,90.5,98.9,93.0,87.2,96.3,85.8,76.5,91.8,94.4,86.6,97.8,90.4,83.6,94.6,83.4,76.2,88.7,90.4,80.4,95.6,56.5,40.6,71.2,55.6,38.1,71.8
2023,zone,Kinshasa,Matete,154,13,5,3.0,0.8,11.0,97.0,89.0,99.2,94.1,91.3,96.1,92.5,87.8,95.5,90.8,84.5,94.7,97.0,89.0,99.2,95.0,91.5,97.1,93.8,89.2,96.5,92.1,84.3,96.3,95.0,91.5,97.1,93.8,89.2,96.5,92.1,84.3,96.3,93.0,87.3,96.2,91.0,82.6,95.5,90.1,79.7,95.5,92.8,87.8,95.9,72.8,59.9,82.7,70.6,60.3,79.1
2023,zone,Kinshasa,Mont Ngafula 1,151,17,5,0.4,0.0,5.8,99.6,94.2,100.0,99.0,94.0,99.8,99.0,94.0,99.8,99.0,94.0,99.8,99.6,94.2,100.0,99.6,94.2,100.0,99.6,94.2,100.0,99.6,94.2,100.0,98.4,94.1,99.6,98.4,94.1,99.6,98.4,94.1,99.6,95.3,84.4,98.7,95.3,84.4,98.7,95.3,84.4,98.7,99.6,94.2,100.0,82.0,79.1,84.6,81.3,78.8,83.7
2023,zone,Kinshasa,Mont Ngafula 2,150,14,5,3.6,1.4,8.7,94.3,87.0,97.6,89.3,78.2,95.1,80.5,66.2,89.7,67.5,51.8,80.1,95.0,89.2,97.8,93.7,89.0,96.5,83.2,73.6,89.9,70.0,53.2,82.7,88.4,79.8,93.7,77.7,63.7,87.4,64.2,44.3,80.2,85.0,77.5,90.3,73.6,55.2,86.3,59.9,40.4,76.6,73.7,58.5,84.8,48.8,45.2,52.4,46.6,41.8,51.5
2023,zone,Kinshasa,Ndjili,152,14,5,0.8,0.1,8.0,97.2,88.2,99.4,97.3,90.8,99.2,97.3,90.8,99.2,95.5,93.0,97.1,98.6,93.9,99.7,99.2,92.0,99.9,98.8,93.9,99.8,97.0,93.7,98.6,97.1,91.2,99.1,96.7,91.8,98.7,94.9,92.2,96.7,93.1,83.0,97.4,91.9,81.7,96.7,90.2,83.7,94.3,97.4,90.1,99.3,76.8,68.2,83.6,76.2,68.7,82.4
2023,zone,Kinshasa,Ngaba,149,6,5,0.7,0.1,7.8,94.2,86.2,97.7,98.0,94.6,99.3,96.8,92.7,98.7,89.9,73.7,96.6,95.1,85.7,98.4,99.3,92.2,99.9,96.1,90.9,98.4,80.8,69.4,88.6,98.0,94.6,99.3,97.4,94.7,98.7,89.7,77.3,95.7,98.0,94.6,99.3,96.8,92.7,98.7,86.8,70.9,94.6,94.5,76.3,98.9,69.8,58.8,78.9,69.3,55.0,80.6
2023,zone,Kinshasa,Ngiri Ngiri,155,8,5,0.5,0.0,6.7,99.5,93.3,100.0,99.5,93.3,100.0,96.5,90.9,98.7,93.2,85.7,96.9,99.5,93.3,100.0,99.5,93.3,100.0,96.5,90.9,98.7,91.9,81.8,96.7,99.5,93.3,100.0,96.5,90.9,98.7,94.0,85.3,97.7,98.7,94.2,99.7,93.7,83.7,97.7,83.3,71.7,90.8,96.0,88.3,98.7,71.9,63.2,79.3,69.6,57.8,79.3
2023,zone,Kinshasa,Nsele,148,14,5,1.7,0.3,7.8,97.6,94.4,99.0,98.1,93.4,99.5,80.8,76.1,84.8,66.8,48.9,80.9,97.6,94.4,99.0,98.3,92.2,99.7,81.0,76.5,84.9,66.7,49.1,80.6,97.8,93.4,99.3,79.8,72.9,85.4,66.8,48.9,80.9,96.7,95.4,97.6,79.1,71.3,85.2,77.1,65.0,85.9,97.0,91.1,99.1,60.9,54.8,66.6,59.2,54.8,63.5
2023,zone,Kinshasa,Police,150,11,5,2.1,0.8,5.2,97.1,95.5,98.2,96.0,92.7,97.9,90.1,84.6,93.8,82.2,76.0,87.0,96.1,92.1,98.1,94.6,90.4,97.0,87.7,82.3,91.7,69.8,59.1,78.8,96.0,92.7,97.9,90.1,84.6,93.8,82.8,76.6,87.6,93.6,86.8,97.0,87.5,75.9,93.9,79.5,69.2,87.0,83.0,76.0,88.3,62.3,46.5,75.8,61.8,46.8,74.9
2023,zone,Kinshasa,Selembao,148,18,5,2.2,0.5,8.7,92.3,89.8,94.2,92.4,81.8,97.0,65.8,59.0,72.1,52.6,48.3,56.9,91.2,88.2,93.5,95.2,83.6,98.7,77.7,62.5,88.0,57.8,52.2,63.2,90.3,77.0,96.3,63.4,58.8,67.7,45.5,40.9,50.2,80.2,58.8,92.0,43.7,31.7,56.5,34.7,22.7,48.9,84.3,73.2,91.3,60.4,48.6,71.1,52.7,40.1,64.9
2023,zone,Kongo Central,Boko Kivulu,150,20,5,10.8,6.5,17.5,80.4,66.6,89.4,87.4,80.0,92.4,77.4,70.5,83.1,66.0,50.8,78.4,77.3,61.0,88.1,87.6,80.2,92.5,75.7,66.3,83.2,66.8,49.3,80.6,85.8,78.5,90.8,74.8,68.2,80.4,63.0,48.1,75.9,83.0,75.3,88.7,73.6,62.2,82.6,59.9,39.1,77.6,79.2,65.7,88.4,50.3,36.2,64.4,48.0,38.3,57.8
2023,zone,Kongo Central,Boma,154,12,5,9.7,6.2,14.8,74.9,64.2,83.2,88.9,83.8,92.5,80.8,71.1,87.8,67.5,57.0,76.5,73.0,62.6,81.4,88.2,83.1,91.9,81.1,75.6,85.6,71.4,58.6,81.5,88.1,81.4,92.6,80.8,71.1,87.8,67.5,57.0,76.5,81.7,75.1,86.8,72.0,67.2,76.3,58.0,50.0,65.6,74.8,65.5,82.2,44.7,30.3,60.1,45.2,33.1,57.8
2023,zone,Kongo Central,Boma Bungu,156,12,5,16.5,10.8,24.2,70.5,54.7,82.5,81.0,74.3,86.2,72.0,69.0,74.8,49.3,42.6,56.0,58.0,43.5,71.2,80.1,71.6,86.5,70.8,65.3,75.8,51.5,42.9,60.0,80.1,71.6,86.5,70.4,65.6,74.9,48.7,40.9,56.6,72.4,65.4,78.5,61.4,54.6,67.8,40.6,34.5,47.1,58.4,47.2,68.8,33.4,24.5,43.5,33.5,25.1,43.0
2023,zone,Kongo Central,Gombe Matadi,153,15,5,2.0,0.4,8.4,65.6,48.0,79.7,96.4,92.0,98.4,84.2,69.0,92.8,62.2,53.9,69.9,58.0,40.1,74.0,98.0,91.6,99.6,84.8,76.7,90.4,63.6,56.3,70.2,96.6,92.5,98.5,83.5,71.6,91.0,60.0,51.1,68.3,91.0,77.0,96.9,78.8,66.1,87.6,58.8,50.2,66.9,77.0,69.4,83.1,44.5,36.6,52.8,43.7,34.0,53.9
2023,zone,Kongo Central,Inga,153,10,5,22.8,6.8,54.4,57.0,36.2,75.6,73.5,42.1,91.3,64.6,34.3,86.5,41.6,17.1,71.0,53.4,32.9,72.8,73.4,44.5,90.5,65.9,40.8,84.4,41.9,17.4,71.2,73.9,42.4,91.6,64.9,36.0,85.8,42.0,17.4,71.3,72.6,41.7,90.7,63.5,36.6,84.0,36.8,17.0,62.2,55.9,31.4,77.8,32.7,16.4,54.6,31.4,16.6,51.3
2023,zone,Kongo Central,Kangu,151,12,5,12.1,5.8,23.4,66.0,54.9,75.7,83.3,72.1,90.6,67.9,55.8,78.0,45.1,39.0,51.3,54.0,34.5,72.3,84.9,78.1,89.8,66.3,59.0,72.8,41.3,37.2,45.5,81.1,68.9,89.2,66.3,55.2,75.9,44.6,39.2,50.2,76.5,56.6,89.0,59.9,47.1,71.6,41.0,33.2,49.4,55.0,45.9,63.8,24.2,12.9,40.8,21.9,13.2,34.1
2023,zone,Kongo Central,Kibunzi,154,10,5,0.7,0.1,7.6,84.0,68.6,92.7,97.3,84.2,99.6,76.1,64.1,85.1,60.1,37.9,78.8,79.8,66.5,88.7,97.9,79.3,99.8,79.8,66.7,88.6,63.6,42.7,80.3,96.6,78.8,99.6,74.0,61.5,83.6,58.9,38.3,76.8,92.1,80.2,97.1,73.0,59.7,83.1,57.6,38.7,74.6,71.1,44.0,88.5,41.6,23.2,62.7,41.7,23.7,62.2
2023,zone,Kongo Central,Kimpangu,152,13,5,14.0,8.7,21.8,79.7,65.8,88.9,82.8,75.0,88.5,67.0,51.8,79.3,52.3,33.9,70.1,79.8,71.9,86.0,83.9,74.7,90.2,65.0,48.9,78.3,52.1,31.0,72.5,83.4,74.2,89.8,67.6,51.8,80.2,51.8,34.2,69.0,79.6,75.3,83.3,62.2,47.0,75.2,49.2,33.6,65.1,58.2,38.9,75.3,34.3,18.8,54.1,32.8,17.4,53.0
2023,zone,Kongo Central,Kimpese,151,20,5,9.6,3.8,22.3,79.5,71.2,85.8,85.4,73.8,92.4,80.8,68.4,89.1,67.5,59.9,74.2,79.4,66.0,88.4,87.8,76.0,94.2,77.8,65.1,86.7,67.7,64.2,71.1,85.4,73.8,92.4,79.8,66.3,88.7,67.5,59.9,74.2,84.6,72.4,92.0,75.9,56.6,88.4,61.5,49.0,72.7,73.2,66.0,79.4,43.7,33.0,55.0,39.3,27.2,52.8
2023,zone,Kongo Central,Kimvula,157,12,5,19.6,7.2,43.4,72.6,46.3,89.1,72.3,54.3,85.1,54.2,42.0,65.8,37.7,27.8,48.8,62.5,46.7,76.0,75.4,50.4,90.2,53.2,40.0,65.9,36.6,26.6,47.9,70.7,54.9,82.7,52.3,40.5,63.8,34.9,25.6,45.6,62.7,48.2,75.2,45.4,32.4,59.2,27.8,19.3,38.2,62.3,47.6,75.0,43.4,36.2,50.8,36.8,27.7,47.0
2023,zone,Kongo Central,Kinkonzi,154,11,5,7.2,3.8,13.1,88.6,81.4,93.3,89.0,80.0,94.2,83.6,69.5,91.9,73.5,57.3,85.2,87.2,77.3,93.1,89.0,80.0,94.2,82.7,70.3,90.6,74.5,59.3,85.4,89.0,80.0,94.2,83.6,69.5,91.9,73.5,57.3,85.2,89.0,80.0,94.2,83.6,69.5,91.9,73.5,57.3,85.2,76.4,62.2,86.5,35.5,25.5,47.0,35.5,25.5,47.0
2023,zone,Kongo Central,Kisantu,152,18,5,4.1,1.8,9.4,59.8,40.3,76.6,93.0,85.0,96.9,67.5,41.1,86.1,48.3,22.6,74.9,50.3,41.0,59.5,89.0,78.6,94.6,66.5,50.8,79.2,48.0,26.7,70.0,90.5,82.8,95.0,68.1,41.3,86.6,46.2,24.9,69.1,86.0,75.3,92.6,66.2,41.7,84.3,45.5,22.3,70.8,68.4,54.0,79.9,38.1,30.4,46.4,38.6,26.4,52.3
2023,zone,Kongo Central,Kitona,157,6,5,0.7,0.1,7.4,84.0,64.7,93.7,97.4,84.7,99.6,89.3,75.4,95.8,78.2,69.9,84.7,86.1,68.7,94.6,97.4,95.6,98.4,85.8,76.1,91.9,71.3,57.8,81.8,97.4,84.7,99.6,88.4,75.4,95.0,76.3,66.7,83.8,89.9,82.6,94.3,78.4,62.4,88.8,66.4,53.9,77.0,85.6,74.6,92.3,51.5,36.0,66.6,51.1,34.6,67.3
2023,zone,Kongo Central,Kizu,153,8,5,13.8,7.7,23.3,80.3,67.7,88.9,82.2,73.1,88.8,69.3,58.3,78.5,65.1,55.2,73.9,79.5,68.8,87.2,83.0,72.4,90.1,69.7,58.7,78.8,63.2,52.7,72.6,81.1,70.0,88.7,69.3,58.3,78.5,63.2,51.5,73.5,82.2,71.1,89.7,69.3,58.3,78.5,63.2,51.9,73.3,71.7,62.0,79.7,37.8,28.3,48.3,37.8,28.3,48.3
2023,zone,Kongo Central,Kuimba,152,11,5,4.6,1.7,11.7,90.3,84.1,94.3,95.4,88.3,98.3,87.7,76.1,94.1,73.0,57.9,84.1,88.3,78.5,94.0,94.6,90.1,97.2,88.4,80.9,93.2,73.9,58.4,85.1,95.4,88.3,98.3,87.7,76.1,94.1,73.4,58.2,84.6,93.8,86.1,97.4,86.5,72.5,93.9,71.5,56.2,83.0,77.7,66.8,85.8,47.6,36.7,58.8,47.2,37.0,57.6
2023,zone,Kongo Central,Kwilu Ngongo,149,21,5,8.4,2.4,25.6,85.2,72.0,92.8,84.7,65.8,94.1,75.6,55.3,88.6,68.8,44.0,86.1,84.8,70.8,92.8,87.5,66.6,96.1,74.3,52.0,88.5,69.4,46.7,85.5,84.9,63.4,94.8,76.8,53.4,90.5,69.6,42.5,87.6,81.6,61.9,92.4,71.9,52.8,85.4,61.2,32.5,83.7,77.9,48.3,93.0,44.8,21.7,70.3,44.0,25.1,64.8
2023,zone,Kongo Central,Lukula,159,16,5,27.4,14.9,44.9,51.2,36.4,65.9,65.2,46.4,80.2,41.7,20.7,66.1,30.6,17.2,48.4,51.9,42.2,61.5,66.7,47.2,81.8,44.7,29.8,60.6,32.6,22.9,44.0,63.8,42.2,81.0,41.0,20.0,65.8,30.6,17.2,48.4,59.8,40.9,76.2,38.9,19.6,62.4,28.5,15.9,45.7,44.2,31.0,58.2,25.0,12.4,43.9,23.9,12.2,41.5
2023,zone,Kongo Central,Luozi,153,12,5,6.8,3.3,13.6,84.3,78.5,88.7,87.3,73.3,94.5,69.6,48.2,84.9,48.0,30.0,66.6,76.1,60.3,87.0,88.8,75.4,95.4,75.0,52.1,89.2,56.8,34.2,76.9,86.1,70.4,94.1,68.3,48.5,83.2,46.3,27.9,65.8,82.9,71.0,90.5,64.4,44.0,80.7,43.7,26.8,62.2,58.8,35.0,79.1,37.0,17.9,61.2,35.8,16.9,60.3
2023,zone,Kongo Central,Mangembo,157,10,5,2.5,1.3,4.9,85.3,69.3,93.7,94.5,91.4,96.6,88.3,79.5,93.6,76.7,56.7,89.2,79.6,67.2,88.1,95.5,93.1,97.1,86.4,68.6,94.9,76.8,57.7,88.9,93.8,91.3,95.5,87.5,76.2,93.9,74.4,52.0,88.6,89.4,86.0,92.0,82.0,66.5,91.3,68.4,48.6,83.3,87.2,77.3,93.2,52.4,46.0,58.8,51.0,40.1,61.9
2023,zone,Kongo Central,Massa,155,14,5,6.5,1.0,32.8,75.3,61.3,85.4,89.1,53.5,98.3,77.2,49.4,92.1,54.9,35.3,73.1,78.9,67.5,87.0,90.4,59.8,98.3,75.2,51.9,89.5,57.0,38.1,74.1,88.0,52.1,98.0,76.1,47.7,91.7,53.8,32.2,74.0,82.8,49.6,95.9,76.0,40.6,93.6,52.9,26.7,77.5,64.9,42.4,82.3,36.3,28.1,45.3,33.0,22.3,45.7
2023,zone,Kongo Central,Matadi,155,12,5,15.3,2.1,61.0,79.1,36.2,96.2,83.1,33.9,97.9,79.0,32.3,96.7,64.0,35.7,85.1,76.1,36.4,94.6,83.1,33.9,97.9,77.9,30.3,96.6,67.9,34.7,89.3,83.1,33.9,97.9,76.8,31.5,96.0,64.2,38.5,83.8,77.6,32.0,96.2,68.6,32.7,90.7,55.4,30.4,77.9,75.6,39.7,93.6,50.9,28.9,72.5,48.6,25.4,72.4
2023,zone,Kongo Central,Mbanza Ngungu,149,12,5,11.9,6.7,20.1,83.1,76.2,88.3,84.9,76.6,90.6,79.5,65.9,88.6,69.1,51.6,82.5,77.1,71.2,82.1,86.9,80.6,91.4,78.0,63.0,88.0,69.7,58.8,78.8,84.3,76.2,90.0,78.3,64.9,87.5,69.1,51.6,82.5,84.3,75.3,90.4,76.2,61.2,86.7,64.5,51.3,75.7,75.7,66.9,82.8,46.4,36.3,56.8,45.8,35.5,56.5
2023,zone,Kongo Central,Muanda,157,12,5,18.4,12.5,26.3,69.9,60.8,77.7,79.3,73.6,84.0,66.9,56.5,75.9,50.2,43.7,56.6,71.6,63.1,78.8,80.7,74.0,86.0,65.7,50.3,78.4,51.5,41.4,61.4,78.0,70.1,84.3,64.8,49.9,77.3,50.2,43.7,56.6,65.0,50.0,77.5,51.2,36.6,65.7,42.5,31.8,54.0,59.0,48.1,69.1,38.2,23.6,55.3,36.2,23.1,51.6
2023,zone,Kongo Central,Ngidinga,149,16,5,3.4,1.1,10.0,82.0,67.5,90.9,94.5,83.5,98.3,78.0,62.9,88.2,52.8,40.0,65.2,75.8,64.7,84.3,96.0,89.2,98.6,73.9,57.7,85.5,54.7,38.4,70.0,92.5,79.0,97.6,78.0,62.6,88.3,52.8,41.4,63.9,87.1,73.3,94.4,72.7,58.2,83.6,47.2,34.6,60.2,78.0,63.6,87.8,49.2,35.1,63.4,42.5,31.7,54.1
2023,zone,Kongo Central,Nselo,156,11,5,1.9,0.7,5.1,80.2,51.9,93.8,93.5,85.5,97.2,73.7,48.5,89.3,56.2,31.0,78.5,57.4,31.5,79.8,94.8,84.9,98.4,65.5,51.2,77.5,50.9,29.3,72.1,93.0,83.0,97.3,72.5,48.6,88.0,55.0,28.9,78.7,91.3,77.8,96.9,70.9,46.6,87.2,55.0,30.0,77.6,67.8,38.2,87.8,37.9,21.6,57.4,36.4,20.7,55.7
2023,zone,Kongo Central,Nsona Mpangu,152,21,5,1.7,0.4,6.0,82.7,72.4,89.7,94.9,86.6,98.2,75.9,60.1,86.8,63.9,48.1,77.2,72.2,52.1,86.1,95.2,86.9,98.4,80.1,62.2,90.8,67.4,48.3,82.1,94.9,86.6,98.2,75.9,60.1,86.8,65.0,48.8,78.3,92.1,83.4,96.5,76.1,57.3,88.3,58.5,41.4,73.8,76.3,56.4,88.9,39.7,31.0,49.1,38.5,28.2,50.0
2023,zone,Kongo Central,Nzanza,149,10,5,4.8,1.1,18.1,91.4,80.4,96.5,90.9,77.4,96.7,84.7,71.3,92.5,77.3,65.4,86.1,91.8,82.4,96.4,92.5,85.9,96.1,85.0,80.4,88.7,78.7,69.8,85.5,90.7,81.2,95.6,83.3,72.4,90.5,75.2,64.4,83.6,87.2,76.9,93.3,77.6,67.9,85.0,65.7,55.4,74.7,84.7,73.6,91.7,55.9,37.1,73.1,54.7,35.8,72.3
2023,zone,Kongo Central,Seke Banza,149,17,5,20.4,11.0,34.7,73.5,60.4,83.5,66.3,46.9,81.5,53.7,39.5,67.3,38.0,27.4,49.8,76.4,60.6,87.2,70.5,56.1,81.7,56.1,43.6,67.9,40.6,29.2,53.1,64.9,46.0,80.0,50.8,37.2,64.4,36.5,25.8,48.8,60.6,47.2,72.6,45.8,36.4,55.5,30.8,24.7,37.6,52.7,37.6,67.4,34.8,21.8,50.5,30.6,21.8,41.1
2023,zone,Kongo Central,Sona Bata,152,11,5,21.2,5.6,54.7,65.8,30.6,89.4,72.2,42.9,90.0,61.5,38.1,80.6,43.5,26.0,62.8,69.6,36.1,90.3,74.4,45.5,91.1,61.2,37.9,80.3,44.1,30.5,58.7,72.8,46.7,89.1,61.7,41.8,78.3,43.5,28.4,59.9,70.1,43.7,87.7,57.7,39.1,74.3,41.0,27.0,56.6,55.0,40.0,69.1,36.6,25.2,49.8,33.1,23.6,44.2
2023,zone,Kongo Central,Tshela,155,10,5,7.0,3.1,15.0,91.8,84.2,95.9,93.0,85.0,96.9,80.9,65.6,90.4,70.7,54.2,83.1,90.5,78.2,96.2,93.0,85.0,96.9,83.3,68.9,91.8,73.6,56.3,85.7,91.1,80.6,96.2,79.5,62.0,90.3,70.7,54.2,83.1,89.4,80.8,94.4,80.4,66.3,89.5,70.0,52.0,83.4,78.5,65.7,87.4,50.7,42.7,58.7,50.3,42.3,58.3
2023,zone,Kongo Central,Vaku,154,10,5,8.1,3.9,16.1,83.1,62.7,93.5,87.2,78.9,92.5,76.3,53.7,89.9,57.6,31.3,80.2,82.8,63.0,93.2,89.3,79.7,94.7,77.1,55.5,90.1,57.4,31.7,79.6,87.2,78.9,92.5,75.6,51.6,90.0,57.6,31.3,80.2,85.4,77.3,90.9,74.4,55.9,87.0,54.3,27.7,78.6,65.6,43.3,82.7,39.1,25.9,54.1,40.2,27.3,54.6
2023,zone,Kwango,Boko,152,21,5,10.4,4.4,22.7,83.1,61.5,93.8,77.5,51.1,91.9,54.3,35.6,71.9,39.9,22.7,60.0,81.8,63.3,92.1,85.0,69.0,93.5,59.8,44.6,73.3,42.6,25.8,61.3,75.6,52.9,89.5,50.0,33.9,66.1,37.9,22.3,56.5,74.2,50.0,89.2,51.3,31.1,71.1,34.3,15.4,60.0,59.2,34.1,80.3,34.3,22.6,48.2,31.9,20.8,45.4
2023,zone,Kwango,Feshi,183,18,6,1.1,0.1,10.9,83.6,68.0,92.5,97.4,89.5,99.4,86.6,72.3,94.2,75.7,61.1,86.0,79.6,53.2,93.0,98.3,84.3,99.8,86.1,69.9,94.3,75.8,62.0,85.7,97.4,89.5,99.4,86.6,72.3,94.2,76.5,61.9,86.8,96.7,90.7,98.9,85.5,71.4,93.3,73.2,59.9,83.3,81.8,59.9,93.1,53.8,32.4,73.9,52.1,32.5,71.1
2023,zone,Kwango,Kahemba,214,28,7,0.0,0.0,0.0,100.0,100.0,100.0,95.6,82.2,99.0,82.9,69.1,91.3,68.7,56.6,78.6,100.0,100.0,100.0,95.4,83.1,98.9,82.9,68.1,91.6,70.1,56.4,81.0,95.6,82.2,99.0,82.3,69.0,90.6,68.7,56.6,78.6,91.7,82.7,96.2,82.3,69.6,90.4,68.7,56.4,78.9,76.1,60.2,87.0,51.6,32.7,70.1,51.0,31.2,70.5
2023,zone,Kwango,Kajiji,154,20,5,2.5,0.2,22.4,92.2,64.8,98.7,81.4,47.3,95.5,69.1,41.4,87.6,60.0,29.8,84.1,93.5,71.7,98.8,89.7,68.4,97.3,73.0,50.6,87.7,60.0,29.8,84.1,81.0,44.4,95.8,68.7,39.2,88.2,60.0,29.8,84.1,76.7,41.9,93.8,64.0,38.5,83.4,57.6,30.3,81.0,72.5,43.4,90.0,51.2,32.4,69.6,48.9,28.5,69.6
2023,zone,Kwango,Kasongo Lunda,153,21,5,17.2,9.7,28.6,72.3,61.7,80.9,77.4,69.8,83.5,60.3,42.6,75.6,47.4,31.5,64.0,66.0,51.5,77.9,81.6,72.2,88.4,65.8,56.7,73.8,53.6,44.2,62.6,75.3,64.9,83.5,58.9,40.1,75.4,46.9,32.6,61.8,72.1,64.8,78.4,54.8,38.5,70.2,41.3,28.6,55.2,62.1,56.9,67.0,35.0,23.5,48.4,32.2,20.1,47.3
2023,zone,Kwango,Kenge,213,29,7,8.7,4.1,17.5,79.6,66.1,88.7,83.5,69.6,91.8,61.4,47.0,74.1,48.2,31.8,65.0,82.0,69.3,90.1,87.4,78.5,92.9,67.3,55.5,77.2,56.6,40.9,71.1,82.9,68.4,91.6,60.9,48.4,72.1,48.3,33.0,63.9,79.5,62.8,89.9,61.7,43.6,77.0,47.0,31.6,63.0,67.8,56.3,77.5,42.5,32.0,53.7,40.3,30.2,51.3
2023,zone,Kwango,Kimbao,182,24,6,1.2,0.1,13.1,97.6,90.1,99.5,97.0,92.5,98.8,92.5,88.4,95.3,89.5,84.2,93.2,97.6,90.1,99.5,97.7,91.7,99.4,92.5,88.4,95.3,88.8,84.4,92.1,97.0,92.5,98.8,92.1,87.0,95.4,88.4,81.0,93.2,95.0,85.8,98.4,90.7,85.7,94.0,88.1,82.2,92.1,92.8,89.4,95.2,57.6,36.1,76.5,57.6,36.1,76.5
2023,zone,Kwango,Kisanji,152,16,5,1.9,0.3,11.2,92.6,72.1,98.4,93.9,80.1,98.3,81.4,53.2,94.4,72.3,47.2,88.4,95.1,87.3,98.2,95.1,84.8,98.5,87.5,72.5,94.9,75.5,54.8,88.7,92.7,75.5,98.1,80.7,50.9,94.4,71.6,45.1,88.6,87.5,57.3,97.3,79.4,49.3,93.8,71.6,45.1,88.6,82.4,74.3,88.3,48.5,35.1,62.2,46.8,33.0,61.0
2023,zone,Kwango,Kitenda,191,23,6,5.4,1.1,22.8,88.1,64.1,96.8,92.2,79.8,97.3,81.3,69.4,89.4,65.2,52.7,75.9,87.3,79.4,92.4,92.5,81.8,97.2,81.6,71.4,88.7,63.8,50.3,75.4,91.8,78.4,97.2,79.5,66.4,88.3,64.5,50.9,76.1,90.8,78.0,96.5,81.3,68.5,89.7,63.0,52.1,72.7,76.2,65.0,84.6,47.4,33.3,62.0,42.2,29.9,55.5
2023,zone,Kwango,Mwela Lembwa,149,16,5,0.0,0.0,0.0,100.0,100.0,100.0,98.2,94.1,99.4,93.0,84.4,97.0,90.0,80.8,95.1,99.5,92.8,100.0,98.8,91.5,99.9,94.3,83.7,98.1,91.3,85.2,95.0,98.2,94.1,99.4,93.0,84.4,97.0,90.0,80.8,95.1,98.2,94.1,99.4,92.7,81.6,97.3,89.1,74.8,95.8,94.0,89.2,96.8,59.8,50.8,68.2,60.4,52.0,68.2
2023,zone,Kwango,Panzi,190,25,6,21.9,9.9,41.8,72.9,53.9,86.1,70.6,52.8,83.8,58.1,41.6,72.9,43.7,28.3,60.5,76.2,56.0,89.0,75.3,58.1,87.1,68.0,51.2,81.2,53.4,37.0,69.1,69.4,51.3,82.9,55.6,40.0,70.3,44.3,29.7,60.0,69.1,52.5,81.9,59.2,40.9,75.3,51.2,34.8,67.4,69.4,50.8,83.3,53.2,38.4,67.6,50.9,38.9,62.8
2023,zone,Kwango,Popokabaka,213,30,7,25.2,12.2,44.9,63.4,44.2,79.2,61.1,44.5,75.5,40.4,27.1,55.4,26.8,15.9,41.5,65.3,46.3,80.4,69.5,53.1,82.1,48.9,36.9,61.0,32.8,22.1,45.5,58.8,43.0,73.0,39.7,26.1,55.1,25.7,15.1,40.1,52.9,36.9,68.4,37.5,24.9,52.0,27.3,17.3,40.4,45.7,35.4,56.5,32.2,25.0,40.3,30.1,23.3,37.9
2023,zone,Kwango,Tembo,161,15,5,13.2,3.8,37.2,77.9,57.5,90.2,78.7,50.0,93.2,69.7,43.1,87.5,57.4,28.9,81.7,79.0,58.6,90.9,80.9,53.9,93.9,71.3,41.0,89.9,56.8,30.6,79.7,78.7,50.0,93.2,70.9,43.3,88.6,57.8,28.1,82.7,78.8,51.6,92.8,70.2,39.7,89.4,53.1,28.3,76.5,65.6,36.3,86.5,39.7,20.3,63.1,37.1,18.5,60.6
2023,zone,Kwango,Wamba Lwadi,150,19,5,1.6,0.2,9.6,97.7,91.8,99.4,97.8,88.6,99.6,95.6,83.0,99.0,93.8,79.0,98.4,96.6,87.4,99.2,97.8,88.6,99.6,95.6,83.0,99.0,93.8,79.0,98.4,97.8,88.6,99.6,95.6,83.0,99.0,93.8,79.0,98.4,97.8,88.6,99.6,95.6,83.0,99.0,93.2,77.7,98.2,93.8,79.0,98.4,69.7,53.2,82.4,69.7,53.2,82.4
2023,zone,Kwilu,Bagata,183,23,6,0.0,0.0,0.0,92.8,85.3,96.6,92.3,80.9,97.1,84.1,73.7,91.0,73.6,60.3,83.6,88.3,79.7,93.5,86.4,71.8,94.1,81.3,69.4,89.2,77.3,66.1,85.6,89.8,78.9,95.4,81.3,68.9,89.5,73.6,60.3,83.6,89.8,84.0,93.6,82.9,72.2,90.1,73.6,61.2,83.2,81.7,71.8,88.6,64.6,45.3,80.1,57.4,40.3,72.8
2023,zone,Kwilu,Bandundu,188,24,6,1.8,0.3,10.3,95.9,82.7,99.1,96.4,88.1,99.0,89.9,70.9,97.0,82.9,65.6,92.5,91.7,69.7,98.1,95.8,82.7,99.1,89.8,77.8,95.7,82.9,70.2,90.9,96.4,88.1,99.0,89.9,70.9,97.0,82.9,65.6,92.5,94.9,83.3,98.6,87.2,75.0,93.9,80.3,64.7,90.0,87.4,71.7,95.0,60.8,51.2,69.6,60.0,49.7,69.6
2023,zone,Kwilu,Bulungu,208,32,7,0.5,0.1,4.8,98.4,92.8,99.7,99.5,95.2,99.9,98.4,92.7,99.7,95.1,81.1,98.9,96.3,91.2,98.5,99.5,95.2,99.9,98.4,92.7,99.7,95.1,81.1,98.9,99.5,95.2,99.9,98.4,92.7,99.7,94.8,81.6,98.7,99.5,95.2,99.9,97.8,91.5,99.5,95.1,81.1,98.9,95.6,80.3,99.2,80.7,44.1,95.7,80.7,44.1,95.7
2023,zone,Kwilu,Djuma,237,35,8,0.0,0.0,0.0,98.7,92.9,99.8,99.1,92.5,99.9,98.3,85.7,99.8,97.4,85.4,99.6,98.2,93.8,99.5,99.1,92.5,99.9,98.3,85.7,99.8,97.8,82.5,99.8,99.1,92.5,99.9,98.3,85.7,99.8,97.8,82.5,99.8,99.1,92.5,99.9,98.3,85.7,99.8,97.4,85.4,99.6,97.8,82.5,99.8,83.9,70.3,91.9,83.6,69.9,91.8
2023,zone,Kwilu,Gungu,204,31,7,17.1,7.3,35.3,79.9,58.9,91.7,79.4,53.7,92.7,76.9,52.1,91.1,73.6,47.7,89.6,81.1,61.7,91.9,79.4,53.7,92.7,77.5,51.7,91.8,75.0,47.0,91.0,79.4,53.7,92.7,76.9,52.1,91.1,73.0,47.6,88.9,78.9,53.7,92.4,75.5,51.9,89.8,69.2,47.4,84.9,76.3,46.3,92.3,66.7,45.4,82.8,65.7,45.8,81.3
2023,zone,Kwilu,Idiofa,240,41,8,0.8,0.1,5.6,91.0,80.0,96.2,99.2,94.4,99.9,93.7,88.6,96.6,86.3,72.2,93.8,68.6,37.3,88.9,99.2,94.4,99.9,94.5,89.8,97.1,89.8,81.0,94.7,99.2,94.4,99.9,94.5,89.8,97.1,88.7,79.1,94.2,98.7,94.8,99.7,94.2,89.7,96.9,76.4,55.9,89.2,89.8,81.0,94.7,56.7,41.6,70.6,56.4,41.6,70.1
2023,zone,Kwilu,Ipamu,211,32,7,1.1,0.2,5.2,80.7,68.0,89.2,98.4,91.1,99.7,98.0,91.8,99.5,92.1,84.4,96.2,59.9,34.0,81.2,98.7,93.1,99.8,97.7,90.0,99.5,91.9,85.3,95.7,98.4,91.1,99.7,98.0,91.8,99.5,91.2,84.0,95.3,98.1,88.9,99.7,97.4,88.0,99.5,88.1,79.8,93.3,92.2,85.5,96.0,71.2,58.1,81.5,69.2,57.5,78.9
2023,zone,Kwilu,Kikongo,202,24,6,0.6,0.1,6.4,94.7,84.4,98.3,99.1,94.8,99.8,89.4,80.5,94.5,74.8,58.5,86.2,87.1,81.4,91.3,95.7,91.5,97.8,86.3,76.1,92.5,73.5,59.4,84.0,99.1,94.8,99.8,88.6,77.3,94.7,73.2,57.4,84.6,98.7,95.8,99.6,87.1,73.5,94.2,72.1,58.3,82.7,78.8,67.4,86.9,48.4,38.1,58.9,48.1,37.6,58.8
2023,zone,Kwilu,Kikwit Nord,173,26,6,0.5,0.0,5.5,96.8,93.4,98.5,98.3,94.7,99.5,92.0,78.4,97.3,83.6,67.8,92.5,92.4,77.7,97.7,98.8,94.5,99.7,91.4,78.4,96.9,82.2,66.3,91.5,98.3,94.7,99.5,91.0,79.2,96.4,83.6,67.8,92.5,96.9,92.2,98.8,90.1,78.4,95.8,79.5,60.4,90.7,88.7,76.2,95.0,54.0,43.5,64.2,54.5,43.8,64.8
2023,zone,Kwilu,Kikwit Sud,178,24,6,11.3,2.6,38.0,80.2,57.7,92.3,85.5,58.1,96.2,74.3,57.3,86.2,63.1,45.4,77.8,80.0,60.7,91.3,87.6,63.0,96.7,74.2,58.9,85.3,63.8,47.3,77.6,84.4,59.2,95.3,71.9,54.4,84.6,62.5,44.8,77.4,80.4,55.4,93.1,71.4,52.1,85.1,60.7,41.7,76.9,68.0,49.5,82.1,42.1,32.2,52.8,40.8,30.0,52.6
2023,zone,Kwilu,Kimputu,210,28,7,1.2,0.1,10.1,83.4,53.1,95.7,96.9,77.1,99.7,92.7,65.7,98.8,87.2,42.6,98.4,76.7,45.4,92.9,96.9,77.1,99.7,92.7,65.7,98.8,86.8,43.4,98.2,96.9,77.1,99.7,92.7,65.7,98.8,86.8,43.4,98.2,96.9,77.1,99.7,92.7,65.7,98.8,84.4,44.4,97.3,88.4,46.9,98.5,65.6,33.9,87.6,64.5,33.5,86.8
2023,zone,Kwilu,Kingandu,147,20,5,2.8,0.7,10.0,95.4,83.6,98.8,94.4,87.3,97.7,91.7,84.0,95.9,89.4,76.7,95.6,96.6,89.0,99.0,95.1,90.5,97.5,93.2,86.7,96.6,90.6,81.7,95.4,93.1,86.5,96.6,91.1,81.9,95.9,89.4,76.7,95.6,94.4,87.3,97.7,92.7,81.6,97.3,88.7,76.0,95.1,92.0,84.2,96.1,72.6,62.3,80.9,73.3,62.1,82.2
2023,zone,Kwilu,Koshibanda,211,29,7,0.0,0.0,0.0,87.2,74.0,94.2,98.6,87.1,99.9,86.1,77.0,92.0,68.6,51.7,81.7,48.8,34.8,63.0,98.8,92.8,99.8,85.2,74.8,91.8,67.4,50.7,80.7,98.0,89.4,99.7,86.8,75.5,93.3,69.3,51.6,82.7,98.0,95.7,99.1,80.8,66.7,89.8,64.9,44.7,80.9,70.5,53.0,83.5,53.1,28.1,76.7,52.9,27.1,77.2
2023,zone,Kwilu,Lusanga,240,37,8,1.0,0.1,8.3,93.6,86.5,97.1,98.7,93.3,99.8,97.7,92.1,99.4,95.0,86.1,98.3,90.0,78.4,95.7,98.7,93.3,99.8,97.7,92.1,99.4,94.7,86.3,98.0,98.7,93.3,99.8,97.7,92.1,99.4,95.0,86.1,98.3,98.7,93.3,99.8,97.7,92.1,99.4,94.6,86.4,98.0,95.3,87.0,98.4,66.8,54.1,77.4,66.8,54.1,77.4
2023,zone,Kwilu,Masi Manimba,180,27,6,8.6,5.3,13.6,89.7,81.8,94.4,87.4,75.6,94.0,81.9,63.3,92.3,80.2,58.8,92.0,86.9,74.9,93.7,87.4,75.6,94.0,82.5,64.4,92.5,79.5,61.0,90.6,86.2,72.2,93.8,82.5,64.4,92.5,78.6,57.8,90.7,85.8,71.9,93.5,81.9,63.3,92.3,74.9,56.9,87.1,80.4,60.2,91.8,58.9,49.6,67.5,58.4,49.8,66.6
2023,zone,Kwilu,Moanza,181,23,6,6.7,1.6,24.3,92.6,71.7,98.4,85.6,56.7,96.4,81.9,48.6,95.6,77.1,39.4,94.6,89.6,57.0,98.3,86.4,59.6,96.5,81.1,46.3,95.5,77.8,41.5,94.6,84.9,55.8,96.2,80.4,45.2,95.3,76.2,38.5,94.3,81.4,47.4,95.5,79.4,43.3,95.1,73.5,36.3,93.1,78.2,43.1,94.5,59.3,23.4,87.4,59.3,23.4,87.4
2023,zone,Kwilu,Mokala,241,35,8,0.0,0.0,0.0,98.3,85.1,99.8,99.4,96.9,99.9,96.2,82.1,99.3,93.6,76.0,98.6,89.4,80.9,94.3,99.4,96.9,99.9,96.2,82.1,99.3,94.2,74.5,98.9,99.4,96.9,99.9,95.7,83.6,99.0,92.4,77.8,97.7,99.0,96.5,99.7,95.7,83.6,99.0,92.9,76.7,98.1,93.6,76.0,98.6,81.0,57.7,93.0,80.7,56.8,93.0
2023,zone,Kwilu,Mosango,152,18,5,1.4,0.1,14.4,97.3,73.9,99.8,95.5,67.9,99.5,94.1,59.3,99.4,92.4,62.3,98.9,98.6,85.6,99.9,95.5,67.9,99.5,92.7,51.9,99.3,90.7,62.2,98.3,95.5,67.9,99.5,94.1,59.3,99.4,91.7,58.4,98.9,94.8,63.4,99.5,92.7,51.9,99.3,91.0,54.8,98.8,93.7,70.7,98.9,80.8,51.6,94.3,80.8,51.6,94.3
2023,zone,Kwilu,Mukedi,179,27,6,7.6,2.3,22.3,90.0,75.7,96.3,90.1,66.4,97.7,84.6,55.4,96.0,80.8,52.8,94.1,89.3,72.4,96.3,90.1,66.4,97.7,84.4,56.3,95.8,80.8,55.7,93.4,90.1,66.4,97.7,84.6,55.4,96.0,80.5,54.3,93.5,89.3,66.9,97.2,82.9,56.1,94.9,72.1,49.3,87.3,86.6,58.3,96.7,72.2,34.7,92.7,72.6,35.0,92.9
2023,zone,Kwilu,Mungindu,186,24,6,23.8,15.1,35.4,73.6,62.9,82.1,74.5,62.1,83.8,71.5,58.4,81.8,65.5,51.7,77.2,72.4,62.5,80.6,75.1,64.4,83.4,72.6,60.9,81.9,66.1,53.3,77.0,75.1,64.4,83.4,70.8,58.1,80.9,65.3,52.5,76.2,72.9,61.7,81.9,69.0,56.9,79.0,58.8,45.6,70.9,68.3,55.4,78.8,43.4,23.9,65.3,42.2,22.5,64.7
2023,zone,Kwilu,Pay Kongila,178,23,6,0.0,0.0,0.0,99.2,95.3,99.9,97.8,79.3,99.8,96.4,80.9,99.4,95.8,81.4,99.2,99.5,94.2,100.0,99.5,94.2,100.0,98.5,94.9,99.6,97.7,91.2,99.4,98.4,83.9,99.9,96.4,80.9,99.4,95.8,81.4,99.2,99.5,94.2,100.0,98.5,94.9,99.6,96.6,86.7,99.2,97.5,91.0,99.3,93.7,80.4,98.2,92.5,77.3,97.8
2023,zone,Kwilu,Sia,174,22,5,1.2,0.3,5.3,94.4,87.7,97.5,93.1,90.5,95.1,85.3,82.5,87.7,71.8,57.2,82.9,97.3,90.3,99.3,92.1,83.6,96.3,85.1,79.5,89.4,75.6,61.4,85.7,91.4,86.1,94.8,82.2,79.1,84.9,70.7,54.7,82.8,95.3,79.9,99.1,89.2,73.2,96.2,73.4,52.4,87.4,83.6,80.6,86.2,72.4,64.1,79.5,70.8,62.6,77.8
2023,zone,Kwilu,Vanga,240,42,8,0.0,0.0,0.0,100.0,100.0,100.0,100.0,100.0,100.0,100.0,100.0,100.0,98.9,95.6,99.7,98.8,95.7,99.7,100.0,100.0,100.0,100.0,100.0,100.0,98.1,91.2,99.6,100.0,100.0,100.0,100.0,100.0,100.0,99.2,94.7,99.9,100.0,100.0,100.0,100.0,100.0,100.0,99.2,94.7,99.9,100.0,100.0,100.0,95.6,85.3,98.8,95.0,86.7,98.2
2023,zone,Kwilu,Yasa Bonga,184,27,6,30.9,19.1,45.8,52.8,41.8,63.6,55.2,40.5,69.1,36.1,25.1,48.8,23.1,13.7,36.3,50.8,38.4,63.2,54.8,42.5,66.6,36.9,24.0,52.1,24.6,14.9,37.8,54.2,40.0,67.8,35.4,24.5,48.0,22.7,13.1,36.3,48.7,36.3,61.3,33.2,22.5,46.0,20.5,12.8,31.2,30.4,17.3,47.6,12.5,5.4,26.2,12.5,5.7,25.0
2023,zone,Lomami,Kabinda,201,26,6,9.7,4.9,18.5,80.1,61.2,91.2,84.1,71.9,91.7,72.2,57.4,83.4,54.2,41.2,66.6,45.9,26.5,66.6,85.6,73.7,92.7,65.7,55.4,74.7,41.7,29.8,54.6,84.1,71.9,91.7,68.3,51.5,81.5,52.4,37.4,67.0,78.0,69.4,84.8,53.1,42.4,63.5,30.0,21.3,40.3,65.6,54.7,75.0,44.5,36.6,52.6,43.2,36.6,50.2
2023,zone,Lomami,Kalambayi Kabanga,152,16,5,12.4,7.1,20.7,67.6,61.3,73.3,85.1,73.9,92.1,72.1,56.1,83.9,56.2,46.0,65.9,51.7,42.3,61.0,82.6,68.1,91.4,69.4,54.8,80.9,57.3,44.5,69.1,82.6,71.9,89.8,70.2,56.9,80.8,52.0,38.1,65.6,81.3,67.7,90.0,67.5,55.5,77.6,39.5,30.2,49.7,62.7,53.0,71.5,36.7,31.7,41.9,37.9,30.4,46.0
2023,zone,Lomami,Kalenda,212,28,7,23.7,10.4,45.4,57.1,37.6,74.7,70.5,52.2,83.9,53.1,35.7,69.9,35.8,19.0,57.0,50.6,33.8,67.2,72.7,53.0,86.3,52.2,32.0,71.7,35.7,17.2,59.8,70.5,52.2,83.9,51.5,33.0,69.5,33.7,16.5,56.7,66.1,48.5,80.2,51.2,32.9,69.1,31.2,16.4,51.1,44.1,30.5,58.7,25.0,12.2,44.4,24.6,12.7,42.2
2023,zone,Lomami,Kalonda Est,146,22,5,9.1,4.4,17.7,76.2,60.9,86.9,69.1,59.6,77.3,51.2,40.0,62.4,30.6,18.6,45.9,75.7,67.0,82.7,77.7,63.6,87.4,59.2,42.7,73.8,42.4,23.1,64.4,61.6,46.9,74.4,41.1,27.6,56.0,25.5,13.0,43.9,66.3,54.5,76.4,46.5,27.1,67.0,20.1,8.5,40.5,48.0,32.7,63.7,43.9,26.7,62.7,41.2,24.4,60.3
2023,zone,Lomami,Kamana,179,23,6,24.6,14.7,38.1,58.5,43.6,72.0,57.6,38.7,74.6,42.3,29.9,55.7,28.8,19.5,40.3,55.6,45.3,65.5,71.4,56.3,82.9,52.8,49.3,56.2,40.0,32.5,48.0,56.7,39.9,72.0,40.9,29.7,53.1,26.9,18.6,37.2,36.6,24.9,50.1,24.7,12.6,42.9,10.7,3.5,28.1,45.1,29.9,61.2,25.7,15.0,40.6,22.1,13.8,33.3
2023,zone,Lomami,Kamiji,150,12,5,1.0,0.2,6.2,87.8,76.3,94.1,97.2,95.4,98.2,92.3,82.3,96.8,72.5,46.4,88.9,61.1,34.9,82.2,94.1,81.4,98.3,84.7,62.3,94.9,62.0,28.7,86.9,97.2,95.4,98.2,90.4,80.8,95.5,70.3,42.9,88.2,95.3,91.2,97.6,81.8,68.4,90.4,45.3,23.5,69.0,77.0,44.5,93.3,32.9,18.6,51.1,33.7,19.6,51.5
2023,zone,Lomami,Kanda Kanda,144,18,5,5.6,1.4,19.5,79.4,51.4,93.4,88.8,65.9,97.0,63.1,30.3,87.1,52.0,19.0,83.4,56.8,29.8,80.3,89.1,62.2,97.6,64.2,31.0,87.7,52.0,18.9,83.4,88.6,61.7,97.4,63.7,30.2,87.7,53.1,19.4,84.2,84.8,56.3,96.0,60.1,27.7,85.5,36.6,13.7,67.6,57.7,21.5,87.2,35.4,14.8,63.4,34.8,14.5,62.7
2023,zone,Lomami,Lubao,151,15,5,1.9,0.6,5.7,86.4,73.6,93.6,90.1,78.0,95.9,71.8,52.2,85.5,56.3,37.6,73.4,62.9,46.3,77.0,90.9,77.6,96.7,76.8,62.3,86.9,57.9,41.3,72.9,87.6,66.0,96.3,71.5,50.2,86.2,57.3,40.3,72.8,79.1,57.5,91.4,67.1,46.7,82.6,49.7,31.6,67.8,66.4,50.3,79.4,29.7,19.4,42.7,25.6,16.0,38.4
2023,zone,Lomami,Ludimbi Lukula,148,15,5,3.0,0.8,10.5,86.1,51.0,97.4,89.8,62.7,97.9,83.4,60.8,94.2,73.6,46.9,89.8,64.9,44.2,81.2,92.4,81.6,97.1,80.8,57.8,92.9,61.7,33.4,83.8,89.8,62.7,97.9,82.7,61.0,93.6,70.4,43.0,88.2,75.8,59.1,87.2,61.2,38.7,79.8,21.3,5.0,58.1,74.7,52.5,88.8,51.8,33.3,69.8,50.6,31.2,69.8
2023,zone,Lomami,Luputa,212,30,7,12.0,6.3,21.9,70.4,61.1,78.2,83.5,70.5,91.5,74.0,59.2,84.9,50.0,35.0,65.0,40.9,31.4,51.1,82.3,67.6,91.2,71.5,55.9,83.2,41.5,34.2,49.1,82.3,66.8,91.4,73.4,55.8,85.8,48.5,36.2,60.9,78.7,62.5,89.1,60.4,46.8,72.6,36.2,20.9,55.0,56.4,45.9,66.4,30.6,17.1,48.4,27.5,16.4,42.3
2023,zone,Lomami,Makota,150,17,5,4.1,1.2,13.5,85.8,75.1,92.4,74.1,62.4,83.1,49.8,19.5,80.2,40.4,15.9,70.7,61.5,47.2,74.0,74.8,59.3,85.8,49.9,20.7,79.2,37.7,15.9,66.0,73.3,60.8,83.0,50.4,20.8,79.8,41.0,17.1,70.1,72.1,60.7,81.2,44.4,19.4,72.5,28.9,9.6,60.7,44.4,21.3,70.3,19.5,8.6,38.3,16.7,7.2,34.3
2023,zone,Lomami,Mulumba,153,19,5,11.5,6.0,20.9,61.6,46.3,75.0,80.6,73.6,86.1,67.1,52.9,78.7,47.6,31.3,64.4,45.3,23.1,69.5,79.6,73.6,84.5,59.7,53.1,66.0,41.5,29.6,54.5,78.4,72.8,83.1,65.4,53.3,75.7,48.7,32.5,65.1,76.7,69.5,82.6,58.2,42.7,72.2,28.9,16.1,46.2,49.4,35.2,63.7,29.8,18.8,43.6,27.9,17.9,40.7
2023,zone,Lomami,Mweneditu,180,23,6,1.7,0.4,6.8,87.9,79.9,93.0,95.8,83.4,99.0,76.0,64.2,84.8,56.7,44.8,67.8,62.7,51.3,72.9,95.2,81.1,98.9,73.5,64.5,80.8,52.9,44.7,60.8,94.7,86.1,98.1,74.9,63.7,83.5,56.0,46.5,65.1,90.0,79.1,95.5,69.1,60.0,77.0,41.7,30.8,53.6,60.8,50.3,70.4,31.4,25.8,37.7,31.3,25.4,37.8
2023,zone,Lomami,Ngandajika,150,19,5,11.1,8.1,15.2,65.4,45.4,81.2,79.7,66.2,88.7,64.7,54.1,74.0,44.7,38.5,51.1,60.6,40.4,77.7,84.0,77.2,89.1,65.7,57.3,73.2,41.9,32.8,51.6,79.7,70.7,86.5,62.9,53.5,71.3,42.2,32.8,52.3,75.5,60.3,86.2,60.2,48.1,71.1,35.2,30.3,40.4,48.8,39.3,58.4,22.1,12.6,35.8,19.8,9.2,37.4
2023,zone,Lomami,Tshofa,150,17,5,2.3,1.0,5.1,89.1,78.4,94.8,95.8,85.1,98.9,83.4,69.9,91.6,61.8,45.1,76.1,76.0,61.4,86.3,93.6,78.3,98.3,81.8,59.8,93.1,57.8,39.1,74.5,95.2,80.7,98.9,83.0,64.6,92.9,60.7,43.0,75.9,90.8,75.7,96.9,71.8,48.1,87.4,10.4,1.7,44.5,67.1,45.7,83.2,28.6,15.6,46.4,29.2,16.3,46.6
2023,zone,Lomami,Wikong,151,16,5,9.9,7.6,12.8,79.3,64.1,89.2,85.6,80.8,89.4,66.1,53.3,76.9,46.1,26.0,67.6,60.5,40.5,77.5,87.0,81.0,91.3,65.2,51.1,77.1,47.1,29.1,65.9,84.5,80.3,87.9,65.2,51.6,76.7,44.7,22.6,69.1,76.3,72.4,79.7,56.6,47.0,65.8,28.7,16.0,46.0,50.2,29.8,70.7,24.3,12.8,41.5,23.6,12.8,39.4
2023,zone,Lualaba,Bunkeya,155,8,5,10.4,7.7,13.7,82.0,78.2,85.3,82.9,73.8,89.3,66.0,53.5,76.7,42.5,34.0,51.5,82.9,78.4,86.6,87.9,80.9,92.6,72.2,69.9,74.5,53.0,48.5,57.6,81.7,70.6,89.2,66.0,53.5,76.7,41.7,32.3,51.9,64.3,37.4,84.4,47.7,22.7,73.8,33.2,25.7,41.6,60.4,58.3,62.4,26.1,20.9,32.1,27.9,20.8,36.4
2023,zone,Lualaba,Dilala,154,13,5,15.0,3.9,43.8,76.0,50.7,90.7,80.1,51.9,93.8,71.7,43.2,89.4,60.2,37.3,79.4,72.5,42.2,90.4,81.7,53.7,94.5,71.2,45.3,88.1,62.1,38.4,81.2,78.9,49.5,93.5,64.3,41.0,82.4,55.5,34.2,75.0,75.9,48.8,91.2,66.1,41.5,84.3,54.5,28.7,78.2,68.9,42.7,86.8,31.7,18.3,48.9,29.2,16.7,45.9
2023,zone,Lualaba,Dilolo,182,23,6,21.1,15.6,27.8,73.4,67.0,78.9,61.6,52.5,70.0,47.4,37.1,57.9,32.8,23.2,44.1,76.7,69.1,82.9,73.3,62.4,82.0,53.0,42.3,63.5,36.2,26.6,47.0,57.2,47.2,66.7,43.3,35.9,50.9,31.7,23.7,41.0,54.2,39.8,67.9,42.8,30.5,56.1,31.2,20.1,45.0,59.4,48.3,69.6,24.0,16.2,34.1,24.2,14.6,37.4
2023,zone,Lualaba,Fungurume,151,18,5,26.8,20.5,34.1,47.4,28.1,67.5,65.8,59.3,71.8,56.5,48.8,63.9,46.6,40.1,53.2,54.0,44.5,63.3,71.3,67.3,75.1,61.5,56.0,66.7,47.6,42.1,53.1,64.0,55.0,72.1,55.6,43.2,67.3,45.7,36.1,55.6,57.7,41.4,72.4,48.9,30.4,67.7,39.1,26.1,53.9,48.8,43.6,54.0,26.5,21.1,32.7,26.2,21.1,32.2
2023,zone,Lualaba,Kafakumba,152,16,5,28.7,18.7,41.3,64.7,48.8,77.9,59.0,45.4,71.3,44.7,37.1,52.5,19.4,16.4,22.8,69.8,55.9,80.8,62.4,49.6,73.7,49.1,42.6,55.7,32.8,27.4,38.7,58.9,44.5,72.0,44.6,36.4,53.0,27.0,20.5,34.7,54.0,44.2,63.5,44.6,37.7,51.7,27.7,21.5,34.9,47.0,39.0,55.1,32.8,26.3,40.0,24.5,21.2,28.2
2023,zone,Lualaba,Kalamba,150,18,5,8.5,5.1,13.9,82.9,73.2,89.6,74.4,53.7,88.0,61.4,39.1,79.7,44.5,34.9,54.5,85.1,80.4,88.9,79.8,65.1,89.3,65.6,46.3,80.8,48.7,34.2,63.5,72.8,55.8,85.0,62.8,41.9,79.9,48.5,35.4,61.8,71.3,54.2,83.9,59.0,38.4,76.9,40.7,26.2,57.0,54.4,37.8,70.1,30.4,18.0,46.5,31.0,16.3,50.9
2023,zone,Lualaba,Kanzenze,147,17,5,11.9,6.8,20.0,80.8,68.6,89.0,84.7,74.6,91.3,74.9,62.2,84.3,51.8,33.4,69.7,73.7,65.3,80.7,85.7,76.0,91.9,69.7,52.7,82.6,52.1,33.3,70.3,83.2,71.5,90.8,73.4,60.8,83.1,51.4,32.9,69.6,77.1,66.5,85.2,66.1,51.3,78.2,50.6,29.7,71.3,72.6,61.4,81.5,34.5,19.5,53.4,33.5,16.5,56.2
2023,zone,Lualaba,Kapanga,179,24,6,9.9,5.6,16.7,83.6,71.2,91.4,85.2,76.1,91.3,72.8,58.4,83.6,50.7,36.6,64.7,83.0,76.1,88.2,86.6,77.5,92.4,74.4,60.9,84.5,55.9,45.8,65.6,84.8,76.0,90.8,71.8,57.1,83.0,54.4,42.3,66.0,82.1,70.6,89.8,70.3,58.0,80.3,52.3,40.4,63.9,64.6,55.6,72.6,42.1,34.1,50.6,35.8,25.5,47.6
2023,zone,Lualaba,Kasaji,182,26,6,19.7,12.5,29.8,76.8,64.8,85.6,67.5,54.6,78.1,57.0,37.8,74.3,42.1,25.9,60.2,76.1,66.4,83.7,73.8,65.6,80.5,60.0,44.9,73.5,45.1,29.2,62.0,67.8,56.8,77.1,57.3,41.6,71.7,41.2,24.2,60.6,59.9,47.2,71.4,51.6,34.3,68.6,41.8,25.6,59.9,60.7,47.4,72.6,34.0,17.5,55.6,33.9,18.9,53.1
2023,zone,Lualaba,Lualaba,150,14,5,33.5,28.1,39.3,58.9,55.9,61.8,53.1,45.2,60.9,39.8,33.3,46.7,26.8,20.0,34.8,58.8,56.7,60.8,63.2,57.3,68.6,48.9,44.1,53.7,32.3,23.4,42.9,54.2,47.5,60.7,37.4,26.6,49.5,26.8,20.0,34.8,42.8,35.5,50.5,31.7,24.6,39.7,24.3,19.5,29.8,43.1,39.8,46.4,22.1,10.1,41.7,15.5,7.1,30.9
2023,zone,Lualaba,Lubudi,152,16,5,12.4,3.5,35.6,83.0,64.1,93.0,83.6,55.4,95.4,72.0,42.7,89.9,59.6,29.1,84.2,77.4,69.3,83.9,85.3,58.8,95.9,77.4,55.8,90.3,62.7,32.8,85.2,81.3,51.2,94.7,69.7,40.4,88.6,60.4,30.3,84.2,73.6,46.6,89.9,62.7,33.1,85.1,55.0,26.0,81.0,71.1,46.2,87.6,45.6,27.3,65.2,43.3,25.4,63.3
2023,zone,Lualaba,Manika,154,13,5,9.3,3.0,25.4,79.9,63.1,90.2,83.4,53.1,95.7,71.7,42.1,89.9,54.9,31.6,76.3,78.8,62.4,89.3,88.6,66.9,96.8,75.6,44.1,92.4,60.1,36.8,79.5,79.0,49.3,93.6,64.2,32.2,87.2,52.6,28.0,76.1,74.5,54.7,87.6,62.2,39.7,80.4,50.9,30.9,70.6,70.6,40.1,89.6,40.4,22.0,61.9,39.5,21.5,61.0
2023,zone,Lualaba,Mutshatsha,150,13,5,19.3,11.4,30.7,76.7,67.3,84.1,63.1,48.3,75.8,52.1,34.1,69.5,37.2,21.8,55.8,76.5,65.6,84.7,72.5,58.3,83.2,54.3,39.4,68.5,39.4,25.6,55.1,62.2,47.0,75.3,49.8,30.3,69.4,37.1,22.6,54.3,54.6,40.1,68.3,43.0,25.2,62.8,33.1,19.1,50.9,53.5,39.1,67.4,22.0,15.1,30.8,21.5,14.3,31.0
2023,zone,Lualaba,Sandoa,181,25,6,20.6,11.9,33.4,69.2,52.6,82.0,59.9,47.2,71.5,45.1,35.7,54.8,25.1,18.3,33.4,75.5,64.2,84.2,76.5,64.6,85.3,57.6,48.3,66.3,44.5,38.2,51.1,59.4,46.5,71.2,45.0,35.9,54.4,34.2,27.3,41.8,57.9,43.3,71.2,42.8,32.6,53.6,32.7,25.3,41.0,55.9,45.2,66.2,40.4,30.6,51.0,34.6,26.5,43.7
2023,zone,Maindombe,Banzow Moke,150,18,5,23.5,13.7,37.4,69.4,51.7,82.8,66.3,40.5,85.0,45.3,31.3,60.1,37.9,25.1,52.7,68.9,56.4,79.1,73.6,55.4,86.2,54.6,39.8,68.7,43.1,26.0,62.0,66.6,40.8,85.2,46.2,33.9,59.0,38.8,27.6,51.4,65.6,39.8,84.5,42.0,28.4,56.9,35.3,22.3,50.8,53.5,30.8,74.9,38.8,29.8,48.6,36.8,28.4,46.1
2023,zone,Maindombe,Bokoro,179,26,6,45.4,29.4,62.3,52.2,36.2,67.7,53.8,37.3,69.6,50.3,34.4,66.1,47.2,33.4,61.4,50.0,35.7,64.4,54.2,37.6,69.9,52.6,35.9,68.7,48.9,33.5,64.5,53.8,37.3,69.6,50.3,34.4,66.1,47.6,33.5,62.0,53.8,37.3,69.6,50.3,34.4,66.1,46.0,33.2,59.4,47.6,34.4,61.1,34.9,30.1,40.0,34.9,30.1,40.0
2023,zone,Maindombe,Bolobo,183,25,6,28.0,14.8,46.5,69.0,48.4,84.1,66.9,49.7,80.5,59.4,45.6,71.8,57.1,43.4,69.7,68.6,48.1,83.8,71.2,51.4,85.3,62.6,50.4,73.3,59.8,45.8,72.4,66.4,49.1,80.2,59.9,47.7,71.0,56.2,42.2,69.4,64.6,44.1,80.8,59.1,45.6,71.5,57.4,43.6,70.2,66.2,52.4,77.7,52.4,43.0,61.7,48.7,35.8,61.7
2023,zone,Maindombe,Bosobe,148,20,5,54.7,41.2,67.6,44.2,31.6,57.6,42.9,31.6,55.1,34.9,24.6,46.9,26.2,18.5,35.8,45.3,32.4,58.8,43.6,31.1,56.8,34.9,25.6,45.6,30.0,20.7,41.3,42.3,32.0,53.4,35.4,26.4,45.6,27.3,18.9,37.8,42.3,32.0,53.4,34.8,25.8,44.9,27.3,18.9,37.8,32.0,19.7,47.6,16.8,5.1,43.1,17.5,6.1,41.0
2023,zone,Maindombe,Inongo,235,34,8,18.4,10.5,30.3,75.1,60.8,85.4,73.8,59.9,84.2,51.6,40.2,62.8,38.5,26.6,51.8,74.1,63.7,82.4,79.5,69.3,87.0,61.1,51.8,69.6,45.7,34.6,57.3,72.3,56.5,83.9,50.3,39.3,61.2,36.4,26.4,47.8,71.7,58.4,82.0,50.5,39.4,61.5,36.6,24.6,50.5,57.8,45.2,69.4,40.7,33.7,48.2,39.2,33.0,45.8
2023,zone,Maindombe,Kiri,177,26,6,18.9,10.2,32.5,68.8,55.2,79.7,76.3,67.4,83.4,52.9,46.0,59.7,40.0,32.0,48.5,77.3,67.6,84.8,78.6,67.2,86.9,61.7,51.5,71.0,46.0,38.1,54.1,75.0,65.0,82.8,52.0,43.3,60.6,40.9,33.0,49.4,69.3,58.7,78.1,52.1,43.6,60.6,44.1,36.1,52.5,65.5,55.7,74.1,43.0,40.0,46.1,42.4,40.2,44.7
2023,zone,Maindombe,Kwamouth,150,23,5,30.7,21.4,41.9,65.8,58.9,72.0,66.2,52.5,77.6,55.7,41.8,68.7,37.8,22.8,55.6,65.9,61.9,69.6,66.8,53.0,78.3,58.2,41.2,73.5,45.5,31.0,60.9,64.7,51.5,76.0,54.5,39.3,68.8,37.7,21.3,57.5,60.4,49.8,70.0,50.3,37.7,63.0,37.8,23.3,54.8,54.7,35.6,72.5,29.5,18.0,44.4,28.1,19.0,39.5
2023,zone,Maindombe,Mimia,155,14,5,55.7,40.6,69.8,39.7,23.0,59.1,38.1,23.2,55.7,31.7,19.5,47.1,24.6,15.5,36.7,41.2,27.6,56.3,43.0,30.4,56.6,38.4,27.8,50.3,26.2,16.4,39.0,36.9,22.2,54.6,31.2,19.3,46.2,23.5,17.2,31.2,37.4,20.8,57.6,29.4,17.5,44.8,22.3,15.9,30.4,34.5,20.3,52.0,19.4,11.8,30.2,20.5,12.8,31.1
2023,zone,Maindombe,Mushie,152,21,5,17.3,10.3,27.4,80.4,71.9,86.8,79.1,70.3,85.8,74.9,66.2,82.0,63.9,50.0,75.8,76.6,64.5,85.5,81.5,71.5,88.5,74.8,64.1,83.2,65.4,51.2,77.3,78.5,70.0,85.1,74.9,66.2,82.0,63.9,50.0,75.8,79.0,71.8,84.7,73.4,63.3,81.6,63.1,50.8,73.9,70.8,57.7,81.2,47.1,32.4,62.4,47.1,32.4,62.4
2023,zone,Maindombe,Nioki,177,23,6,42.5,26.5,60.1,55.9,38.8,71.7,55.6,37.2,72.6,48.6,34.9,62.5,41.5,28.0,56.4,56.7,39.0,72.9,56.5,37.5,73.7,50.6,36.4,64.7,45.1,32.3,58.6,55.6,37.2,72.6,47.3,32.8,62.3,42.8,28.4,58.5,54.1,36.6,70.7,48.6,34.9,62.5,44.0,30.6,58.4,45.4,30.6,61.0,31.6,19.1,47.6,30.8,18.8,46.0
2023,zone,Maindombe,Ntandembelo,150,19,5,16.9,14.1,20.2,83.1,79.8,85.9,76.8,70.7,82.0,62.0,45.5,76.0,46.1,29.6,63.6,78.1,64.6,87.5,77.9,69.4,84.5,65.4,49.0,78.8,47.4,30.0,65.6,76.0,68.6,82.1,61.4,45.9,74.9,44.9,28.0,63.0,74.0,66.5,80.3,61.6,48.2,73.4,46.9,29.7,64.8,59.9,42.9,74.7,43.5,24.0,65.3,44.4,25.0,65.5
2023,zone,Maindombe,Oshwe,212,28,7,40.1,28.9,52.4,56.9,42.7,70.0,57.3,42.3,71.0,46.5,28.6,65.4,36.8,21.1,56.0,58.3,44.1,71.2,58.6,46.7,69.5,49.6,33.8,65.6,39.3,23.2,58.1,58.5,44.7,71.1,46.2,30.6,62.6,36.4,20.3,56.3,56.2,40.5,70.7,45.2,28.6,62.9,36.8,21.1,55.9,46.0,32.0,60.7,33.6,17.7,54.3,35.7,19.9,55.4
2023,zone,Maindombe,Pendjwa,149,16,5,14.2,10.3,19.1,79.4,71.8,85.4,82.0,75.7,87.0,65.7,55.7,74.4,51.5,37.8,64.9,82.1,74.9,87.6,84.3,78.1,89.0,68.2,59.0,76.1,50.2,37.8,62.6,80.6,73.5,86.2,67.9,57.1,77.1,53.7,40.1,66.8,79.1,72.9,84.1,64.9,54.6,74.0,52.4,40.3,64.2,71.7,62.6,79.3,53.0,49.4,56.6,53.0,49.4,56.6
2023,zone,Maindombe,Yumbi,149,18,5,19.8,15.6,24.9,78.3,71.5,83.9,72.3,62.8,80.2,66.0,56.9,74.1,52.3,45.4,59.2,77.7,71.0,83.2,78.2,72.0,83.4,70.0,60.5,78.0,59.4,52.6,65.9,70.9,61.7,78.7,66.5,56.7,75.0,51.4,44.2,58.6,68.4,59.1,76.5,62.1,51.3,71.8,52.8,47.6,57.8,63.1,53.9,71.5,52.3,39.4,64.9,51.9,38.5,65.0
2023,zone,Maniema,Alunguli,155,8,5,46.4,35.3,57.9,40.5,33.2,48.3,35.8,25.1,48.1,21.8,12.2,35.7,11.9,6.1,22.1,32.7,18.3,51.4,44.8,34.8,55.3,29.1,20.5,39.6,16.0,10.7,23.1,36.6,26.5,47.9,20.8,12.1,33.6,11.9,6.1,22.1,32.6,24.7,41.6,17.3,12.6,23.3,7.7,2.9,18.9,23.6,15.3,34.7,10.8,6.6,17.2,9.6,6.0,15.1
2023,zone,Maniema,Ferekeni,159,10,5,57.1,41.0,71.9,30.6,28.0,33.4,15.8,8.7,27.1,7.7,3.8,15.1,3.0,0.9,9.7,29.6,26.4,32.9,32.5,23.7,42.8,17.2,9.1,30.0,10.1,3.8,24.2,14.3,9.0,21.9,5.7,2.7,12.0,2.0,0.7,5.2,12.3,6.4,22.4,5.3,2.2,12.1,2.0,0.7,5.2,13.5,8.1,21.7,9.7,4.6,19.3,8.4,3.0,21.4
2023,zone,Maniema,Kabambare,155,13,5,63.5,49.7,75.5,35.2,22.9,49.8,29.6,19.4,42.4,24.2,18.5,31.1,12.4,9.3,16.3,30.4,20.2,43.0,30.2,20.1,42.7,23.7,15.6,34.4,15.7,9.1,25.7,29.6,19.4,42.4,24.2,18.5,31.1,12.4,9.3,16.3,16.6,9.3,28.0,13.2,8.3,20.3,7.3,2.5,19.2,27.5,19.3,37.5,13.6,10.0,18.1,13.1,9.3,18.0
2023,zone,Maniema,Kailo,156,18,5,52.1,31.7,71.9,32.9,18.0,52.1,26.5,12.6,47.6,17.6,6.5,39.4,9.2,2.0,33.3,24.5,16.4,35.0,34.6,17.2,57.4,23.1,7.8,51.7,14.0,4.5,35.7,26.1,12.1,47.7,18.0,6.9,39.3,9.2,2.0,33.3,30.4,11.2,60.1,21.6,5.9,55.1,10.2,2.3,35.0,26.0,18.8,34.7,10.9,5.0,22.0,13.5,7.5,23.0
2023,zone,Maniema,Kalima,152,19,5,23.7,12.4,40.6,58.9,41.6,74.3,57.3,33.8,77.9,45.3,24.5,67.8,34.9,18.2,56.3,34.0,24.6,44.8,63.0,41.6,80.3,49.4,27.9,71.1,39.3,21.2,60.9,56.2,32.6,77.2,44.7,23.7,67.8,34.2,18.4,54.5,49.6,30.2,69.1,39.8,19.2,64.7,29.4,14.8,50.0,51.0,38.7,63.2,24.8,18.2,32.8,26.3,20.6,32.8
2023,zone,Maniema,Kampene,154,18,5,35.8,21.3,53.6,40.1,26.5,55.5,43.0,26.1,61.7,18.9,10.8,30.9,11.5,4.6,25.9,32.4,22.7,43.8,44.2,30.2,59.1,22.9,13.3,36.7,12.8,4.9,29.3,41.2,24.8,59.7,19.5,12.2,29.6,11.5,4.6,25.9,34.7,19.0,54.7,16.8,9.2,28.9,11.5,4.6,25.9,35.3,21.9,51.3,16.6,5.9,38.6,15.8,5.9,36.2
2023,zone,Maniema,Kasongo,165,21,5,52.8,37.5,67.7,44.6,30.5,59.7,41.5,29.2,55.0,33.6,23.9,44.8,21.2,12.3,34.0,42.4,31.0,54.8,44.1,29.9,59.5,35.0,24.4,47.3,23.8,14.0,37.4,41.5,29.2,55.0,33.6,23.9,44.8,21.7,12.4,35.1,33.1,18.7,51.5,28.6,17.8,42.6,21.3,13.1,32.6,33.8,25.5,43.3,15.0,5.5,34.8,13.4,5.4,29.8
2023,zone,Maniema,Kibombo,157,13,5,57.2,45.7,68.1,21.6,15.1,29.9,16.2,8.2,29.3,8.1,3.6,17.1,4.2,1.6,10.4,25.2,17.6,34.5,29.2,19.2,41.8,15.9,9.7,25.0,8.1,4.1,15.3,15.7,7.9,28.8,8.1,3.6,17.1,4.2,1.6,10.4,16.2,8.2,29.3,8.0,3.9,15.5,4.2,1.6,10.4,11.9,4.2,29.4,14.4,6.2,29.9,10.0,4.7,19.9
2023,zone,Maniema,Kindu,150,11,5,28.5,17.0,43.6,64.1,53.0,73.9,59.5,51.6,66.9,46.7,34.8,58.9,36.5,21.8,54.3,48.2,40.6,55.9,63.5,52.6,73.2,53.4,38.9,67.3,39.3,24.5,56.4,58.9,51.1,66.2,46.8,33.6,60.5,34.5,20.9,51.1,55.5,47.6,63.1,43.9,33.1,55.4,27.8,18.8,39.2,50.5,34.2,66.8,29.5,22.5,37.6,27.8,24.0,31.9
2023,zone,Maniema,Kunda,218,30,7,45.9,36.6,55.4,40.0,30.0,51.0,37.2,25.7,50.4,24.0,14.9,36.4,13.5,7.6,23.0,39.6,30.6,49.4,45.4,34.4,56.9,34.6,21.8,50.2,16.9,9.1,29.1,32.9,22.0,46.0,22.2,13.1,35.0,13.9,7.9,23.2,27.2,17.2,40.2,15.1,8.0,26.7,7.8,4.0,14.8,30.8,19.3,45.3,17.9,9.9,30.2,15.3,8.9,25.1
2023,zone,Maniema,Lubutu,153,20,5,49.4,39.7,59.1,39.1,27.6,51.9,31.1,21.0,43.3,16.2,10.8,23.6,12.3,8.9,16.8,44.1,33.7,54.9,40.2,27.8,53.9,22.6,13.2,35.8,16.2,10.8,23.6,29.7,19.2,43.0,14.9,10.5,20.8,11.5,7.9,16.3,20.7,14.3,29.0,13.8,9.6,19.5,11.0,8.2,14.5,26.6,20.2,34.2,16.9,10.6,25.9,9.4,4.4,19.3
2023,zone,Maniema,Lusangi,164,18,5,53.0,34.9,70.2,45.3,28.1,63.7,37.7,21.3,57.4,30.7,19.6,44.7,14.9,10.7,20.3,43.5,26.3,62.3,40.5,25.1,58.1,34.1,22.4,48.1,18.9,13.4,26.1,37.8,21.9,56.8,29.9,19.4,43.0,14.1,10.4,18.9,27.3,14.7,44.8,18.6,14.0,24.2,9.0,5.0,15.6,35.0,21.2,51.9,17.6,10.7,27.6,18.0,10.6,28.9
2023,zone,Maniema,Obokote,151,11,5,29.8,22.3,38.6,63.9,53.2,73.5,43.7,34.0,54.0,27.5,19.8,36.7,22.3,15.0,31.8,64.9,53.1,75.2,55.8,46.3,65.0,37.2,27.0,48.7,28.7,20.1,39.3,41.8,33.3,50.9,27.5,19.8,36.7,20.9,13.7,30.6,31.4,23.9,40.0,23.8,15.5,34.9,18.9,11.6,29.3,39.3,29.2,50.5,26.5,18.3,36.9,20.5,13.1,30.6
2023,zone,Maniema,Pangi,158,16,5,32.9,20.5,48.3,53.0,32.4,72.6,38.4,19.1,62.3,21.4,7.1,49.1,15.2,4.4,41.4,41.1,29.4,54.0,47.0,25.4,69.7,27.6,9.6,57.9,17.8,6.0,42.2,38.3,19.7,61.1,22.4,7.2,51.9,15.7,4.4,42.9,33.6,17.6,54.6,17.8,7.1,38.3,12.2,4.1,30.9,39.4,24.9,56.0,23.1,10.5,43.5,22.3,10.0,42.4
2023,zone,Maniema,Punia,150,17,5,53.6,42.3,64.5,42.8,37.7,48.0,31.5,22.3,42.3,14.3,7.0,27.1,9.1,4.9,16.4,29.4,18.5,43.2,39.3,31.2,48.1,19.4,13.7,26.7,12.8,9.8,16.5,27.5,18.1,39.4,12.7,5.8,25.5,8.1,4.2,15.1,14.2,9.7,20.4,6.4,1.8,19.9,3.6,1.4,9.4,22.3,20.4,24.2,12.6,5.7,25.7,7.6,2.8,18.8
2023,zone,Maniema,Samba,158,12,5,41.2,30.9,52.2,47.3,40.2,54.4,43.6,35.3,52.2,33.6,25.5,42.7,21.4,13.2,32.8,46.0,36.9,55.5,52.2,47.7,56.6,35.6,28.2,43.9,18.4,11.2,28.7,42.8,34.3,51.7,33.2,25.6,41.8,21.4,13.2,32.8,37.9,28.2,48.6,23.2,15.8,32.8,17.4,9.9,28.8,33.9,22.8,47.1,23.5,14.2,36.4,20.6,13.1,30.8
2023,zone,Maniema,Saramabila,158,18,5,57.5,42.1,71.5,33.5,19.8,50.8,34.4,26.4,43.3,23.1,12.7,38.3,9.5,3.7,22.1,35.4,20.9,53.2,36.7,23.3,52.6,25.7,14.8,40.9,15.2,9.4,23.7,34.4,26.4,43.3,22.4,11.3,39.7,9.5,3.7,22.1,20.8,16.5,25.8,12.0,5.2,25.3,5.2,1.5,16.0,29.8,17.5,45.9,16.1,10.0,24.9,13.9,8.6,21.7
2023,zone,Maniema,Tunda,156,11,5,53.2,40.5,65.6,29.0,18.9,41.6,23.5,14.9,35.0,17.7,12.5,24.5,13.3,9.5,18.4,32.1,22.8,43.0,38.2,29.9,47.1,25.8,23.0,28.8,15.6,11.2,21.4,23.5,14.9,35.0,17.7,12.5,24.5,13.3,9.5,18.4,22.6,13.4,35.6,16.9,10.9,25.3,13.3,9.5,18.4,17.5,10.1,28.6,15.0,10.8,20.5,14.4,11.1,18.4
2023,zone,Mongala,Binga,201,32,7,49.8,34.1,65.6,40.3,27.7,54.2,40.5,26.9,55.6,33.3,18.7,52.1,22.3,10.9,40.2,42.2,28.5,57.2,48.7,32.4,65.4,40.3,23.1,60.3,26.2,13.3,45.1,40.5,26.9,55.6,31.6,17.6,49.9,20.8,10.4,37.3,36.4,24.6,50.2,29.7,15.4,49.4,20.5,9.1,39.8,36.3,21.8,53.8,15.9,9.8,24.6,13.0,7.9,20.7
2023,zone,Mongala,Bongandanga,178,24,6,38.9,22.9,57.6,47.8,29.5,66.8,46.5,32.3,61.2,25.3,11.6,46.6,17.7,5.3,45.6,44.4,23.7,67.2,57.9,39.8,74.2,37.5,20.9,57.8,25.3,12.2,45.2,45.8,31.3,61.1,24.2,10.7,45.9,17.1,5.0,44.7,40.6,24.4,59.1,23.6,10.1,46.0,15.5,4.1,44.0,26.8,11.2,51.4,20.1,8.9,39.3,14.3,4.8,35.6
2023,zone,Mongala,Boso Manzi,148,17,5,61.1,45.6,74.5,35.5,22.9,50.6,35.1,23.7,48.4,25.6,10.0,51.5,20.6,5.0,55.9,32.4,19.2,49.2,37.3,22.9,54.4,25.8,9.0,54.9,20.0,4.6,56.5,34.5,23.4,47.7,25.6,10.0,51.5,20.7,5.2,55.3,33.9,22.4,47.6,23.0,8.6,48.5,17.9,4.8,48.7,23.3,7.7,52.7,9.6,2.5,30.5,11.3,3.0,34.5
2023,zone,Mongala,Boso Mondanda,152,17,5,30.6,16.3,49.8,63.1,42.0,80.2,65.9,45.7,81.7,53.3,30.0,75.2,37.9,20.0,59.8,56.9,41.0,71.5,68.2,48.7,82.9,56.9,34.4,76.9,38.6,23.7,55.9,62.4,42.5,78.9,50.7,28.4,72.7,37.2,19.6,59.0,52.0,38.7,65.0,41.0,24.7,59.6,26.3,12.8,46.4,44.5,25.9,64.8,29.6,15.0,50.1,25.5,13.6,42.7
2023,zone,Mongala,Bosondjo,175,25,6,33.1,21.4,47.4,64.3,51.1,75.6,59.4,43.6,73.4,45.6,29.4,62.9,30.2,19.6,43.4,65.4,52.3,76.5,66.9,52.6,78.6,63.7,50.0,75.5,43.0,26.0,61.9,58.0,41.5,72.8,45.4,29.3,62.5,29.1,18.4,42.9,45.7,28.4,64.1,39.4,22.7,59.1,26.7,16.6,40.1,38.8,26.5,52.6,23.5,13.3,37.9,21.2,10.7,37.8
2023,zone,Mongala,Bumba,154,16,5,35.7,20.1,54.9,58.3,44.9,70.6,60.3,41.6,76.4,49.9,30.9,68.9,41.2,20.2,66.0,57.6,43.8,70.3,63.0,43.6,79.0,51.3,32.1,70.1,41.2,21.9,63.6,60.3,41.6,76.4,48.4,28.6,68.6,40.8,19.5,66.1,56.2,38.0,72.9,47.8,31.8,64.3,39.7,21.1,61.9,46.7,26.7,67.8,23.5,10.7,44.0,22.1,10.2,41.5
2023,zone,Mongala,Lisala,236,34,8,48.1,29.2,67.6,38.7,20.6,60.4,37.6,21.1,57.5,30.1,14.6,52.1,22.5,8.7,46.9,40.7,24.0,59.9,49.6,30.8,68.5,39.6,22.4,59.9,30.4,15.9,50.2,35.7,19.5,56.1,29.7,14.2,51.7,22.8,9.0,46.8,32.7,17.2,53.2,25.4,11.1,48.1,19.2,7.1,42.6,29.7,14.8,50.6,11.7,6.8,19.5,10.7,5.7,19.2
2023,zone,Mongala,Lolo,150,21,5,41.7,27.5,57.5,55.7,38.9,71.3,55.8,40.7,69.9,43.5,33.8,53.7,29.3,19.4,41.7,44.4,27.4,62.7,57.3,42.4,71.0,42.9,29.9,57.0,31.1,17.4,49.2,56.4,40.8,70.8,43.6,30.8,57.2,27.6,17.1,41.2,52.1,37.2,66.7,43.3,32.5,54.9,32.7,21.7,46.0,46.6,34.1,59.5,21.2,14.0,30.7,20.3,13.3,29.6
2023,zone,Mongala,Pimu,184,25,6,28.6,18.3,41.7,60.0,49.5,69.7,62.0,45.5,76.1,48.5,30.2,67.2,32.7,18.7,50.6,55.0,49.4,60.5,70.1,58.6,79.6,60.1,51.5,68.2,41.4,32.8,50.5,59.3,40.1,76.0,45.6,25.6,67.1,31.0,15.6,52.3,55.2,33.9,74.8,45.6,26.5,66.1,31.0,15.6,52.3,44.5,31.8,57.9,26.5,16.8,39.1,21.3,11.7,35.6
2023,zone,Mongala,Yamaluka,148,22,5,80.7,55.6,93.3,17.2,4.9,45.4,11.4,2.4,39.7,6.3,1.2,27.3,3.2,0.6,15.3,17.0,5.5,41.7,17.3,5.8,41.8,10.8,3.0,31.7,4.8,0.7,26.3,11.2,2.4,39.9,6.8,1.0,34.3,3.2,0.6,15.3,8.1,1.3,36.5,4.2,1.3,12.4,3.2,0.6,15.3,10.7,2.5,35.8,5.4,0.9,25.3,3.7,0.5,23.2
2023,zone,Mongala,Yambuku,269,40,9,76.5,68.3,83.1,17.6,12.4,24.3,12.5,7.3,20.7,4.8,1.9,11.8,2.4,0.9,6.2,17.3,12.1,24.2,19.4,12.8,28.4,8.6,4.6,15.6,3.1,1.5,6.0,11.6,6.6,19.4,4.8,1.9,11.8,2.4,0.9,6.2,11.3,6.3,19.4,4.5,1.6,12.0,2.1,0.7,6.3,4.2,1.7,10.2,1.7,0.6,5.1,1.3,0.5,3.4
2023,zone,Mongala,Yamongili,152,22,5,61.8,42.3,78.0,35.6,20.5,54.2,26.4,11.8,49.2,11.8,5.3,24.2,5.9,2.7,12.7,33.7,20.3,50.3,32.1,17.1,52.1,16.7,10.1,26.3,8.4,4.1,16.6,28.1,11.9,53.0,12.3,5.3,26.0,5.9,2.7,12.7,27.1,10.9,53.0,15.9,7.1,32.0,7.3,4.2,12.4,17.8,7.8,35.5,11.8,6.5,20.6,11.3,6.1,19.9
2023,zone,Nord Kivu,Alimbongo,150,21,5,0.0,0.0,0.0,88.5,70.0,96.2,99.4,92.8,100.0,89.1,81.2,94.0,78.5,58.7,90.3,52.4,46.9,57.8,98.6,93.9,99.7,84.9,76.7,90.5,67.1,49.6,80.9,98.0,94.5,99.3,90.8,85.7,94.2,71.3,55.8,83.0,89.6,80.3,94.8,73.6,59.7,84.0,42.2,36.8,47.7,88.3,78.1,94.2,60.7,44.6,74.8,58.8,44.6,71.6
2023,zone,Nord Kivu,Beni,152,22,5,0.9,0.1,5.8,78.4,64.1,88.1,95.3,92.8,96.9,80.8,65.2,90.5,61.7,45.0,76.0,54.4,33.3,74.1,95.8,91.2,98.0,84.5,76.8,89.9,61.9,50.8,71.9,94.9,90.6,97.3,81.5,71.0,88.8,63.9,47.1,77.8,85.9,75.7,92.2,68.9,48.1,84.1,39.7,21.3,61.5,72.9,60.9,82.2,42.9,29.9,57.0,37.1,23.9,52.5
2023,zone,Nord Kivu,Biena,151,16,5,0.4,0.0,6.3,83.5,62.9,93.8,94.4,76.5,98.9,86.8,57.8,96.9,69.7,33.4,91.3,35.9,12.2,69.3,95.2,68.1,99.5,84.1,50.7,96.5,67.5,39.4,86.9,94.6,70.8,99.2,84.0,53.6,96.0,69.4,33.7,91.0,86.2,68.3,94.8,67.1,51.1,80.0,34.4,22.1,49.2,79.9,42.5,95.5,61.3,18.6,91.7,59.8,17.4,91.3
2023,zone,Nord Kivu,Butembo,150,16,5,2.0,0.3,10.9,78.8,58.4,90.7,93.4,81.3,97.9,79.0,59.2,90.7,63.2,41.5,80.6,54.7,29.7,77.6,95.2,88.2,98.1,79.6,56.5,92.1,68.7,42.3,86.8,95.4,86.2,98.5,79.7,57.4,92.0,63.8,39.7,82.5,74.1,59.7,84.7,46.5,35.3,58.0,30.9,17.9,47.8,74.9,49.2,90.2,43.9,21.7,68.8,40.4,22.2,61.8
2023,zone,Nord Kivu,Goma,151,11,5,0.0,0.0,0.0,98.5,92.6,99.7,100.0,100.0,100.0,96.8,86.4,99.3,91.9,81.7,96.7,56.4,30.2,79.4,100.0,100.0,100.0,96.9,82.1,99.5,89.1,80.9,94.1,99.7,94.8,100.0,96.4,84.5,99.3,91.6,81.0,96.6,98.8,92.4,99.8,96.2,85.8,99.1,86.9,75.9,93.4,91.9,80.6,96.9,54.7,32.6,75.1,54.1,31.8,74.8
2023,zone,Nord Kivu,Itebero,210,28,7,0.6,0.1,6.9,82.1,61.3,93.0,79.5,64.7,89.2,31.9,23.6,41.7,20.7,12.1,33.1,34.2,25.6,44.1,78.6,62.5,89.0,32.3,22.4,44.1,21.3,12.4,34.2,79.1,63.3,89.3,32.3,24.0,41.9,19.7,11.0,32.9,78.3,59.4,89.9,30.9,21.9,41.5,21.3,12.4,34.2,21.4,14.9,29.7,9.7,2.7,29.6,10.1,2.8,30.0
2023,zone,Nord Kivu,Kalunguta,149,18,5,0.0,0.0,0.0,87.3,59.1,97.0,96.9,87.9,99.2,90.3,76.6,96.4,71.7,44.2,89.0,32.1,13.3,59.2,98.8,91.5,99.8,92.9,80.3,97.7,73.6,43.8,90.9,98.8,91.5,99.8,91.6,74.6,97.6,74.4,33.2,94.5,86.7,73.7,93.8,67.9,44.8,84.6,33.2,12.2,64.1,82.6,48.6,96.0,47.5,15.9,81.2,46.8,16.1,80.1
2023,zone,Nord Kivu,Kamango,156,14,5,1.6,0.4,5.8,82.9,67.3,92.0,93.0,80.6,97.7,71.6,51.0,85.9,47.8,29.1,67.1,67.1,58.5,74.7,91.9,83.9,96.1,69.0,46.8,85.0,43.9,23.1,67.1,91.7,79.5,96.9,69.7,46.1,86.1,43.3,24.9,63.8,84.9,72.4,92.4,49.2,29.6,69.1,16.5,6.9,34.5,57.1,31.8,79.2,25.1,8.4,54.9,23.2,7.4,53.4
2023,zone,Nord Kivu,Karisimbi,151,19,5,0.0,0.0,0.0,94.2,70.6,99.1,97.0,91.6,99.0,87.0,70.4,95.0,76.3,51.0,90.9,57.2,40.4,72.5,97.8,94.7,99.1,87.0,70.4,95.0,75.7,54.5,89.0,97.1,95.7,98.1,85.4,71.5,93.1,77.2,58.2,89.2,93.8,83.8,97.8,82.3,66.4,91.6,68.1,40.7,86.9,78.4,55.8,91.3,43.2,22.6,66.4,42.8,22.0,66.4
2023,zone,Nord Kivu,Katwa,151,20,5,1.3,0.3,6.0,86.7,66.6,95.5,92.9,82.4,97.4,77.4,53.2,91.1,58.8,31.5,81.5,34.2,14.2,62.0,94.5,83.1,98.4,82.8,70.5,90.6,65.3,44.1,81.8,94.1,86.8,97.5,81.2,68.6,89.5,59.8,37.8,78.4,84.2,68.4,92.9,67.4,48.9,81.7,43.1,17.9,72.4,64.0,43.6,80.3,22.2,13.4,34.7,20.2,11.5,33.1
2023,zone,Nord Kivu,Kayna,182,23,6,0.0,0.0,0.0,79.2,69.0,86.7,94.7,80.4,98.7,85.7,73.9,92.6,66.9,56.3,76.1,38.9,27.8,51.2,95.9,89.8,98.4,90.6,80.1,95.9,76.0,70.8,80.6,95.0,84.1,98.6,88.5,82.8,92.4,71.5,64.7,77.4,72.0,62.7,79.7,48.2,38.8,57.8,26.9,19.2,36.1,82.9,72.1,90.1,54.2,38.5,69.1,39.6,30.4,49.6
2023,zone,Nord Kivu,Kibua,150,19,5,0.0,0.0,0.0,80.2,54.5,93.2,97.2,88.7,99.4,76.5,57.0,88.9,54.2,39.5,68.1,25.2,12.2,44.9,89.2,73.8,96.0,66.9,50.3,80.1,33.1,17.7,53.2,97.2,88.7,99.4,73.6,54.6,86.6,56.5,38.4,73.1,90.5,81.0,95.5,67.0,41.2,85.5,42.4,16.2,73.7,55.6,38.1,71.8,20.3,9.6,38.1,13.3,9.1,19.0
2023,zone,Nord Kivu,Kirotshe,150,31,5,0.0,0.0,0.0,95.2,86.8,98.3,100.0,100.0,100.0,97.7,93.4,99.2,94.1,88.6,97.0,61.7,46.0,75.3,100.0,100.0,100.0,97.7,93.4,99.2,93.6,87.5,96.8,100.0,100.0,100.0,97.7,93.4,99.2,94.4,89.3,97.1,100.0,100.0,100.0,93.3,93.3,93.3,77.4,73.6,80.8,95.4,88.3,98.3,63.4,39.0,82.5,61.2,33.8,82.9
2023,zone,Nord Kivu,Kyondo,180,23,6,0.3,0.0,4.0,85.7,77.3,91.3,92.3,66.2,98.7,73.5,33.8,93.8,63.1,32.0,86.1,45.9,33.8,58.6,93.3,73.5,98.6,75.7,37.6,94.2,60.1,31.4,83.2,93.3,78.5,98.1,73.2,38.9,92.1,63.2,32.1,86.2,85.9,76.2,92.1,59.6,39.5,77.0,40.8,25.9,57.6,65.0,33.6,87.2,43.3,20.5,69.4,42.1,19.8,68.2
2023,zone,Nord Kivu,Lubero,147,21,5,0.0,0.0,0.0,94.9,82.0,98.7,98.8,86.0,99.9,91.5,51.8,99.1,73.7,46.0,90.2,58.2,42.1,72.7,97.4,86.3,99.5,92.7,76.2,98.1,77.9,52.3,91.9,98.1,90.6,99.6,91.2,65.0,98.3,67.4,46.1,83.4,88.7,84.9,91.7,60.2,42.3,75.7,26.5,13.9,44.7,86.3,63.5,95.8,49.7,33.2,66.3,49.8,31.8,67.9
2023,zone,Nord Kivu,Mabalako,156,16,5,0.0,0.0,0.0,64.3,40.4,82.6,99.7,94.5,100.0,96.7,89.4,99.1,76.3,42.4,93.4,34.9,24.6,46.8,99.7,94.5,100.0,97.4,93.0,99.1,74.1,41.5,92.0,99.7,94.5,100.0,96.9,91.4,98.9,74.6,45.1,91.3,93.0,64.1,99.0,75.1,44.0,92.1,52.5,22.5,80.8,87.9,77.1,94.1,64.8,34.7,86.5,62.8,34.3,84.5
2023,zone,Nord Kivu,Manguredjipa,151,10,5,0.8,0.0,12.4,56.0,14.3,90.7,89.0,55.0,98.2,74.0,27.6,95.5,63.4,16.9,93.7,35.3,7.9,77.6,88.1,69.1,96.1,71.2,31.0,93.2,54.7,16.7,87.9,88.1,58.9,97.5,72.7,29.1,94.5,61.2,17.1,92.3,80.8,57.0,93.1,64.9,28.2,89.7,51.3,19.7,81.9,69.5,26.8,93.4,31.6,5.5,78.7,29.3,3.8,81.2
2023,zone,Nord Kivu,Masereka,150,16,5,0.0,0.0,0.0,84.6,64.2,94.4,97.7,91.3,99.4,96.1,86.2,99.0,84.5,81.0,87.5,62.1,31.8,85.1,99.4,92.4,99.9,97.9,94.5,99.2,88.6,81.1,93.4,99.4,92.4,99.9,95.5,88.4,98.3,84.9,75.6,91.1,85.9,72.4,93.4,64.7,53.0,74.9,35.3,23.2,49.7,91.6,84.5,95.6,55.3,42.0,67.9,47.1,38.4,55.9
2023,zone,Nord Kivu,Masisi,181,26,6,0.0,0.0,0.0,88.4,82.8,92.4,97.5,93.2,99.1,77.5,67.8,85.0,59.9,46.4,72.0,55.5,40.7,69.3,96.9,90.3,99.1,77.5,67.9,84.9,59.3,44.6,72.5,97.2,92.8,99.0,76.5,68.3,83.2,58.9,45.9,70.8,95.3,83.9,98.7,71.9,59.0,82.1,50.0,32.9,67.1,63.2,48.8,75.7,25.5,16.5,37.3,24.4,15.1,37.1
2023,zone,Nord Kivu,Musienene,149,20,5,2.5,1.3,4.8,76.3,55.4,89.3,97.5,95.2,98.7,92.4,75.3,98.0,77.4,50.1,92.1,35.6,12.3,68.6,96.1,91.5,98.3,95.6,91.2,97.8,81.4,55.6,93.9,97.5,95.2,98.7,95.6,91.2,97.8,84.2,61.4,94.7,73.9,38.8,92.7,47.1,18.5,77.8,25.2,9.7,51.4,90.4,72.3,97.2,61.9,53.9,69.4,57.8,48.5,66.5
2023,zone,Nord Kivu,Mutwanga,150,20,5,3.1,0.5,15.6,68.4,64.4,72.1,94.1,85.2,97.8,73.7,63.1,82.1,41.2,33.2,49.6,33.3,18.2,52.9,93.1,82.7,97.5,74.3,71.6,76.8,44.5,35.9,53.4,92.9,78.6,97.9,72.9,52.9,86.6,36.0,23.3,51.0,85.7,78.4,90.8,53.4,48.0,58.7,18.5,9.4,33.1,61.7,43.6,77.1,23.4,7.3,54.2,24.1,7.2,56.7
2023,zone,Nord Kivu,Nyiragongo,149,11,5,0.0,0.0,0.0,92.8,81.3,97.5,96.2,76.5,99.5,88.6,72.5,95.8,78.2,71.5,83.7,73.4,48.6,88.9,95.7,80.0,99.2,87.5,72.5,94.9,79.0,72.2,84.5,96.2,76.5,99.5,88.6,72.5,95.8,79.0,72.2,84.5,95.3,81.1,99.0,84.5,73.5,91.4,67.5,53.5,79.0,82.1,73.3,88.5,47.6,28.9,67.0,46.6,28.6,65.4
2023,zone,Nord Kivu,Oicha,189,27,6,1.0,0.2,4.5,84.0,75.6,89.9,90.5,76.9,96.5,78.5,69.0,85.8,52.0,31.9,71.4,26.4,18.5,36.3,97.1,91.1,99.1,84.7,78.7,89.2,62.1,45.5,76.3,96.4,89.8,98.8,87.7,79.2,93.0,65.9,50.8,78.3,87.5,74.7,94.3,68.6,62.4,74.2,38.6,34.0,43.3,83.1,70.8,90.9,41.1,26.1,57.9,37.8,23.1,55.2
2023,zone,Nord Kivu,Pinga,149,19,5,0.9,0.1,8.3,87.8,81.6,92.1,95.0,87.3,98.1,61.3,36.1,81.6,45.0,20.4,72.3,55.6,25.3,82.2,95.1,86.3,98.4,62.2,38.7,81.1,42.5,19.8,68.9,95.0,87.3,98.1,59.5,34.5,80.4,43.1,20.6,68.8,93.3,83.6,97.4,58.7,33.8,79.9,42.4,20.2,68.1,49.5,24.2,75.1,21.4,9.0,42.8,20.5,8.5,41.9
2023,zone,Nord Kivu,Rutshuru,150,16,5,0.0,0.0,0.0,99.0,93.7,99.9,96.1,77.2,99.4,93.8,76.4,98.6,92.9,80.0,97.7,86.1,59.5,96.3,96.1,77.2,99.4,93.8,76.4,98.6,92.1,80.3,97.1,96.1,77.2,99.4,93.8,76.4,98.6,92.3,81.1,97.1,90.3,82.4,94.9,81.9,62.3,92.5,65.4,34.7,87.0,94.2,85.7,97.8,82.9,61.0,93.8,83.4,59.8,94.5
2023,zone,Nord Kivu,Rwanguba,151,21,5,0.0,0.0,0.0,90.1,66.1,97.7,93.4,46.4,99.6,89.7,45.1,98.9,81.4,43.8,96.1,80.3,46.9,94.9,93.1,74.4,98.4,83.8,38.1,97.7,78.3,32.8,96.4,96.9,71.9,99.7,89.5,45.3,98.9,85.4,46.5,97.5,93.2,70.0,98.8,83.9,39.2,97.7,71.4,34.2,92.3,86.0,41.9,98.1,73.6,36.6,93.1,69.7,35.2,90.7
2023,zone,Nord Kivu,Vuhovi,150,13,5,1.3,0.1,15.1,92.3,72.6,98.2,85.2,73.2,92.4,79.2,71.7,85.1,63.5,55.9,70.5,52.3,19.5,83.2,85.8,72.5,93.3,79.2,71.7,85.1,64.3,57.9,70.3,85.2,73.2,92.4,78.4,69.6,85.1,62.2,53.0,70.5,74.4,52.7,88.3,59.1,48.5,69.0,32.3,20.9,46.3,68.1,57.7,77.0,32.7,18.5,51.0,29.3,15.0,49.4
2023,zone,Nord Kivu,Walikale,150,18,5,0.0,0.0,0.0,78.9,51.7,92.9,75.7,51.7,90.1,28.8,7.8,66.1,8.5,1.7,33.0,56.3,41.3,70.2,84.0,66.3,93.3,27.1,8.0,61.4,7.7,1.4,33.6,70.2,46.2,86.6,24.2,6.5,59.4,10.6,2.5,35.6,56.1,28.7,80.3,16.4,5.6,39.3,3.5,0.4,23.2,13.0,5.3,28.3,4.3,0.8,19.8,4.5,0.9,20.2
2023,zone,Nord Ubangi,Abuzi,149,14,5,2.6,0.2,31.1,80.3,57.4,92.4,94.0,61.9,99.3,77.2,55.0,90.4,67.7,43.1,85.3,56.4,47.5,65.0,93.4,66.9,99.0,77.6,48.4,92.7,63.6,34.0,85.6,94.0,61.9,99.3,75.7,47.8,91.4,68.0,38.4,87.9,88.2,65.6,96.7,75.2,46.4,91.4,65.3,36.9,85.8,74.0,42.0,91.8,52.6,31.5,72.7,51.1,33.0,69.0
2023,zone,Nord Ubangi,Bili,149,19,5,0.0,0.0,0.0,94.9,65.9,99.4,99.6,93.5,100.0,96.8,74.6,99.7,93.5,62.1,99.2,95.7,75.7,99.4,99.6,93.5,100.0,97.8,73.1,99.9,94.2,54.0,99.6,99.0,94.0,99.8,96.8,74.6,99.7,94.0,60.3,99.4,96.7,73.9,99.7,94.5,71.9,99.1,89.1,61.5,97.7,92.6,56.4,99.2,77.4,53.9,90.9,75.4,52.2,89.6
2023,zone,Nord Ubangi,Bosobolo,148,20,5,0.0,0.0,0.0,64.7,40.9,82.9,89.3,72.8,96.3,62.6,35.6,83.5,46.0,24.1,69.4,63.8,26.4,89.6,93.2,77.4,98.2,64.0,35.3,85.3,47.1,25.1,70.3,87.4,51.6,97.8,61.6,35.2,82.6,46.5,23.5,71.1,80.2,50.9,94.1,59.8,35.4,80.1,45.7,24.1,69.0,51.8,26.1,76.6,34.6,14.1,62.9,19.2,4.6,54.0
2023,zone,Nord Ubangi,Businga,148,13,5,1.1,0.2,6.3,88.9,81.8,93.5,96.2,85.1,99.1,79.0,50.1,93.4,64.5,34.8,86.1,51.5,39.8,63.0,96.2,85.1,99.1,79.6,52.3,93.3,65.4,36.6,86.1,96.2,85.1,99.1,78.9,51.6,92.9,64.1,34.8,85.7,94.9,84.1,98.5,78.2,51.0,92.5,63.8,34.8,85.3,65.9,36.3,86.8,25.7,14.5,41.3,23.4,12.8,38.9
2023,zone,Nord Ubangi,Gbadolite,151,16,5,1.7,0.3,10.0,85.1,74.2,91.9,95.5,89.5,98.1,91.8,83.0,96.2,83.6,77.2,88.5,73.5,62.6,82.1,97.6,91.8,99.3,94.6,92.4,96.2,87.7,83.3,91.1,97.6,91.8,99.3,93.9,92.5,95.1,86.3,81.1,90.2,94.0,88.7,97.0,91.1,83.8,95.3,84.0,74.5,90.4,86.7,77.5,92.4,56.1,43.2,68.2,52.3,38.1,66.2
2023,zone,Nord Ubangi,Karawa,180,24,6,2.5,1.1,5.4,68.9,56.9,78.8,95.0,92.3,96.8,87.7,82.2,91.7,73.4,63.8,81.2,61.3,40.9,78.4,95.0,92.3,96.8,88.8,82.2,93.1,76.1,66.1,83.8,95.0,92.3,96.8,87.8,80.4,92.6,73.9,64.1,81.8,94.5,90.5,96.8,86.1,79.2,91.0,72.7,62.5,81.0,77.5,66.8,85.5,31.6,18.9,47.9,25.2,16.1,37.3
2023,zone,Nord Ubangi,Loko,148,15,5,4.2,0.5,25.9,69.1,62.3,75.2,95.3,69.8,99.4,88.8,51.0,98.4,68.4,43.3,86.0,55.9,45.8,65.5,95.3,69.8,99.4,88.8,51.0,98.4,69.3,45.3,86.1,94.4,72.6,99.1,87.9,52.6,97.9,68.9,41.2,87.5,91.0,75.5,97.1,84.2,58.1,95.3,63.6,42.2,80.7,67.7,41.1,86.2,44.0,24.0,66.2,42.6,24.9,62.5
2023,zone,Nord Ubangi,Mobayi Mbongo,149,18,5,0.0,0.0,0.0,68.3,52.3,80.9,97.7,95.0,99.0,85.5,73.7,92.5,68.3,54.6,79.5,60.0,39.2,77.8,97.7,95.0,99.0,85.5,73.7,92.5,66.4,48.3,80.8,97.7,95.0,99.0,84.8,75.3,91.1,69.0,56.5,79.1,93.2,85.4,96.9,80.9,70.5,88.2,64.0,47.9,77.4,65.8,49.3,79.2,41.2,24.6,60.1,38.1,25.4,52.7
2023,zone,Nord Ubangi,Wapinda,151,12,5,2.8,0.6,11.8,72.5,58.5,83.1,96.4,90.6,98.7,85.7,73.5,92.8,73.2,53.9,86.5,57.1,33.7,77.7,93.4,85.7,97.1,80.0,57.3,92.2,61.9,33.4,84.1,96.4,90.6,98.7,86.9,77.7,92.7,70.5,47.1,86.5,90.5,82.9,94.9,73.7,43.5,91.1,58.3,29.5,82.3,78.9,53.4,92.4,47.7,30.5,65.4,42.5,23.6,63.9
2023,zone,Nord Ubangi,Wasolo,148,14,5,2.7,0.6,10.8,91.6,78.5,97.0,92.5,78.5,97.7,79.6,51.5,93.5,71.0,38.2,90.7,86.9,82.0,90.6,93.0,77.2,98.1,81.0,54.0,93.9,70.1,35.8,90.8,90.7,71.7,97.4,79.1,48.2,93.9,72.1,33.6,92.9,87.6,64.6,96.5,75.6,41.4,93.2,68.0,31.1,90.9,78.2,41.6,94.8,46.3,27.3,66.3,45.4,26.0,66.4
2023,zone,Nord Ubangi,Yakoma,152,13,5,0.8,0.1,8.2,88.4,62.8,97.2,97.7,78.0,99.8,87.2,78.9,92.5,71.8,59.5,81.5,83.4,52.8,95.8,96.2,66.8,99.7,87.3,72.9,94.6,76.6,61.6,87.0,99.2,91.8,99.9,88.0,81.1,92.6,73.2,64.2,80.7,94.1,77.6,98.6,84.6,71.7,92.3,68.1,56.7,77.7,79.0,63.5,89.0,32.8,28.6,37.4,29.4,24.2,35.1
2023,zone,Sankuru,Bena Dibele,150,13,5,66.1,51.6,78.0,22.0,19.9,24.2,28.2,20.0,38.2,18.0,10.4,29.2,12.9,9.9,16.6,18.4,11.4,28.2,31.0,19.4,45.6,20.6,17.4,24.2,14.3,9.3,21.5,29.3,19.3,41.8,18.0,10.4,29.2,13.6,10.0,18.3,27.8,19.5,38.1,17.6,10.2,28.5,11.9,9.8,14.3,15.4,13.4,17.6,13.6,9.8,18.5,14.3,10.3,19.5
2023,zone,Sankuru,Dikungu,151,17,5,47.4,23.0,73.1,25.5,14.2,41.4,44.0,20.9,69.9,33.8,15.6,58.5,15.8,6.0,35.5,38.3,19.5,61.3,49.8,24.8,74.9,43.6,21.5,68.5,22.3,8.9,46.0,42.2,20.2,67.7,33.3,15.4,57.8,16.8,5.8,39.6,37.0,19.5,58.7,30.9,15.1,53.0,10.5,5.2,20.1,31.6,15.4,54.0,29.6,13.9,52.3,26.1,11.7,48.5
2023,zone,Sankuru,Djalo Ndjeka,179,14,5,60.8,48.8,71.6,32.8,19.9,49.0,32.0,22.4,43.4,21.8,12.2,36.1,14.1,6.0,29.8,26.7,13.8,45.3,30.8,20.0,44.2,21.8,12.2,36.1,15.3,7.7,28.1,30.8,22.1,41.2,21.8,12.2,36.1,13.7,6.0,28.3,28.4,19.7,39.0,20.7,10.9,35.8,13.3,6.0,26.9,16.0,8.1,29.1,15.9,12.6,20.0,14.4,10.8,18.9
2023,zone,Sankuru,Katako Kombe,158,17,5,39.7,27.8,52.9,46.8,27.6,67.1,47.1,24.5,70.9,29.3,7.4,68.3,23.2,4.3,67.0,37.9,30.3,46.2,51.5,31.6,70.9,43.5,22.6,67.0,29.7,8.7,65.4,42.2,18.8,69.7,28.8,7.2,67.9,23.9,4.6,67.3,31.9,7.8,72.2,28.1,7.0,67.0,19.3,3.3,62.9,35.4,12.3,68.3,30.8,15.6,51.6,26.5,11.4,50.4
2023,zone,Sankuru,Kole,147,12,5,54.8,31.9,75.9,34.5,13.6,63.8,39.5,18.2,65.7,26.3,10.3,52.4,12.6,6.8,22.0,23.5,13.7,37.2,42.9,22.6,66.0,26.5,14.2,44.0,11.0,7.8,15.2,39.5,18.2,65.7,23.9,10.8,44.9,11.5,6.9,18.3,34.6,13.7,63.8,21.9,8.3,46.4,10.1,6.2,16.1,16.4,9.8,26.1,15.8,9.2,25.7,15.4,9.1,24.7
2023,zone,Sankuru,Lodja,168,22,5,32.3,15.3,55.7,37.5,21.9,56.1,46.4,29.3,64.4,24.4,13.0,41.2,16.2,8.2,29.5,37.4,18.8,60.7,62.2,40.6,79.9,39.8,23.5,58.7,26.1,15.0,41.3,47.9,29.4,67.0,23.0,13.5,36.3,14.3,9.0,21.8,37.4,23.7,53.4,20.7,13.6,30.3,12.9,8.0,20.0,35.5,16.5,60.4,27.0,15.8,42.1,21.7,16.1,28.5
2023,zone,Sankuru,Lomela,176,19,5,46.3,18.6,76.5,37.2,11.9,72.2,45.8,17.6,77.0,35.2,11.0,70.4,27.5,8.4,61.1,28.5,10.2,58.3,50.4,20.0,80.5,38.6,14.7,69.7,26.9,9.3,56.9,45.2,17.5,76.2,34.6,11.2,69.0,27.5,8.4,61.1,44.5,17.6,75.0,34.6,11.4,68.6,26.0,7.3,61.1,32.8,10.4,67.2,24.9,10.2,49.2,23.2,9.2,47.4
2023,zone,Sankuru,Lusambo,152,13,5,26.1,14.9,41.6,46.0,23.8,70.0,57.7,40.2,73.5,35.0,18.1,56.7,18.7,9.1,34.6,26.1,5.6,67.6,58.3,41.0,73.7,40.0,22.5,60.6,21.4,10.9,37.8,58.2,38.7,75.4,34.9,17.8,57.2,18.7,9.1,34.6,49.2,31.8,66.8,27.0,12.5,49.0,14.4,6.0,31.0,29.0,14.3,49.9,35.2,23.1,49.7,22.8,18.6,27.7
2023,zone,Sankuru,Minga,159,19,5,34.8,14.8,62.1,36.4,12.1,70.5,45.2,21.0,71.9,28.0,9.6,58.7,13.9,3.6,41.3,27.9,10.2,56.9,59.7,36.3,79.4,39.3,17.4,66.5,25.0,9.6,51.3,42.3,18.1,70.8,28.3,9.8,58.8,13.6,3.3,42.1,29.9,8.7,65.6,20.8,6.3,50.3,11.0,2.1,42.1,22.0,6.6,52.9,23.2,8.9,48.2,20.2,6.7,47.3
2023,zone,Sankuru,Omendjadi,175,18,5,61.9,45.5,75.9,21.0,10.3,38.0,28.6,12.5,53.0,23.5,11.1,42.9,17.8,6.4,40.6,13.8,3.7,39.6,36.2,21.4,54.2,28.6,16.4,45.0,18.3,6.5,41.8,29.2,13.0,53.1,22.9,10.5,43.0,17.2,5.9,40.8,25.0,8.9,53.4,20.5,8.2,42.8,13.5,4.6,33.4,18.9,6.6,43.3,11.9,6.1,21.8,10.1,3.9,23.7
2023,zone,Sankuru,Ototo,150,17,5,73.3,55.0,86.1,20.2,10.3,35.7,23.4,11.5,41.8,13.8,7.4,24.2,11.7,6.3,20.9,17.1,9.8,28.3,25.4,13.6,42.4,15.2,7.8,27.4,13.1,7.3,22.5,24.0,11.7,43.0,13.8,7.4,24.2,11.7,6.3,20.9,21.5,10.9,37.9,13.8,7.4,24.2,9.9,5.0,18.6,13.6,6.1,27.6,13.8,7.3,24.3,13.1,6.8,23.9
2023,zone,Sankuru,Pania Mutombo,160,10,5,43.8,21.9,68.4,39.8,20.4,63.0,43.5,21.3,68.7,25.3,10.8,48.7,11.7,5.1,24.5,28.3,14.5,47.9,52.5,30.9,73.2,33.5,18.4,52.9,16.7,6.7,35.8,42.1,19.7,68.3,24.3,9.6,49.2,11.2,4.0,27.4,35.3,15.5,61.9,17.0,4.9,44.8,6.1,2.3,15.1,16.3,7.6,31.6,19.1,6.4,44.9,15.4,4.6,40.6
2023,zone,Sankuru,Tshudi Loto,151,11,5,58.3,27.9,83.5,30.9,12.2,59.1,38.8,15.8,68.2,21.9,9.7,42.4,15.1,8.5,25.4,28.1,7.8,64.3,39.6,16.0,69.3,29.4,11.8,56.5,16.9,9.9,27.5,37.3,15.8,65.4,21.9,9.7,42.4,15.1,8.5,25.4,32.5,15.9,55.1,20.4,9.6,38.4,12.8,7.1,22.0,25.8,11.7,47.5,18.4,8.7,34.9,16.4,7.7,31.3
2023,zone,Sankuru,Tshumbe,153,14,5,49.3,46.7,52.0,30.0,15.4,50.3,37.9,31.5,44.7,31.7,21.8,43.6,17.8,8.9,32.5,36.8,24.4,51.3,45.6,40.3,51.0,38.1,32.0,44.7,24.0,13.9,38.2,40.3,32.3,48.8,30.4,22.6,39.6,19.5,9.0,37.2,39.3,31.6,47.6,27.4,21.6,33.9,17.6,8.5,33.0,31.3,15.0,54.0,25.0,15.4,38.0,21.3,9.2,42.1
2023,zone,Sankuru,Vanga Kete,157,17,5,68.1,59.4,75.7,22.8,13.5,35.8,20.7,15.0,27.9,13.5,8.0,21.9,8.3,4.2,15.7,10.3,4.0,24.0,24.7,18.6,32.0,13.9,8.8,21.3,9.9,4.5,20.2,24.1,16.5,33.8,13.4,9.0,19.5,8.9,4.9,15.5,22.3,14.5,32.5,12.1,7.4,19.1,6.1,3.0,12.2,14.1,9.2,21.0,15.5,10.3,22.5,10.6,8.0,14.0
2023,zone,Sankuru,Wembo Nyama,155,15,5,44.6,26.9,63.7,32.8,18.3,51.5,44.6,27.1,63.5,36.2,24.6,49.7,24.0,13.1,39.7,39.6,22.8,59.4,49.7,30.4,69.2,41.9,25.6,60.2,27.1,14.0,45.9,44.6,27.1,63.5,36.2,24.6,49.7,24.4,13.1,40.8,43.3,27.1,61.0,34.1,22.9,47.4,21.6,13.2,33.3,32.2,19.0,49.1,32.2,23.1,43.0,27.2,17.4,39.9
2023,zone,Sud Kivu,Bagira,151,8,5,5.0,1.2,18.4,80.2,58.2,92.2,95.0,81.6,98.8,81.6,66.7,90.8,66.7,50.9,79.4,53.4,40.2,66.2,94.6,81.9,98.5,81.8,68.1,90.5,63.7,46.7,77.9,95.0,81.6,98.8,81.6,66.7,90.8,67.1,50.9,80.1,93.3,80.5,97.9,80.0,66.2,89.1,67.1,50.9,80.1,71.9,56.6,83.3,31.0,20.4,44.1,30.1,19.7,43.1
2023,zone,Sud Kivu,Bunyakiri,183,26,6,1.5,0.3,7.0,66.7,53.8,77.5,90.1,78.2,95.9,75.3,55.4,88.2,56.2,39.6,71.4,53.6,44.4,62.5,93.1,83.0,97.4,74.9,54.5,88.1,55.0,37.4,71.5,80.8,37.9,96.7,66.0,33.3,88.3,51.5,28.5,73.9,78.6,36.8,95.9,64.2,33.8,86.3,45.9,25.8,67.5,56.3,33.9,76.3,27.6,19.1,38.1,28.2,19.2,39.3
2023,zone,Sud Kivu,Fizi,210,31,7,6.8,2.4,17.7,67.1,53.9,78.1,87.4,70.2,95.4,74.4,65.7,81.5,65.3,58.0,72.0,61.6,47.3,74.0,88.8,74.6,95.5,79.8,66.7,88.6,66.1,60.9,70.9,86.7,68.5,95.2,73.3,62.7,81.7,66.3,58.5,73.3,83.4,70.5,91.4,68.4,56.9,78.1,54.5,44.4,64.3,75.1,64.6,83.2,40.0,31.4,49.2,34.3,26.7,42.8
2023,zone,Sud Kivu,Haut Plateau,196,23,6,0.9,0.2,4.3,76.1,56.2,88.8,88.7,79.0,94.3,52.0,34.4,69.2,37.6,26.0,50.8,54.1,42.2,65.6,90.8,83.5,95.1,51.0,37.8,64.1,35.0,27.1,43.9,87.5,80.4,92.2,52.8,33.8,71.0,38.3,25.6,52.9,78.8,63.6,88.8,50.1,33.0,67.1,28.2,18.6,40.4,45.8,32.6,59.7,24.0,15.7,34.8,25.2,15.9,37.4
2023,zone,Sud Kivu,Ibanda,154,17,5,0.0,0.0,0.0,82.9,44.2,96.7,99.4,92.5,100.0,98.2,87.1,99.8,86.4,77.0,92.3,73.3,51.3,87.7,99.1,94.2,99.9,96.9,89.2,99.2,88.5,84.1,91.8,99.4,92.5,100.0,98.2,87.1,99.8,86.6,80.4,91.0,97.9,89.9,99.6,96.1,86.4,98.9,87.0,78.1,92.7,91.6,82.8,96.1,49.1,29.2,69.3,44.2,23.4,67.3
2023,zone,Sud Kivu,Idjwi,167,21,5,0.8,0.1,7.6,85.2,72.6,92.6,87.0,67.5,95.6,71.3,42.7,89.2,59.7,32.8,81.8,79.0,62.2,89.6,88.2,68.2,96.3,71.1,42.1,89.3,58.8,32.6,80.8,85.1,67.2,94.1,69.4,42.2,87.5,58.6,32.2,80.8,84.6,65.9,94.0,67.3,41.7,85.5,55.7,29.5,79.1,63.8,34.7,85.4,36.5,13.1,68.7,36.0,12.9,68.0
2023,zone,Sud Kivu,Itombwe,165,18,5,10.2,2.9,30.2,74.8,61.6,84.6,68.4,55.1,79.2,42.7,31.6,54.6,30.0,24.1,36.6,71.2,66.5,75.5,69.4,57.0,79.6,44.5,34.0,55.4,33.5,24.3,44.0,68.4,55.4,79.1,42.7,31.6,54.6,31.4,23.2,40.8,66.0,51.3,78.2,43.6,33.0,54.8,30.4,24.5,37.1,35.0,25.7,45.5,29.8,21.5,39.7,24.9,12.4,43.6
2023,zone,Sud Kivu,Kabare,160,16,5,4.8,1.9,11.1,66.5,40.3,85.4,95.2,88.9,98.1,89.7,83.4,93.8,77.2,65.7,85.7,57.9,28.7,82.4,94.0,89.3,96.7,89.7,83.4,93.8,77.9,65.4,86.8,95.2,88.9,98.1,88.4,83.2,92.1,74.8,62.2,84.3,94.1,87.8,97.2,88.6,82.2,92.9,71.7,64.2,78.1,78.3,67.9,86.0,32.4,15.6,55.3,32.4,15.6,55.3
2023,zone,Sud Kivu,Kadutu,152,14,5,4.1,1.6,10.3,85.3,69.5,93.7,92.1,86.0,95.6,86.2,78.3,91.6,80.5,69.7,88.0,75.0,62.8,84.2,94.9,88.7,97.8,85.5,75.4,91.9,80.4,72.4,86.5,92.1,86.0,95.6,84.8,70.7,92.8,78.3,64.0,88.0,90.3,84.0,94.3,82.6,75.8,87.9,75.2,65.3,83.0,86.9,77.8,92.6,50.2,39.6,60.7,50.4,39.3,61.5
2023,zone,Sud Kivu,Kalehe,153,16,5,0.8,0.1,5.3,75.2,63.8,84.0,97.4,93.6,98.9,72.1,52.1,86.0,54.1,40.2,67.3,72.2,54.5,85.0,96.0,83.8,99.1,66.7,51.7,78.9,52.3,39.4,65.0,98.3,94.3,99.5,71.8,54.4,84.4,54.9,45.3,64.1,95.2,91.8,97.2,71.7,54.4,84.3,52.1,40.0,64.0,59.6,52.9,65.9,29.1,17.8,43.9,24.7,12.7,42.4
2023,zone,Sud Kivu,Kalole,211,24,6,28.9,21.9,37.0,49.5,39.1,60.0,70.9,62.5,78.0,59.9,52.2,67.0,37.7,31.4,44.4,45.2,36.7,54.0,70.9,62.5,78.0,60.3,52.3,67.8,38.2,31.8,45.1,70.9,62.5,78.0,59.9,52.2,67.0,37.7,31.4,44.4,69.7,59.4,78.4,58.8,50.1,66.9,36.0,30.1,42.3,39.5,32.1,47.4,11.9,5.3,24.4,7.9,4.0,15.0
2023,zone,Sud Kivu,Kalonge,150,18,5,0.0,0.0,0.0,84.4,77.7,89.5,98.2,79.3,99.9,87.5,37.1,98.8,81.7,43.6,96.3,66.6,42.8,84.2,98.2,79.3,99.9,87.5,37.1,98.8,81.0,43.9,95.9,98.2,79.3,99.9,87.5,37.1,98.8,82.4,43.0,96.7,98.2,79.3,99.9,87.5,37.1,98.8,74.8,39.8,93.0,84.2,47.9,96.9,47.7,25.5,70.9,49.6,26.0,73.4
2023,zone,Sud Kivu,Kamituga,183,23,6,7.3,3.9,13.4,79.4,69.2,86.9,91.9,87.0,95.1,78.7,62.0,89.3,64.6,46.3,79.5,49.8,36.0,63.5,91.2,86.2,94.5,78.7,62.0,89.3,63.6,45.1,78.8,91.9,87.0,95.1,77.6,59.2,89.2,64.1,44.8,79.7,87.6,80.0,92.6,73.9,59.9,84.3,52.3,37.4,66.8,69.2,48.8,84.1,51.0,33.8,68.0,51.0,33.8,68.0
2023,zone,Sud Kivu,Kaniola,176,16,5,6.2,1.2,27.4,83.6,53.5,95.8,91.4,65.8,98.3,84.3,40.0,97.8,80.5,39.9,96.2,85.6,53.4,96.8,92.8,66.0,98.8,84.3,40.0,97.8,78.6,40.2,95.3,91.4,65.8,98.3,84.3,40.0,97.8,79.2,40.2,95.6,90.1,64.4,97.9,84.3,40.0,97.8,79.9,40.2,95.9,81.3,38.6,96.8,53.3,30.2,75.0,52.2,28.5,75.0
2023,zone,Sud Kivu,Katana,154,20,5,0.6,0.0,7.3,77.5,55.6,90.5,99.4,92.7,100.0,89.8,74.9,96.3,76.2,58.7,87.8,34.2,16.8,57.2,99.4,92.7,100.0,88.6,69.5,96.4,78.1,59.5,89.7,99.4,92.7,100.0,89.3,73.7,96.1,81.0,62.9,91.5,99.4,92.7,100.0,88.5,74.5,95.3,63.5,42.6,80.3,83.8,65.7,93.3,50.3,30.5,70.0,48.5,28.9,68.7
2023,zone,Sud Kivu,Kaziba,149,16,5,17.3,8.2,33.0,59.2,39.9,76.0,76.6,59.8,87.8,62.0,50.6,72.2,48.9,34.0,63.9,51.1,30.4,71.5,70.9,51.8,84.7,58.3,43.6,71.7,46.5,29.9,63.9,75.9,58.8,87.5,60.1,51.1,68.4,46.9,32.7,61.7,73.9,58.6,85.0,57.7,46.3,68.3,42.3,28.4,57.5,52.1,39.1,64.9,17.9,8.5,33.9,17.9,8.5,33.9
2023,zone,Sud Kivu,Kimbi Lulenge,185,24,6,43.3,23.5,65.4,49.5,30.7,68.4,55.6,35.4,74.2,45.1,30.8,60.3,36.2,28.6,44.5,37.4,22.1,55.7,55.9,35.2,74.7,49.2,33.4,65.2,38.0,28.6,48.4,55.1,35.8,73.0,45.9,31.1,61.5,36.4,28.4,45.3,51.0,33.4,68.3,44.0,30.8,58.1,33.4,26.0,41.8,43.8,31.6,56.9,19.2,9.3,35.6,17.0,6.9,36.1
2023,zone,Sud Kivu,Kitutu,151,22,5,15.1,7.4,28.5,78.7,60.5,89.9,83.3,66.5,92.6,45.5,21.0,72.4,20.2,8.5,40.6,52.1,43.1,61.0,83.7,68.1,92.5,45.6,21.9,71.4,23.1,9.8,45.5,83.3,66.5,92.6,40.3,18.8,66.4,15.0,5.6,34.4,74.9,44.5,91.7,41.4,19.3,67.6,17.7,7.4,36.7,30.6,10.4,62.6,10.8,5.3,20.7,11.6,5.3,23.5
2023,zone,Sud Kivu,Lemera,207,26,6,0.2,0.0,3.5,84.1,70.8,92.0,99.2,94.4,99.9,88.5,76.8,94.7,83.1,68.3,91.8,46.7,14.9,81.5,99.8,96.5,100.0,88.5,76.8,94.7,73.0,47.1,89.2,99.2,94.4,99.9,88.3,76.3,94.7,82.8,67.9,91.7,98.8,84.3,99.9,86.6,72.9,93.9,65.7,59.8,71.1,89.3,76.6,95.5,52.5,32.4,71.8,53.7,32.7,73.4
2023,zone,Sud Kivu,Lulingu,156,21,5,9.6,2.4,31.1,88.6,68.4,96.5,57.1,35.5,76.2,49.4,28.4,70.6,43.0,17.3,73.1,79.4,73.4,84.4,60.7,34.5,81.9,51.7,26.5,76.1,44.3,16.2,76.6,57.1,35.5,76.2,49.0,27.6,70.8,42.6,16.8,73.1,57.5,36.2,76.3,48.5,27.5,70.0,38.3,16.7,65.9,46.0,17.4,77.5,40.2,16.6,69.4,38.2,15.9,66.8
2023,zone,Sud Kivu,Minembwe,173,18,5,14.5,9.5,21.6,64.0,52.4,74.2,54.9,40.6,68.5,17.5,5.3,44.5,10.8,1.6,47.1,58.4,44.9,70.8,48.8,29.5,68.6,17.0,5.0,44.5,11.1,1.8,46.8,54.9,40.6,68.5,17.5,5.3,44.5,11.2,1.6,49.5,52.1,37.0,66.9,17.5,5.3,44.5,10.8,1.6,47.1,23.3,7.4,53.7,15.5,3.5,47.8,15.8,3.5,49.4
2023,zone,Sud Kivu,Minova,168,21,5,0.0,0.0,0.0,89.4,79.1,95.0,95.4,82.3,98.9,94.3,82.7,98.3,87.7,70.3,95.6,81.3,75.0,86.3,96.8,71.1,99.7,93.8,81.6,98.1,84.9,71.4,92.7,95.4,82.3,98.9,94.3,82.7,98.3,87.7,70.3,95.6,95.1,82.8,98.7,92.1,84.2,96.2,76.8,65.4,85.3,88.0,70.1,95.9,48.0,36.9,59.3,46.0,35.9,56.4
2023,zone,Sud Kivu,Miti Murhesa,151,20,5,2.1,0.3,13.3,29.6,8.2,66.3,93.4,92.1,94.5,78.2,66.6,86.5,68.8,49.6,83.2,23.3,8.3,50.4,95.4,92.0,97.4,74.2,57.3,86.1,70.5,54.3,82.8,97.4,84.1,99.6,76.2,62.0,86.3,68.0,50.2,81.8,89.5,82.8,93.8,72.3,52.7,85.9,49.0,26.6,71.8,74.7,62.5,84.0,35.1,13.2,65.8,32.3,10.9,65.0
2023,zone,Sud Kivu,Mubumbano,166,16,5,4.6,1.3,15.3,71.9,61.3,80.6,92.5,66.9,98.7,78.1,51.0,92.4,62.2,30.8,85.8,55.6,36.2,73.5,94.7,80.2,98.7,80.1,56.6,92.6,65.2,34.9,86.8,93.2,71.2,98.7,78.8,53.4,92.3,63.4,33.0,85.9,91.4,70.4,97.9,78.1,51.0,92.4,61.4,31.9,84.4,62.3,31.7,85.5,36.8,19.1,58.9,36.6,18.2,60.1
2023,zone,Sud Kivu,Mulungu,166,20,5,41.7,35.9,47.7,44.9,39.1,50.9,51.4,42.3,60.5,44.3,32.1,57.3,33.9,22.5,47.4,38.2,32.2,44.7,52.9,41.7,63.8,44.6,34.3,55.4,33.9,22.5,47.4,51.4,42.3,60.5,44.3,32.1,57.3,33.9,22.5,47.4,51.4,42.3,60.5,42.1,26.2,59.9,33.3,22.4,46.4,38.5,27.4,51.0,19.5,11.7,30.8,19.5,11.7,30.8
2023,zone,Sud Kivu,Mwana,172,15,5,3.1,0.6,14.7,92.1,81.3,96.9,94.1,85.2,97.8,76.9,46.0,92.9,67.1,41.8,85.2,62.6,47.2,75.7,96.0,82.4,99.2,75.0,43.9,92.0,68.6,41.0,87.3,95.1,84.5,98.6,76.9,46.0,92.9,65.8,40.2,84.6,92.0,84.5,96.0,76.4,46.6,92.3,65.8,40.2,84.6,70.0,43.9,87.4,29.9,16.6,47.8,29.6,17.7,45.2
2023,zone,Sud Kivu,Mwenga,153,18,5,9.4,5.2,16.3,77.3,62.1,87.6,89.1,83.5,93.0,76.8,69.4,82.9,52.6,40.5,64.4,53.2,31.8,73.4,89.3,80.8,94.3,76.8,69.4,82.9,51.1,37.8,64.2,89.1,83.5,93.0,76.1,69.0,82.0,51.9,41.3,62.3,83.7,74.3,90.1,72.7,66.1,78.4,42.4,33.6,51.7,60.9,48.5,72.1,30.0,19.7,42.7,30.8,18.3,47.0
2023,zone,Sud Kivu,Nundu,156,21,5,4.0,2.8,5.9,78.3,61.4,89.1,92.8,83.6,97.0,76.6,65.3,85.0,55.7,42.0,68.5,71.8,56.6,83.2,90.8,84.9,94.5,75.7,65.2,83.9,58.7,45.9,70.4,92.8,83.6,97.0,71.0,57.3,81.7,52.0,38.6,65.1,89.7,72.4,96.7,70.1,58.0,80.0,45.6,30.8,61.2,70.8,60.7,79.1,39.7,29.2,51.3,37.8,28.0,48.6
2023,zone,Sud Kivu,Nyangezi,155,12,5,14.6,8.2,24.9,81.1,72.8,87.3,82.7,71.3,90.1,79.5,62.4,90.1,74.3,48.5,89.9,47.9,38.7,57.4,82.4,70.8,90.1,79.6,63.0,90.0,76.1,52.7,90.1,82.7,71.3,90.1,79.9,63.7,90.0,76.4,53.9,90.0,82.2,71.6,89.5,77.9,60.2,89.1,71.1,46.0,87.6,76.8,54.0,90.4,47.6,12.3,85.5,47.5,11.6,86.2
2023,zone,Sud Kivu,Nyantende,154,11,5,17.1,12.4,23.3,59.9,40.7,76.5,80.5,73.9,85.8,65.3,52.0,76.6,55.3,45.1,65.1,40.0,23.4,59.2,78.7,69.8,85.5,66.9,54.3,77.4,54.2,44.1,63.9,78.4,67.7,86.2,64.2,50.8,75.7,54.5,43.2,65.5,79.3,67.7,87.5,65.0,49.0,78.2,49.9,40.5,59.2,58.2,48.3,67.4,28.8,12.3,53.9,29.9,12.3,56.4
2023,zone,Sud Kivu,Ruzizi,187,23,6,6.6,3.5,12.1,77.9,72.6,82.4,85.6,79.9,89.9,68.2,56.0,78.3,49.7,36.5,63.0,67.7,54.4,78.6,84.7,78.9,89.1,70.0,61.1,77.7,51.6,43.6,59.5,83.0,75.7,88.4,64.7,53.2,74.6,46.6,35.6,58.0,80.1,69.1,87.8,61.7,49.2,72.9,29.7,20.9,40.1,59.9,51.0,68.1,36.4,32.0,41.1,31.7,26.4,37.4
2023,zone,Sud Kivu,Shabunda,208,23,6,11.5,6.9,18.5,75.0,67.0,81.6,87.9,80.3,92.9,84.8,77.6,89.9,67.1,54.9,77.5,73.9,64.6,81.5,87.9,80.3,92.9,84.8,77.6,89.9,67.1,54.9,77.5,87.9,80.3,92.9,84.8,77.6,89.9,67.1,54.9,77.5,87.9,80.3,92.9,84.8,77.6,89.9,66.8,54.1,77.5,67.1,54.9,77.5,43.6,24.7,64.5,43.8,25.0,64.6
2023,zone,Sud Kivu,Uvira,177,22,5,0.0,0.0,0.0,92.8,83.6,97.0,99.2,94.7,99.9,95.3,77.1,99.2,93.1,72.1,98.6,69.7,33.0,91.5,100.0,100.0,100.0,95.9,81.2,99.2,91.0,78.7,96.5,98.7,89.4,99.8,95.3,77.1,99.2,93.1,72.1,98.6,97.3,93.6,98.8,93.8,82.5,98.0,55.4,34.6,74.4,94.8,73.1,99.2,65.0,40.0,83.7,57.2,39.8,73.0
2023,zone,Sud Kivu,Walungu,210,23,6,0.6,0.1,5.4,73.7,44.8,90.7,99.4,94.6,99.9,95.7,79.1,99.2,89.0,76.0,95.4,58.5,35.2,78.5,99.4,94.6,99.9,95.1,75.4,99.2,88.4,74.0,95.3,99.4,94.6,99.9,96.0,77.5,99.4,89.5,72.4,96.5,99.4,94.6,99.9,95.7,79.1,99.2,70.9,56.1,82.3,90.1,75.0,96.5,47.2,36.6,57.9,46.9,35.8,58.4
2023,zone,Sud Ubangi,Bangabola,153,17,5,37.5,24.8,52.2,47.0,31.8,62.7,52.5,29.5,74.6,27.5,14.1,46.7,15.4,8.6,26.3,48.6,27.2,70.5,56.6,38.1,73.4,32.8,18.3,51.4,18.0,9.1,32.6,52.7,33.0,71.7,27.0,13.5,46.5,14.3,7.9,24.4,47.5,28.8,66.9,23.4,12.3,40.0,14.1,7.4,25.0,30.5,17.0,48.4,14.8,10.9,19.8,15.5,11.8,20.1
2023,zone,Sud Ubangi,Bogosenubea,153,21,5,3.1,0.6,14.1,82.3,67.4,91.2,82.2,64.8,92.1,50.8,40.3,61.2,22.9,13.3,36.4,52.7,46.0,59.4,87.2,72.1,94.7,61.2,49.1,72.1,31.0,21.7,42.1,83.0,60.3,94.0,53.5,43.2,63.4,26.8,18.5,37.1,83.5,71.3,91.2,53.6,47.6,59.5,20.3,11.9,32.4,37.7,25.7,51.5,13.2,9.4,18.3,10.1,5.5,18.0
2023,zone,Sud Ubangi,Bokonzi,188,26,6,17.3,13.2,22.3,56.6,45.4,67.2,75.9,67.5,82.7,59.8,43.3,74.4,41.8,26.3,59.2,50.2,39.1,61.3,72.6,63.8,80.0,64.3,56.0,71.7,39.2,25.6,54.8,75.4,64.5,83.8,60.0,42.8,75.0,42.0,24.1,62.3,72.0,61.0,80.9,55.7,39.0,71.2,40.3,23.7,59.4,57.9,44.4,70.3,25.5,16.8,36.7,24.6,17.1,34.1
2023,zone,Sud Ubangi,Bominenge,149,18,5,3.4,1.7,6.9,74.6,37.9,93.4,77.7,35.0,95.7,62.1,24.0,89.5,49.5,18.1,81.2,67.4,50.5,80.7,80.9,50.3,94.6,58.6,21.8,87.8,45.5,14.6,80.4,82.5,49.4,95.8,64.4,26.3,90.2,48.7,17.3,81.1,79.6,48.2,94.2,60.4,22.8,88.8,44.7,13.7,80.5,47.8,16.4,81.1,8.1,4.8,13.3,6.0,1.9,17.2
2023,zone,Sud Ubangi,Boto,149,21,5,11.5,6.7,18.8,68.9,65.6,72.0,83.6,68.6,92.2,70.9,52.0,84.6,54.8,41.9,67.0,54.1,40.1,67.5,83.3,68.9,91.8,67.7,45.3,84.1,51.2,41.3,61.0,82.5,62.2,93.1,72.1,53.8,85.2,53.2,40.5,65.6,82.6,68.4,91.3,70.1,54.1,82.3,55.6,38.3,71.7,62.4,47.0,75.7,37.1,20.4,57.5,33.8,16.1,57.5
2023,zone,Sud Ubangi,Budjala,153,17,5,18.0,8.5,34.2,59.3,39.2,76.7,77.7,63.2,87.6,56.6,41.6,70.5,40.7,27.9,54.8,28.9,14.7,48.8,75.9,60.5,86.6,55.2,42.6,67.2,38.4,32.7,44.4,77.7,63.2,87.6,57.1,43.0,70.2,35.9,26.1,47.0,73.8,59.9,84.1,48.6,36.0,61.4,30.9,22.1,41.4,51.1,39.5,62.5,25.4,14.0,41.5,24.2,10.0,48.0
2023,zone,Sud Ubangi,Bulu,152,17,5,19.1,12.0,29.1,61.1,35.7,81.6,64.2,56.1,71.6,22.3,11.7,38.4,14.4,8.0,24.4,48.5,31.8,65.4,63.9,60.2,67.4,22.7,11.2,40.4,14.8,7.6,26.7,63.1,54.6,70.8,21.8,11.7,37.1,14.4,8.0,24.4,61.4,49.0,72.5,20.4,9.6,38.2,11.0,4.7,23.7,17.5,8.8,31.9,6.7,2.2,18.7,6.7,2.2,18.7
2023,zone,Sud Ubangi,Bwamanda,150,21,5,16.5,3.3,53.0,58.6,34.8,79.0,79.8,49.7,94.1,53.6,32.8,73.2,34.2,14.9,60.7,39.4,15.7,69.4,70.7,47.1,86.7,51.8,29.3,73.7,25.6,7.4,59.6,79.5,50.2,93.7,53.9,30.6,75.6,36.4,20.5,56.0,76.1,50.0,91.0,50.0,28.2,71.7,24.1,6.3,60.1,55.8,33.2,76.2,30.2,17.6,46.7,26.1,16.5,38.8
2023,zone,Sud Ubangi,Gemena,209,31,7,11.4,4.6,25.4,75.3,58.6,86.8,83.0,70.0,91.1,65.8,52.4,77.0,44.6,30.9,59.1,53.3,44.7,61.7,83.6,70.1,91.7,64.5,49.8,76.9,49.3,35.2,63.4,81.6,70.1,89.4,66.5,53.6,77.4,42.0,28.6,56.7,78.3,69.5,85.1,59.1,43.7,72.8,34.4,24.5,45.8,56.8,41.6,70.8,33.6,20.2,50.3,28.8,16.5,45.3
2023,zone,Sud Ubangi,Kungu,206,31,7,32.1,18.3,50.0,50.4,31.4,69.3,52.5,30.6,73.4,35.8,18.5,57.8,18.7,8.1,37.4,44.9,34.2,56.1,59.0,39.9,75.7,40.7,25.0,58.7,22.9,11.1,41.2,52.5,31.4,72.8,37.2,20.4,57.7,18.3,8.3,35.9,40.4,20.3,64.3,26.4,12.3,47.9,16.3,7.1,33.1,36.3,25.0,49.3,12.0,6.8,20.3,12.9,6.9,22.8
2023,zone,Sud Ubangi,Libenge,151,22,5,8.5,1.1,43.3,78.4,42.0,94.8,81.8,34.9,97.4,64.4,33.0,86.9,51.0,26.2,75.3,54.7,17.8,87.1,82.5,45.0,96.5,68.1,48.4,82.9,52.7,28.8,75.3,81.8,34.9,97.4,66.7,35.3,88.0,50.2,24.6,75.7,79.4,34.3,96.6,61.9,29.9,86.1,41.5,17.6,70.3,63.7,38.3,83.2,32.3,19.7,48.1,26.8,11.9,49.6
2023,zone,Sud Ubangi,Mawuya,160,18,5,12.8,7.1,22.2,53.1,41.6,64.3,73.1,52.8,86.8,38.3,24.9,53.8,21.7,8.1,46.6,44.9,24.9,66.6,70.3,59.7,79.1,35.5,15.4,62.3,21.2,6.8,50.0,73.6,56.1,85.8,37.6,22.7,55.4,18.5,4.5,52.5,62.7,46.6,76.4,32.0,18.5,49.3,12.0,4.1,30.3,43.6,29.4,59.0,26.5,11.7,49.7,26.1,14.0,43.5
2023,zone,Sud Ubangi,Mbaya,151,11,5,12.6,5.7,25.4,79.5,63.8,89.6,82.5,71.0,90.0,70.2,59.7,78.9,55.3,42.4,67.5,51.0,43.4,58.6,84.9,74.9,91.3,72.0,62.1,80.1,55.7,44.4,66.5,81.1,67.0,90.0,70.2,59.7,78.9,54.7,42.2,66.6,78.0,59.6,89.4,64.5,49.9,76.9,47.3,32.8,62.3,62.5,54.2,70.2,29.5,21.0,39.8,25.0,14.1,40.4
2023,zone,Sud Ubangi,Ndage,152,22,5,22.0,11.8,37.4,63.8,43.7,80.1,73.7,50.8,88.4,58.6,35.0,78.9,42.7,21.3,67.1,46.4,21.4,73.4,74.4,56.5,86.6,59.6,36.9,78.9,43.7,23.1,66.7,72.8,50.9,87.4,58.0,35.5,77.5,41.8,20.8,66.2,72.4,54.1,85.3,58.4,35.7,78.0,36.0,16.7,61.3,55.7,32.7,76.5,29.3,11.7,56.3,27.3,10.2,55.1
2023,zone,Sud Ubangi,Tandala,178,23,6,11.8,4.0,30.4,60.4,43.2,75.4,78.0,59.9,89.4,65.1,48.0,79.1,41.7,25.5,59.9,55.1,43.0,66.5,80.4,64.2,90.3,64.6,46.3,79.4,42.8,26.1,61.3,79.2,60.7,90.4,65.7,49.2,79.2,42.5,25.6,61.3,74.7,56.1,87.2,58.9,40.3,75.3,35.0,17.1,58.5,68.0,45.1,84.6,42.8,27.4,59.7,40.7,26.6,56.5
2023,zone,Sud Ubangi,Zongo,151,14,5,3.5,0.9,13.3,84.0,76.0,89.7,80.0,58.2,92.0,43.0,23.9,64.4,28.0,13.2,49.9,65.8,42.5,83.4,76.7,58.3,88.5,42.7,24.6,62.9,26.8,12.9,47.5,79.2,59.2,90.9,42.9,25.3,62.6,27.2,13.5,47.3,73.9,53.1,87.6,39.1,21.2,60.5,22.8,14.6,33.7,30.6,14.4,53.6,11.2,6.6,18.6,10.5,5.7,18.4
2023,zone,Tanganyika,Ankoro,174,25,6,0.0,0.0,0.0,100.0,100.0,100.0,99.0,94.9,99.8,96.1,84.7,99.1,89.4,84.0,93.1,99.0,94.9,99.8,99.0,94.9,99.8,96.1,84.7,99.1,89.4,84.0,93.1,99.0,94.9,99.8,96.1,84.7,99.1,89.4,84.0,93.1,99.0,94.9,99.8,96.1,84.7,99.1,89.4,84.0,93.1,89.4,84.0,93.1,48.5,37.6,59.6,48.4,36.6,60.3
2023,zone,Tanganyika,Kabalo,179,24,6,0.4,0.0,5.1,95.8,81.4,99.2,98.8,92.2,99.8,91.8,80.0,96.9,74.9,61.0,85.1,78.9,69.9,85.7,98.8,92.2,99.8,91.2,81.1,96.1,76.5,62.4,86.5,98.8,92.2,99.8,90.9,81.1,95.8,74.9,61.0,85.1,98.8,92.2,99.8,90.9,81.1,95.8,72.9,60.6,82.5,78.0,61.3,88.9,52.0,31.6,71.8,49.6,28.7,70.6
2023,zone,Tanganyika,Kalemie,188,27,6,7.3,2.3,20.9,86.7,65.3,95.7,80.0,53.9,93.2,69.3,38.8,88.9,51.2,22.4,79.3,75.1,51.1,89.7,85.5,64.4,95.0,70.9,42.0,89.1,54.7,23.7,82.4,78.7,50.9,92.9,68.0,36.5,88.7,51.7,24.2,78.2,89.2,72.9,96.2,75.2,55.5,88.1,46.4,21.0,73.8,62.2,35.7,83.0,27.7,13.2,49.2,26.5,12.3,48.2
2023,zone,Tanganyika,Kansimba,155,21,5,20.7,15.0,27.8,72.0,52.4,85.7,67.1,54.4,77.8,51.7,40.3,62.9,37.1,26.4,49.3,60.9,41.1,77.7,78.3,69.0,85.4,54.3,42.0,66.1,34.9,28.8,41.6,55.9,45.3,66.1,40.4,32.1,49.2,32.5,24.5,41.7,66.7,51.0,79.5,46.9,35.4,58.7,34.4,23.7,47.0,46.7,33.7,60.1,24.8,15.6,37.0,19.7,16.0,24.1
2023,zone,Tanganyika,Kiambi,172,26,6,1.6,0.5,5.4,98.4,94.6,99.5,97.5,93.7,99.0,91.5,83.6,95.8,87.2,77.7,93.0,94.1,86.4,97.5,98.0,95.1,99.2,92.4,86.5,95.8,87.7,79.4,93.0,97.5,93.7,99.0,91.5,83.6,95.8,87.2,77.7,93.0,97.5,93.7,99.0,90.6,79.7,95.9,87.2,77.7,93.0,87.7,77.7,93.5,47.3,37.4,57.4,47.3,37.4,57.4
2023,zone,Tanganyika,Kongolo,180,25,6,0.6,0.1,6.0,95.7,87.0,98.7,98.2,83.4,99.8,93.0,82.6,97.4,80.4,50.9,94.2,72.9,66.8,78.3,98.2,83.4,99.8,93.0,82.6,97.4,81.3,51.9,94.6,98.2,83.4,99.8,93.0,82.6,97.4,80.4,50.9,94.2,98.2,83.4,99.8,92.6,81.5,97.3,63.7,40.8,81.7,81.0,49.4,94.9,57.4,37.9,74.8,58.4,39.9,74.8
2023,zone,Tanganyika,Manono,168,27,6,0.0,0.0,0.0,99.2,94.9,99.9,99.7,95.6,100.0,96.8,90.6,99.0,93.0,86.0,96.6,97.8,91.9,99.4,99.7,95.6,100.0,97.4,91.9,99.2,94.1,86.4,97.5,99.7,95.6,100.0,96.8,90.6,99.0,93.0,86.0,96.6,99.7,95.6,100.0,96.8,90.6,99.0,93.2,86.0,96.8,93.0,86.0,96.6,53.8,45.1,62.2,52.7,46.0,59.3
2023,zone,Tanganyika,Mbulula,148,21,5,0.0,0.0,0.0,97.3,85.0,99.6,100.0,100.0,100.0,94.3,85.1,97.9,83.5,65.9,92.9,69.7,62.5,76.1,100.0,100.0,100.0,94.6,85.2,98.2,82.8,63.3,93.1,100.0,100.0,100.0,94.3,85.1,97.9,83.5,65.9,92.9,99.3,92.1,99.9,94.3,85.1,97.9,79.1,63.7,89.1,85.4,73.1,92.7,55.9,44.1,67.1,55.2,41.8,67.8
2023,zone,Tanganyika,Moba,187,25,6,14.0,9.1,20.8,77.6,70.2,83.6,65.3,56.6,73.1,47.5,38.3,56.8,36.9,25.8,49.6,58.2,45.1,70.3,78.8,73.3,83.4,54.2,46.1,62.1,34.7,28.4,41.6,56.7,52.1,61.1,43.8,37.7,50.1,32.8,27.8,38.3,65.7,58.4,72.4,47.0,34.4,60.1,33.3,25.2,42.5,45.3,35.1,55.9,25.7,17.2,36.4,22.0,15.7,29.9
2023,zone,Tanganyika,Nyemba,159,21,5,1.2,0.1,20.3,98.3,73.3,99.9,94.7,69.6,99.3,89.3,68.3,97.0,79.6,52.5,93.3,92.7,64.9,98.9,95.4,74.8,99.3,90.0,70.9,97.1,82.0,54.6,94.5,94.7,69.6,99.3,89.1,66.1,97.1,79.0,50.1,93.3,92.2,83.9,96.4,84.9,75.7,91.0,73.9,48.0,89.7,80.8,56.8,93.1,45.8,26.0,67.1,43.8,25.3,64.2
2023,zone,Tanganyika,Nyunzu,191,25,6,30.4,18.5,45.6,64.6,51.8,75.6,55.1,44.7,65.1,38.9,35.0,42.9,25.7,23.1,28.5,51.4,38.4,64.2,68.0,55.0,78.7,45.7,38.8,52.9,29.4,25.2,34.1,48.5,43.4,53.5,35.2,31.4,39.1,23.3,20.4,26.4,52.5,43.7,61.1,33.4,29.4,37.6,22.2,18.4,26.5,45.7,41.9,49.5,22.5,18.2,27.5,21.5,17.1,26.6
2023,zone,Tshopo,Bafwagbogbo,150,18,5,28.9,8.9,62.9,59.3,27.3,85.0,56.9,27.8,81.9,38.0,16.4,65.6,17.1,5.5,42.1,55.7,25.5,82.2,61.9,29.9,86.1,38.7,16.2,67.4,18.4,5.8,45.3,56.9,27.8,81.9,37.3,16.7,63.8,16.4,5.6,39.0,57.6,27.3,83.1,38.7,16.2,67.4,15.6,4.2,44.0,34.4,14.6,61.6,27.3,16.5,41.7,26.9,16.9,40.1
2023,zone,Tshopo,Bafwasende,156,14,5,32.7,24.9,41.5,51.1,37.0,65.1,53.7,41.4,65.6,42.7,34.7,51.0,23.9,16.5,33.4,55.9,50.1,61.5,62.7,51.2,72.9,43.8,38.4,49.2,25.3,19.3,32.4,50.9,38.6,63.1,38.7,30.0,48.3,21.9,13.4,33.6,49.9,35.6,64.1,39.9,30.2,50.6,17.9,9.0,32.4,40.8,32.2,50.0,26.9,19.3,36.0,23.4,14.4,35.8
2023,zone,Tshopo,Banalia,152,20,5,38.8,18.2,64.4,50.8,34.9,66.6,54.4,30.4,76.6,34.1,20.9,50.4,26.4,13.6,44.9,52.1,34.9,68.8,57.0,31.9,79.0,35.1,24.7,47.2,30.5,19.3,44.7,51.3,27.8,74.2,32.2,19.9,47.7,26.4,13.6,44.9,47.3,26.0,69.6,32.2,18.5,49.7,26.4,13.6,44.9,30.9,19.0,45.9,19.5,14.1,26.2,17.4,11.3,25.7
2023,zone,Tshopo,Basali,151,14,5,58.6,44.5,71.4,38.8,28.6,49.9,23.8,15.7,34.5,16.3,8.5,29.1,12.3,4.6,28.9,35.1,24.8,47.0,34.1,23.9,46.1,25.9,13.5,43.9,14.3,6.0,30.5,24.5,16.9,34.2,16.3,9.8,26.0,11.6,4.7,26.0,23.3,15.4,33.7,16.3,8.1,30.1,11.6,4.2,28.0,15.1,6.6,30.8,7.1,3.8,12.9,5.9,2.7,12.7
2023,zone,Tshopo,Basoko,154,21,5,46.0,36.0,56.3,45.8,35.3,56.8,41.3,33.1,50.1,17.3,10.7,26.7,10.5,7.2,15.2,34.0,30.5,37.6,46.6,38.0,55.4,22.5,18.1,27.6,13.0,8.8,19.0,40.4,31.2,50.3,16.8,10.6,25.7,10.0,7.4,13.5,41.1,31.3,51.6,17.3,10.7,26.7,10.5,7.2,15.2,11.3,8.7,14.5,10.0,6.5,15.1,8.0,5.9,10.8
2023,zone,Tshopo,Bengamisa,149,17,5,39.8,28.3,52.5,58.6,45.4,70.7,53.4,40.1,66.2,31.2,14.9,54.0,15.8,5.8,36.4,59.1,45.3,71.7,56.4,45.7,66.5,39.9,23.7,58.6,16.6,8.3,30.5,46.8,31.1,63.2,32.4,14.3,57.8,15.1,7.0,29.6,39.4,21.7,60.4,21.0,9.5,40.3,14.1,5.0,33.6,40.4,22.0,61.9,30.9,17.9,48.0,28.5,15.7,45.9
2023,zone,Tshopo,Isangi,185,23,6,30.4,19.8,43.4,59.4,48.6,69.4,55.0,40.6,68.7,34.8,26.0,44.7,21.6,14.4,31.2,32.8,19.0,50.5,62.2,46.4,75.8,39.4,28.8,51.0,26.1,18.2,36.1,55.0,40.6,68.7,35.3,26.5,45.2,21.6,14.4,31.2,53.2,38.8,67.0,32.1,22.3,43.9,18.7,12.5,27.1,22.9,16.3,31.3,15.3,10.0,22.6,15.3,10.0,22.6
2023,zone,Tshopo,Kabondo,148,16,5,12.6,5.1,28.1,75.1,57.8,86.9,72.0,62.2,80.1,64.1,53.1,73.8,54.7,45.1,64.0,62.6,48.5,74.9,81.5,70.6,89.0,68.5,56.3,78.6,53.6,44.4,62.7,73.0,61.7,82.0,65.5,51.7,77.1,55.1,45.0,64.9,70.0,54.2,82.1,62.1,46.4,75.6,48.1,40.9,55.4,60.4,53.5,66.8,38.5,30.2,47.6,35.7,25.9,47.0
2023,zone,Tshopo,Lubunga,153,18,5,38.0,25.7,52.2,55.1,39.7,69.7,54.6,40.4,68.1,40.4,29.8,52.1,31.4,20.9,44.1,31.2,20.9,43.7,59.3,45.4,71.8,43.5,31.3,56.6,34.5,23.8,46.9,54.6,40.4,68.1,40.4,29.8,52.1,29.6,18.0,44.7,52.7,41.9,63.3,39.6,29.1,51.1,31.0,20.6,43.9,34.1,23.4,46.7,16.6,10.7,24.8,16.6,10.7,24.8
2023,zone,Tshopo,Makiso Kisangani,155,22,5,23.1,17.3,30.3,74.3,64.3,82.2,73.5,63.4,81.7,59.4,39.3,76.8,54.5,30.8,76.3,58.9,44.1,72.2,76.9,69.7,82.7,64.0,46.9,78.2,55.6,32.4,76.5,71.0,59.1,80.6,60.9,41.0,77.8,53.5,29.9,75.7,68.8,55.9,79.3,58.1,39.0,75.1,52.2,30.1,73.4,57.7,37.9,75.3,34.1,17.4,56.0,32.8,15.5,56.5
2023,zone,Tshopo,Mangobo,148,18,5,32.1,18.9,48.9,64.3,49.2,77.1,63.1,49.0,75.3,50.1,37.1,63.1,42.9,28.9,58.1,57.0,39.2,73.2,67.1,50.6,80.2,54.8,41.2,67.6,44.2,31.1,58.2,61.5,47.0,74.3,49.7,36.1,63.2,39.9,26.7,54.8,55.8,48.3,63.2,48.7,35.1,62.4,38.9,26.2,53.3,53.1,40.0,65.8,22.2,18.1,26.9,21.4,15.2,29.1
2023,zone,Tshopo,Opala,178,23,6,42.7,29.7,56.9,42.3,33.0,52.2,39.3,26.7,53.5,16.7,9.3,28.3,12.0,5.5,24.2,47.5,38.5,56.7,53.3,39.9,66.2,30.9,25.3,37.1,18.5,13.6,24.7,37.0,26.0,49.5,16.2,9.3,26.7,11.5,5.2,23.4,28.6,18.2,41.9,13.2,6.7,24.4,10.7,4.3,24.3,34.2,22.4,48.3,18.4,10.1,31.2,14.6,8.9,23.0
2023,zone,Tshopo,Opienge,153,15,5,45.5,30.4,61.4,45.4,29.5,62.2,36.7,20.9,56.1,25.1,11.9,45.5,11.3,2.9,35.7,44.6,27.6,62.9,49.1,38.0,60.3,34.0,20.9,50.2,13.9,3.5,41.8,29.4,13.3,53.0,20.5,7.0,47.2,10.4,2.6,32.9,20.0,7.1,45.0,15.1,3.5,46.8,7.2,0.8,42.8,29.9,16.7,47.7,10.3,4.3,22.7,4.0,0.4,29.4
2023,zone,Tshopo,Tshopo,153,16,5,24.6,18.2,32.5,66.2,57.7,73.9,66.1,57.0,74.1,41.2,27.6,56.3,31.6,20.2,45.6,59.8,50.9,68.1,71.8,63.5,78.8,37.9,32.3,43.8,25.8,20.4,31.9,62.8,52.9,71.7,39.3,24.5,56.2,31.9,21.3,44.7,56.6,49.2,63.7,33.2,20.7,48.7,23.7,15.2,35.0,44.1,36.2,52.4,38.3,26.7,51.4,32.7,26.2,39.9
2023,zone,Tshopo,Ubundu,149,17,5,26.7,21.2,33.0,67.2,57.9,75.4,65.6,59.5,71.3,36.2,25.0,49.0,27.2,18.3,38.5,67.6,64.8,70.3,66.8,60.8,72.3,32.8,20.5,48.1,25.8,20.5,32.0,64.6,57.8,70.8,35.2,24.7,47.3,26.6,17.4,38.5,59.4,50.3,68.0,29.3,18.0,44.1,26.2,16.9,38.2,45.3,31.8,59.4,39.2,33.2,45.6,31.9,25.2,39.5
2023,zone,Tshopo,Wanierukula,150,14,5,59.3,51.9,66.3,36.3,26.5,47.4,35.4,29.0,42.3,21.6,14.1,31.6,11.8,7.3,18.4,33.9,20.8,50.0,39.5,33.9,45.5,28.4,23.7,33.7,17.4,12.9,23.2,33.5,25.6,42.5,21.6,14.1,31.6,11.8,7.3,18.4,31.7,26.8,37.0,20.0,14.2,27.5,11.4,7.1,18.0,13.1,8.8,19.1,10.0,5.6,17.4,9.6,5.2,17.2
2023,zone,Tshopo,Yabaondo,186,23,6,52.8,36.4,68.6,35.8,19.2,56.6,38.3,23.7,55.2,22.4,11.6,38.8,7.7,4.7,12.5,23.3,8.9,48.7,40.7,25.4,58.1,24.0,12.5,41.2,10.1,5.3,18.5,37.2,23.6,53.2,21.9,11.5,37.6,7.7,4.7,12.5,35.6,22.3,51.6,21.4,10.8,37.9,7.1,3.9,12.7,15.8,8.8,26.8,8.5,5.3,13.4,7.5,3.9,14.0
2023,zone,Tshopo,Yahisuli,150,17,5,26.3,12.2,48.0,68.0,43.3,85.5,42.1,18.5,70.1,21.4,8.3,44.8,14.5,5.7,32.6,63.8,53.7,72.8,60.8,46.9,73.1,33.4,25.1,42.8,19.1,9.8,34.1,38.6,14.9,69.4,21.9,8.6,45.5,15.2,6.5,31.6,36.2,12.8,68.7,21.4,8.5,44.4,14.1,6.1,29.4,28.7,18.6,41.4,12.7,4.2,32.2,12.1,4.2,30.4
2023,zone,Tshopo,Yahuma,188,27,6,55.3,44.7,65.5,39.0,30.3,48.5,38.1,29.4,47.6,20.6,13.0,31.1,9.2,4.6,17.6,20.2,10.6,35.0,39.6,29.3,51.0,20.6,13.0,31.1,9.7,4.5,19.5,38.1,29.4,47.6,20.6,13.0,31.1,9.2,4.6,17.6,38.5,30.2,47.6,21.0,13.4,31.3,8.6,4.3,16.6,14.4,5.6,32.2,9.7,3.8,23.0,9.7,3.8,23.0
2023,zone,Tshopo,Yakusu,151,22,5,24.5,14.1,39.1,72.7,54.7,85.4,67.8,52.3,80.2,49.6,33.5,65.8,37.1,20.4,57.6,67.5,51.8,80.0,70.6,56.4,81.6,52.5,36.9,67.7,38.2,24.9,53.5,65.8,48.8,79.6,48.0,30.8,65.7,37.0,19.5,58.9,58.5,38.2,76.2,42.5,24.3,63.0,35.3,18.9,56.0,54.6,43.9,64.8,30.6,19.3,44.8,24.3,15.3,36.3
2023,zone,Tshopo,Yaleko,150,21,5,33.7,22.6,46.9,61.9,51.2,71.6,54.4,35.9,71.7,32.2,16.4,53.4,21.1,10.5,37.8,55.0,42.7,66.8,60.4,48.5,71.1,41.9,26.8,58.7,26.1,17.1,37.7,54.2,36.2,71.1,32.4,15.5,55.6,19.1,9.9,33.6,44.0,30.9,58.0,27.8,15.2,45.4,19.1,9.9,33.6,37.7,21.2,57.7,24.6,15.9,36.0,23.0,15.1,33.3
2023,zone,Tshopo,Yalimbongo,148,18,5,62.3,48.2,74.6,35.7,24.6,48.6,29.2,16.5,46.2,15.7,5.8,36.1,11.7,3.2,34.9,27.9,16.5,43.0,32.4,19.7,48.5,17.9,6.0,42.6,14.0,4.4,36.2,28.6,16.1,45.4,15.7,5.8,36.1,11.7,3.2,34.9,26.9,14.9,43.7,14.1,4.6,35.7,10.9,3.1,31.8,14.8,4.2,40.7,8.8,2.4,27.2,7.7,2.1,24.7
2023,zone,Tshuapa,Befale,149,22,5,25.9,17.0,37.2,59.7,54.7,64.4,58.0,35.1,77.9,42.0,26.0,60.0,28.7,19.5,40.0,64.2,53.2,73.8,70.7,54.6,82.9,56.6,44.8,67.7,33.7,25.8,42.5,56.4,29.4,80.1,41.4,24.0,61.2,28.4,19.4,39.6,63.0,46.7,76.7,51.9,30.5,72.7,22.1,14.2,32.7,57.3,36.9,75.5,53.1,39.7,66.1,40.6,28.1,54.4
2023,zone,Tshuapa,Boende,152,37,5,27.4,12.7,49.4,68.9,50.2,83.0,60.0,37.1,79.2,16.4,2.7,58.5,12.4,2.3,46.1,68.8,53.6,80.8,70.1,46.5,86.3,21.1,4.0,63.4,17.2,3.2,56.8,51.7,31.1,71.7,16.4,2.7,58.5,12.4,2.3,46.1,51.8,29.4,73.5,18.4,4.9,50.0,11.5,2.3,42.2,56.3,44.4,67.5,37.7,23.7,54.1,38.7,23.2,56.8
2023,zone,Tshuapa,Bokungu,150,24,5,12.2,7.4,19.4,45.2,26.6,65.3,73.8,65.8,80.5,54.8,42.3,66.8,28.9,15.6,47.2,73.0,58.7,83.7,87.8,80.6,92.6,78.3,75.1,81.2,56.3,39.5,71.7,65.4,51.1,77.4,49.5,34.7,64.3,26.3,16.4,39.3,70.6,60.3,79.1,54.3,38.5,69.4,28.8,15.1,48.0,75.4,64.0,84.1,42.7,32.1,54.0,39.7,27.0,53.9
2023,zone,Tshuapa,Busanga,151,16,5,10.9,7.7,15.3,62.8,49.3,74.5,52.1,43.2,61.0,35.8,25.6,47.4,18.5,10.9,29.6,57.7,48.0,66.8,85.7,82.8,88.1,67.1,61.2,72.6,37.2,30.2,44.7,47.7,37.7,57.9,36.3,27.2,46.5,18.5,10.9,29.6,47.0,32.0,62.7,34.1,23.5,46.7,16.8,8.4,30.8,32.1,26.0,38.8,37.7,26.7,50.3,33.8,23.1,46.5
2023,zone,Tshuapa,Djolu,153,28,5,35.1,30.6,39.9,24.5,11.1,45.6,33.0,20.9,47.9,14.9,8.8,24.2,3.7,1.3,10.1,23.8,14.1,37.2,57.8,51.0,64.3,20.0,13.9,27.8,6.3,3.2,11.8,27.6,18.4,39.2,14.9,8.8,24.2,3.7,1.3,10.1,25.5,10.2,50.7,9.2,2.3,30.4,1.5,0.3,6.3,12.3,7.1,20.5,23.1,10.6,43.2,17.3,9.5,29.4
2023,zone,Tshuapa,Ikela,149,28,5,45.4,29.4,62.4,38.4,23.0,56.4,47.5,27.4,68.5,27.7,13.3,49.0,10.5,5.3,19.6,32.0,22.6,43.1,51.2,34.1,68.0,36.1,15.9,62.7,24.5,10.5,47.3,44.4,22.3,68.9,30.7,13.6,55.5,11.9,5.1,25.6,29.7,17.0,46.6,19.4,9.4,35.9,14.5,7.7,25.8,26.5,12.1,48.7,29.8,13.4,53.8,14.1,5.5,31.7
2023,zone,Tshuapa,Lingomo,146,19,5,20.6,13.7,29.7,42.6,20.1,68.6,41.8,28.8,56.0,16.5,9.5,27.2,7.1,3.0,15.8,36.7,21.5,55.1,74.4,65.7,81.5,25.0,15.8,37.2,10.2,5.5,18.1,38.1,27.8,49.7,15.7,8.9,26.3,7.1,3.0,15.8,23.4,11.3,42.4,6.6,2.3,17.8,2.9,0.2,26.9,26.6,17.2,38.7,30.5,21.3,41.4,15.6,7.7,29.2
2023,zone,Tshuapa,Mompono,151,16,5,23.1,17.5,29.9,49.9,38.3,61.4,75.5,68.9,81.1,53.6,44.3,62.5,37.8,32.0,44.0,70.3,60.2,78.7,75.5,70.8,79.7,60.7,57.9,63.5,44.1,38.3,50.1,75.3,68.8,80.9,52.3,42.8,61.7,38.0,29.0,47.9,70.8,64.9,76.0,57.5,40.3,73.0,25.7,16.6,37.5,72.2,66.1,77.5,46.9,34.3,60.0,35.5,22.0,51.7
2023,zone,Tshuapa,Mondombe,145,22,5,15.8,5.4,38.0,31.2,15.6,52.8,46.1,31.9,60.9,30.0,14.1,52.7,14.3,5.9,31.0,77.5,49.8,92.3,80.1,50.8,94.0,62.0,47.1,74.9,34.8,21.3,51.3,42.1,26.8,59.1,22.4,11.2,39.6,12.9,4.9,29.9,49.3,39.2,59.4,30.3,14.9,51.9,11.2,4.0,28.0,54.0,38.3,69.0,34.5,20.3,52.1,29.5,18.1,44.2
2023,zone,Tshuapa,Monkoto,147,25,5,44.8,27.4,63.6,50.8,33.0,68.4,37.4,23.4,53.9,0.0,0.0,0.0,0.0,0.0,0.0,52.2,30.8,72.8,49.2,35.3,63.1,2.2,0.8,5.7,0.7,0.1,8.1,22.4,7.8,49.6,0.0,0.0,0.0,0.0,0.0,0.0,25.9,17.4,36.7,3.2,0.8,11.6,0.0,0.0,0.0,42.1,29.2,56.3,10.9,4.9,22.7,10.8,4.4,24.1
2023,zone,Tshuapa,Wema,152,20,5,8.9,3.5,20.8,58.8,31.1,81.8,60.8,27.3,86.5,41.3,18.0,69.3,19.1,9.6,34.2,44.5,34.4,55.0,87.9,72.2,95.3,70.9,46.1,87.4,34.0,17.1,56.3,59.1,30.1,82.9,38.8,16.6,66.7,19.0,9.2,35.2,53.2,22.6,81.6,39.3,15.6,69.5,18.8,9.0,35.2,30.7,18.5,46.4,37.9,21.9,57.1,29.6,14.6,50.8
2023,zone,Tshuapa,Yalifafu,148,21,5,44.1,27.2,62.5,29.0,15.4,47.8,28.8,15.2,47.7,13.1,9.0,18.8,6.9,3.5,13.1,26.8,16.0,41.3,51.3,31.0,71.1,33.1,17.8,53.1,15.7,7.5,30.0,28.2,13.3,50.2,12.3,7.6,19.2,2.1,0.4,10.2,14.6,4.3,39.5,4.9,1.5,14.9,2.8,1.6,4.9,20.6,7.7,44.6,27.1,14.0,45.8,16.6,5.1,42.1
