{"type":"FeatureCollection","features":[{"type":"Feature","geometry":{"type":"Polygon","coordinates":[[[17.68293057000005,-3.334082058999968],[17.63193371800003,-3.302499090999959],[17.57052282400002,-3.306455539999945],[17.50875405900007,-3.261336090999976],[17.46342356300005,-3.261036346999958],[17.37733201500004,-3.223748249999971],[17.37894833200005,-3.258696416999953],[17.36007794600005,-3.314782134999973],[17.34032339300006,-3.330607635999968],[17.35499517300008,-3.386953487999961],[17.28360470000007,-3.460697340999957],[17.27220209100005,-3.493251831999942],[17.29062108100004,-3.566078249999975],[17.31326953200005,-3.595518387999959],[17.32418816000006,-3.64340668799997],[17.31525028000004,-3.695178362999968],[17.28299850800005,-3.705778198999951],[17.27195780900007,-3.743145254999945],[17.22919065400004,-3.811743732999958],[17.22164863000006,-3.858922385999961],[17.18674015700003,-3.912384725999971],[17.16140995300003,-3.922535062999941],[17.11312103000006,-3.998576120999928],[17.06997951800003,-3.997617830999957],[17.00160974900007,-3.957328423999968],[16.91591224600006,-3.963889665999943],[16.87153798400004,-4.02769938299997],[16.80167533700006,-4.082334574999948],[16.77215086900003,-4.067816383999968],[16.69638929500007,-4.107503601999952],[16.67990092300005,-4.137871384999926],[16.61358590600003,-4.129891924999924],[16.56448820700007,-4.144901553999944],[16.53579639600002,-4.173926298999959],[16.49607542900003,-4.187781396999981],[16.48421950700003,-4.238133969999978],[16.50461805900005,-4.265523600999927],[16.53829952900003,-4.360980827999981],[16.51327187700002,-4.393798381999943],[16.50006697200007,-4.437051699999927],[16.49788816719201,-4.483781430609242],[16.51488948000002,-4.485978048999925],[16.59889692000007,-4.554510155999935],[16.63904138400005,-4.555990915999928],[16.64083074600006,-4.532647041999951],[16.62243610800004,-4.387664635999954],[16.63595758100007,-4.362292922999927],[16.70274144000007,-4.32243189299993],[16.74466884000003,-4.344940433999966],[16.80314616000004,-4.362266880999925],[16.84894032000005,-4.346877873999972],[16.85625840000006,-4.294379913999933],[16.91111448000004,-4.347859441999958],[16.93863,-4.403727763999939],[16.97007528000006,-4.400998014999971],[16.97344668000005,-4.429120530999967],[16.94045520000003,-4.461861920999979],[16.94864736000005,-4.498776146999944],[16.97791968000007,-4.504899854999962],[17.01219150000003,-4.478909982999937],[17.03607228000004,-4.483860940999932],[17.07530940000004,-4.532458863999977],[17.11394893100004,-4.55124150499995],[17.15750006000007,-4.553429396999945],[17.18616766900004,-4.539824500999941],[17.22400020200007,-4.44896229099993],[17.27474607900007,-4.42700771899996],[17.42352159500007,-4.301430523999954],[17.47984355400007,-4.29243902099995],[17.48843249000004,-4.263122822999946],[17.52741549600006,-4.232509186999948],[17.57595408600002,-4.218108420999954],[17.61039325400003,-4.239179812999964],[17.63018340800005,-4.293206549999979],[17.62913364900004,-4.327694697999959],[17.68078119500007,-4.334208130999968],[17.74217440200005,-4.31601675],[17.78087508300007,-4.28570941199996],[17.80643158500004,-4.310321254999963],[17.76850842000005,-4.344529602999955],[17.74228314100003,-4.382778300999973],[17.70455263700006,-4.389192624999964],[17.67209429300004,-4.455242350999981],[17.67207030800006,-4.497862707999957],[17.68901340100007,-4.536157807999928],[17.64393364700004,-4.562496330999977],[17.62811779100002,-4.635483523999937],[17.59734001000004,-4.674214845999927],[17.57877186800005,-4.683558228999971],[17.54538981500002,-4.759291774999951],[17.52531583300004,-4.854643081999939],[17.48993897500003,-4.893873305999932],[17.49563717200004,-4.935521266999956],[17.51366282800007,-4.962942535999957],[17.49801386400003,-5.006411552999964],[17.52317851600003,-5.050546991999965],[17.50821393900003,-5.079960746999973],[17.53574106800005,-5.13178024299998],[17.50250405900005,-5.175806818999945],[17.46815203100005,-5.260748030999935],[17.47059262300007,-5.32528670499994],[17.46039536000006,-5.429778663999969],[17.47311194700006,-5.445974317999969],[17.46675365300007,-5.483284304999927],[17.48102982200004,-5.516035516999978],[17.52613771700004,-5.553705407999928],[17.51630035700003,-5.574939709999967],[17.52541791100003,-5.653758557999936],[17.54020123700008,-5.707830006999927],[17.63041896200002,-5.697459809999941],[17.69034488500006,-5.697481342999936],[17.78903244000003,-5.716371007999953],[17.83979479200008,-5.626054677999946],[17.89630902700003,-5.637137743999972],[17.90368535500005,-5.652128347999962],[17.90451816700005,-5.676160903999971],[17.88036663800005,-5.724582933999955],[17.94078285400008,-5.732715164999945],[18.02728256500006,-5.70117275299998],[18.06846060100003,-5.727298940999958],[18.06757531000005,-5.794278620999933],[18.05607404200003,-5.826689317999978],[18.07511820100007,-5.877161195999975],[18.14507435500008,-5.905952673999934],[18.17483641200005,-5.89545473499993],[18.17733484700005,-5.85702644],[18.20303302500002,-5.783263150999971],[18.26879584900007,-5.801076403999957],[18.33747304200006,-5.807714727999951],[18.38163002900006,-5.802574079999943],[18.44004605600003,-5.82192295699997],[18.47454824100004,-5.862254819999976],[18.53728940800005,-5.872025429999951],[18.56839002200007,-5.863755684999944],[18.53805189400003,-5.91681766399995],[18.54486368700003,-5.978104162999955],[18.56746619100005,-6.011803940999926],[18.65491138100003,-5.981822731999955],[18.69238789100007,-5.990626737999946],[18.69136574900006,-6.02575743899996],[18.72955295700007,-6.102015823999977],[18.72717349600003,-6.118196158999979],[18.76774330600006,-6.156743425999935],[18.79439326800002,-6.222178601999929],[18.80224548900003,-6.260606896999946],[18.86637126100004,-6.257162509999944],[18.88088597300003,-6.227181300999973],[18.90717971800007,-6.218787870999961],[18.92776205500007,-6.247936266999943],[18.93521736100007,-6.299268863999941],[18.95555880000006,-6.311875254999961],[18.99340596000008,-6.28472086499994],[19.05923520000005,-6.266212157999973],[19.06766742300005,-6.225505914999928],[19.09798812000002,-6.189028250999968],[19.12656531600004,-6.212071723999941],[19.16222298400004,-6.204021507999926],[19.16659863300004,-6.14978558699994],[19.20169568200004,-6.096009769999966],[19.29591649400004,-6.140581622999946],[19.33113251700007,-6.121307988999945],[19.37833080800004,-6.147489702999962],[19.36000895800004,-6.176757072999976],[19.30896952100005,-6.202217304999976],[19.27601398700006,-6.258967448999954],[19.31134450000008,-6.355925399999933],[19.35376889800017,-6.346757882999952],[19.42629948700005,-6.25031066199989],[19.47071330500012,-6.275160675999928],[19.51034445500022,-6.281152075999898],[19.60490685700023,-6.338830614999949],[19.62088824700021,-6.3587209],[19.68453022800005,-6.344791691999874],[19.69887840600006,-6.302077025999949],[19.67660572100004,-6.239297118999957],[19.69058505400028,-6.162856933999819],[19.7096207420002,-6.160180039999943],[19.7405604813556,-6.118936611404308],[19.76226631700024,-6.118539471999838],[19.8001289020001,-6.092951925999955],[19.82402476500027,-6.059214193999935],[19.87085255900024,-6.045127784999977],[19.91809096100025,-6.011483855999813],[19.9536401080004,-6.005915915999822],[19.97835557000008,-5.983188097999971],[20.01692650700045,-5.953284076999864],[20.04828513800004,-5.866595553999957],[20.11266078900019,-5.838402937999945],[20.12321417400017,-5.791968041999894],[20.15003070100022,-5.776227332999895],[20.17717636800006,-5.697899844999938],[20.17687704500008,-5.626765250999938],[20.15403422100013,-5.607729562999907],[20.13376121200002,-5.54900446399995],[20.14023334600017,-5.51454986899995],[20.1280288050001,-5.42028152499995],[20.13592623600005,-5.353012972999977],[20.1509729717888,-5.33788773566306],[20.16669266700029,-5.310111290999885],[20.1956931000002,-5.283687299999883],[20.1884833000002,-5.241465599999913],[20.20290290000025,-5.184367899999927],[20.16842100000025,-5.062992599999859],[20.14130780000022,-5.039052499999855],[20.14397536478219,-5.005072006272314],[20.11491880000023,-4.969006099999831],[20.10008230000017,-4.870029799999941],[20.08479130000012,-4.825026399999956],[20.05336660000006,-4.785044599999935],[20.06064390000017,-4.724451199999919],[20.05156400000033,-4.703712299999836],[20.06197292100006,-4.605948616999967],[20.08463690000008,-4.554789899999946],[20.12390110000007,-4.502333299999975],[20.089354,-4.472154399999965],[20.08739220000007,-4.433958899999936],[20.05769460000005,-4.3761107],[20.03946160000004,-4.360583299999973],[20.04306650000007,-4.320358599999963],[20.02968895776543,-4.280634253417136],[19.96332517400003,-4.200809480999908],[19.91213496100005,-4.18773430799996],[19.85069782300008,-4.127698557999963],[19.82149544100002,-4.127411087999974],[19.79721943100003,-4.107657139999958],[19.73895280200003,-4.08417656599994],[19.64585374600006,-4.05999199799993],[19.63438974300004,-4.065783422999971],[19.55644292100004,-4.03149347699997],[19.50751665700005,-3.979264511999929],[19.41252884700003,-3.941445084999941],[19.36031472500002,-3.916457784999977],[19.30456896100003,-3.872221653999929],[19.25526995100006,-3.85462561099996],[19.23062953700003,-3.833152703999929],[19.16501227600003,-3.811380483999926],[19.15236745400006,-3.796042670999952],[19.08056811000006,-3.773183425999946],[18.99897321700007,-3.715902330999938],[18.95286078900006,-3.697217525999974],[18.91880332700003,-3.67869000099995],[18.86200439600003,-3.691811193999968],[18.81088245600006,-3.656084033999946],[18.78943301900006,-3.661491515999955],[18.69914401900007,-3.618304035999927],[18.66518963400006,-3.619267244999946],[18.62702572200004,-3.597653177999973],[18.54643787400005,-3.597346461999962],[18.51883698800003,-3.607244778999927],[18.45201949100004,-3.565193847999979],[18.41823634200006,-3.570227920999969],[18.36942557800006,-3.548599128999967],[18.32922639700007,-3.505927567999947],[18.26689288300003,-3.461050872999976],[18.26088062800005,-3.431849410999973],[18.19782512400008,-3.416804558999956],[18.14721795400004,-3.454487289999975],[18.10742608200007,-3.409016059999942],[18.03411,-3.378179904999968],[17.98276136100003,-3.381223954999939],[17.92394108500002,-3.413394267999934],[17.88616079700006,-3.418153982999968],[17.82544836800002,-3.424927995999951],[17.81060053200002,-3.38933125899996],[17.75399910300007,-3.364691323999978],[17.71950507900004,-3.324770092999927],[17.68293057000005,-3.334082058999968]]]},"properties":{"q101":"kl Kwilu Province","level_1_id":"ymGeqzoPhN3","level_1_name":"République Démocratique du Congo","level_2_id":"BmKjwqc6BEw","level_2_name":"kl Kwilu Province","total_population":6176898.8828125,"pop_0_12mo":253469.0068359375,"pop_0_5yo":1180351.494140625,"pop_6_12mo":126734.50341796876,"pop_12_24mo":231720.62182617188,"pop_6_24mo":358455.1252441406,"births_per_year":262662.1832496762,"imr":35.0,"pred_bcg":0.8982532207933807,"pred_bcg_count":321983.47076044395,"pred_rota":0.9054789463395454,"pred_rota_count":324573.56911607424,"pred_var":0.7615476543816134,"pred_var_count":272980.65983074275,"pred_vaa":0.7207610592318175,"pred_vaa_count":258360.4957580406,"pred_polio":0.938037306196842,"pred_polio_count":336244.2800764653,"pred_pcv":0.9289504735608864,"pred_pcv_count":332987.0583458713,"pred_zerodosepenta":0.0671226380788095,"pred_zerodosepenta_count":24060.453639256782,"pred_zerodoseall":0.0366629300702128,"pred_zerodoseall_count":13142.015190135298}},{"type":"Feature","geometry":{"type":"Polygon","coordinates":[[[20.15003070100022,-5.776227332999895],[20.12321417400017,-5.791968041999894],[20.11266078900019,-5.838402937999945],[20.04828513800004,-5.866595553999957],[20.01692650700045,-5.953284076999864],[19.97835557000008,-5.983188097999971],[19.9536401080004,-6.005915915999822],[19.91809096100025,-6.011483855999813],[19.87085255900024,-6.045127784999977],[19.82402476500027,-6.059214193999935],[19.8001289020001,-6.092951925999955],[19.76226631700024,-6.118539471999838],[19.7405604813556,-6.118936611404308],[19.7096207420002,-6.160180039999943],[19.69058505400028,-6.162856933999819],[19.67660572100004,-6.239297118999957],[19.69887840600006,-6.302077025999949],[19.68453022800005,-6.344791691999874],[19.72091790000002,-6.425274899999977],[19.70218160000019,-6.4950901],[19.69943310000014,-6.538743599999918],[19.7243245,-6.607543199999952],[19.80683800000014,-6.7037613],[19.81959139999998,-6.743296],[19.86159380000004,-6.7869518],[19.90639190000007,-6.845111399999951],[19.9315941000001,-6.860496699999942],[19.95012799838155,-6.895297889555621],[19.95395410000009,-6.939195499999869],[19.97522787978396,-6.991011681363184],[19.95554872343861,-6.99980653000975],[19.95806,-7.01244],[20.06793,-7.01752],[20.21656,-7.0164],[20.2971,-7.00996],[20.321995,-6.916667],[20.62716141800007,-6.916668100999971],[20.60990940000005,-7.010491899999977],[20.59185010000004,-7.034834299999943],[20.59542480000005,-7.060471299999961],[20.56170940000004,-7.117362599999979],[20.54797740000004,-7.229090799999938],[20.553021,-7.283333],[20.96730329600007,-7.284333462999939],[21.30402250000003,-7.283333],[21.78144248720911,-7.283333],[21.795786,-7.263431199999957],[21.76118020000007,-7.241437399999938],[21.72035160000007,-7.194455599999969],[21.71062589321517,-7.140964428969959],[21.66774808102716,-7.115414264331305],[21.66090349378896,-7.073248794695985],[21.64883343507586,-7.061762526645396],[21.5962109000003,-7.036765399999922],[21.54485050000011,-6.977267299999937],[21.49491680000028,-6.901666899999839],[21.45151871609898,-6.884786502383422],[21.40687109999999,-6.824479599999961],[21.4733648,-6.8062197],[21.48995430000019,-6.782964799999945],[21.56859240000006,-6.756682199999943],[21.59255110000004,-6.775141399999939],[21.63773550000014,-6.685187799999971],[21.68537054300009,-6.674180584999874],[21.69894213415364,-6.646084836424791],[21.65007605400007,-6.617570495999928],[21.60797459900004,-6.547668101999932],[21.61506637400004,-6.51156268699998],[21.60219621900006,-6.464909299999931],[21.62342691800006,-6.357740012999955],[21.61851934400005,-6.322046559999933],[21.59646422300005,-6.264918145999957],[21.60039169100003,-6.188815346999945],[21.58946772600007,-6.121088835999956],[21.58781115400006,-6.069638065999925],[21.577097,-6.035581994999973],[21.60332590300004,-5.953096910999932],[21.66132409587417,-5.907252878373104],[21.67361289000007,-5.862073357999975],[21.72774685500008,-5.847525378999933],[21.77761281600004,-5.815904983999928],[21.79556640000004,-5.845575399999973],[21.83256480000006,-5.868046],[21.8824153,-5.866108899999989],[21.87836980000003,-5.8222021],[21.94460379961103,-5.738285280690137],[21.97847944300003,-5.647961554999938],[21.97772306800005,-5.604638855999951],[21.95951921100004,-5.590462913999943],[21.93160835000003,-5.526069810999957],[21.87747041400007,-5.477256360999945],[21.84916438320738,-5.421312293305658],[21.79978779400005,-5.470032324999977],[21.76404065100007,-5.467909044999942],[21.75337606400007,-5.443514157999971],[21.71892760000003,-5.438445399999978],[21.66899215800004,-5.400539126999945],[21.65901780000007,-5.385125799999969],[21.67000410000003,-5.336245399999939],[21.62581730000005,-5.319296799999961],[21.6455185,-5.299377],[21.63756530300003,-5.232681914999944],[21.65646132000006,-5.211360019999972],[21.68979038402832,-5.129589080468578],[21.68981164576748,-5.054821950379251],[21.787893,-5.083955699999933],[21.80933030000006,-5.071594],[21.82393440000004,-5.025634916999934],[21.88510236000008,-5.022264915999926],[21.92887352700006,-5.011768148999977],[21.94781828400005,-5.018731241999944],[21.99926932400007,-5.001935352999965],[22.05041794400006,-4.941173479999975],[22.05637471100005,-4.905400208999936],[22.13522320000004,-4.829754899999955],[22.17172430000005,-4.822739],[22.22325320000004,-4.7824619],[22.22821049000004,-4.747190770999964],[22.21780987096071,-4.718330010771806],[22.25029720000003,-4.699114699999939],[22.25628940000005,-4.6683774],[22.29252270000002,-4.620606100000012],[22.3654144,-4.6328399],[22.4184361,-4.613473],[22.4630526,-4.4964802],[22.5056828,-4.4777645],[22.5367248,-4.4553719],[22.5290136,-4.370251],[22.5383772,-4.343706],[22.5247935,-4.2018693],[22.458592,-4.1744441],[22.4237885,-4.1734676],[22.3330186,-4.0728222],[22.315044,-4.0749781],[22.2744862,-4.0313405],[22.2698272,-3.9935057],[22.18657060000004,-4.027538],[22.15719590000003,-4.040794499999947],[22.10929830000003,-4.024378299999967],[22.08381950000006,-3.983066],[21.97422180000003,-3.9560863],[22.02005740000004,-3.892448],[22.05810760000003,-3.884027499999945],[22.15291930000006,-3.809430499999962],[22.132084,-3.778684099999964],[22.1422082,-3.7615809],[22.13621431600006,-3.676972084999932],[22.15717230600006,-3.61809896799997],[22.12252810000007,-3.570346],[22.06197,-3.5840199],[22.02389541100007,-3.546017740999957],[21.97391783900002,-3.472697466999932],[22.02245884300004,-3.414876564999929],[22.04576657078506,-3.35473983569189],[22.10122445900004,-3.31746484599995],[22.11298394600004,-3.286558501999934],[22.14504963400003,-3.277527292999935],[22.17074781300005,-3.246118407999973],[22.16789246000008,-3.207571138999981],[22.19501831500003,-3.174734576999981],[22.19359063900004,-3.153319427999975],[22.16646478300004,-3.109061453999971],[22.18018192100004,-3.058850035999967],[22.26561692300004,-3.032609371999968],[22.28845974900003,-3.017261847999976],[22.29748475949508,-2.972585888346177],[22.29809656600003,-2.924462868999967],[22.27489682100003,-2.920536757999969],[22.18175320000006,-2.931204],[22.14293540000006,-2.896570899999972],[22.07878610000006,-2.778912],[22.03286330000003,-2.729651],[21.99441920000004,-2.651306],[21.97431040000004,-2.641805899999952],[21.91910330000007,-2.585946899999954],[21.85123030000005,-2.558564],[21.83095550000007,-2.5304279],[21.73135320000006,-2.48337],[21.67308040000006,-2.462909899999943],[21.64641950000004,-2.431294899999955],[21.59521520000004,-2.419367899999941],[21.56651530000005,-2.383373899999981],[21.41646520000006,-2.316299899999933],[21.40778450000005,-2.340247399999953],[21.41269740000007,-2.445885699999963],[21.39140920000006,-2.4730689],[21.35384530000005,-2.484414899999933],[21.30381219926078,-2.484240900502527],[21.27460808113343,-2.504093930193773],[21.24464040000004,-2.502815],[21.17481228900004,-2.516147572999955],[21.13827120000008,-2.49965446899995],[21.09408228000007,-2.507508541999925],[20.96212689500004,-2.491758671999946],[20.95420896521536,-2.543383816175274],[20.88718422200003,-2.56403368499997],[20.81200138500003,-2.558927341999947],[20.79130007500004,-2.575631157999965],[20.81205561800004,-2.664650859999938],[20.79916186900005,-2.70075335699994],[20.80174061900004,-2.7381452299999],[20.78657312000007,-2.832544406999943],[20.74895320000007,-2.9239497],[20.68417332600006,-3.136553815999946],[20.66910409800005,-3.16206885899993],[20.64810648100007,-3.265524642999935],[20.63396671379886,-3.276721589072986],[20.62544989373889,-3.374180430317088],[20.60922269600007,-3.439536543999964],[20.61017448000007,-3.485698086999946],[20.6303748353677,-3.55608472447972],[20.64670280000007,-3.891038199999969],[20.640384369,-3.972010001999877],[20.65757239120143,-4.030225470940366],[20.65995810000027,-4.124956719999886],[20.6295402450001,-4.134134975999871],[20.63450360000019,-4.158245499999964],[20.62219580000021,-4.195255699999905],[20.59953650000011,-4.220421899999963],[20.51645550000012,-4.259855499999901],[20.44870654600021,-4.265369962999898],[20.41615960000024,-4.298953599999891],[20.38236380000029,-4.2912933],[20.34635780000036,-4.327261599999872],[20.34024230000023,-4.370288699999946],[20.32260420000034,-4.380472799999893],[20.23237460000036,-4.372278499999936],[20.20628210000024,-4.3303213],[20.16422510000035,-4.336290899999824],[20.13227460000007,-4.277213499999959],[20.02968895776543,-4.280634253417136],[20.04306650000007,-4.320358599999963],[20.03946160000004,-4.360583299999973],[20.05769460000005,-4.3761107],[20.08739220000007,-4.433958899999936],[20.089354,-4.472154399999965],[20.12390110000007,-4.502333299999975],[20.08463690000008,-4.554789899999946],[20.06197292100006,-4.605948616999967],[20.05156400000033,-4.703712299999836],[20.06064390000017,-4.724451199999919],[20.05336660000006,-4.785044599999935],[20.08479130000012,-4.825026399999956],[20.10008230000017,-4.870029799999941],[20.11491880000023,-4.969006099999831],[20.14397536478219,-5.005072006272314],[20.14130780000022,-5.039052499999855],[20.16842100000025,-5.062992599999859],[20.20290290000025,-5.184367899999927],[20.1884833000002,-5.241465599999913],[20.1956931000002,-5.283687299999883],[20.16669266700029,-5.310111290999885],[20.1509729717888,-5.33788773566306],[20.13592623600005,-5.353012972999977],[20.1280288050001,-5.42028152499995],[20.14023334600017,-5.51454986899995],[20.13376121200002,-5.54900446399995],[20.15403422100013,-5.607729562999907],[20.17687704500008,-5.626765250999938],[20.17717636800006,-5.697899844999938],[20.15003070100022,-5.776227332999895]]]},"properties":{"q101":"ks Kasai Province","level_1_id":"ymGeqzoPhN3","level_1_name":"République Démocratique du Congo","level_2_id":"D15NtionqkH","level_2_name":"ks Kasai Province","total_population":4492645.953125,"pop_0_12mo":166053.05200195312,"pop_0_5yo":773243.44921875,"pop_6_12mo":83026.52600097656,"pop_12_24mo":151797.59930419922,"pop_6_24mo":234824.12530517575,"births_per_year":178359.8839978014,"imr":69.0,"pred_bcg":0.7353307614666064,"pred_bcg_count":172673.40287138466,"pred_rota":0.698605710247795,"pred_rota_count":164049.47484213952,"pred_var":0.5322314967004312,"pred_var_count":124980.7956725433,"pred_vaa":0.5123387609907667,"pred_vaa_count":120309.50140959429,"pred_polio":0.7777502380834667,"pred_polio_count":182634.51936384224,"pred_pcv":0.7376802909418078,"pred_pcv_count":173225.12907527757,"pred_zerodosepenta":0.2534111594070514,"pred_zerodosepenta_count":59507.0538503313,"pred_zerodoseall":0.1668274762547971,"pred_zerodoseall_count":39175.11618840271}},{"type":"Feature","geometry":{"type":"MultiPolygon","coordinates":[[[[28.51706933900005,-10.9606461599999],[28.53942339500003,-10.94802636599997],[28.54306397000005,-10.87487221699996],[28.56062178600007,-10.82167953099997],[28.60585977500006,-10.76109763899996],[28.62293869200005,-10.71618271999995],[28.66091754300004,-10.72376094099997],[28.67017095000006,-10.68470119599993],[28.69535856200002,-10.66811286999996],[28.68147845300007,-10.63298183299997],[28.65853638700003,-10.62572269499998],[28.67433099500005,-10.56812422899998],[28.64060339400004,-10.50411141699993],[28.63244008800007,-10.46743893099995],[28.64682095500007,-10.44880180199993],[28.61844125100004,-10.36464142999995],[28.63473698500007,-10.30277565099993],[28.57576082300005,-10.22902606199995],[28.59510609900008,-10.19207371699997],[28.62715790100003,-10.16321615399994],[28.62940520000006,-10.06012491499996],[28.64380093800003,-10.01908873099995],[28.62639515500007,-10.00402789399993],[28.62236040200003,-9.957932953999943],[28.63629699700004,-9.913183653999965],[28.65937776900006,-9.880109145999938],[28.67466333700003,-9.811884950999968],[28.66676697600008,-9.750577799999974],[28.64035495900004,-9.750101907999976],[28.61679829500002,-9.717741237999974],[28.62940943800004,-9.70227474199993],[28.60523270600004,-9.620640819999949],[28.61141930400004,-9.59208728799996],[28.58810058700004,-9.579238198999974],[28.56906489900007,-9.543546283999945],[28.57341587700006,-9.49805071399993],[28.56085473000007,-9.475996159999966],[28.51219718900006,-9.437988007999934],[28.52457038600005,-9.393825211999967],[28.49924166700004,-9.36111],[28.46441761200003,-9.47282331699995],[28.50430055200007,-9.502428459999976],[28.49123561300007,-9.521045735999962],[28.39807971500005,-9.521878545999925],[28.35716841200008,-9.504627788999926],[28.34065949800004,-9.481914956999958],[28.37337708700005,-9.433730871999956],[28.34123627000002,-9.384923097999945],[28.31627002300007,-9.373649481999962],[28.34006463300005,-9.336767835999979],[28.33388130600002,-9.264079953999953],[28.35896677400007,-9.206166649999943],[28.33784905800007,-9.160956890999955],[28.34386039100008,-9.090350675999957],[28.40351347800004,-9.052279299999952],[28.44634377600005,-9.004214187999935],[28.47442141600004,-8.987557960999936],[28.54199810800003,-8.899993795999933],[28.64003190100004,-8.793393942999955],[28.68381398400004,-8.733431524999958],[28.72378892900008,-8.715347621999967],[28.76901215700008,-8.649685231999968],[28.81028758200006,-8.59642488299994],[28.88981195400004,-8.477589530999978],[28.96308377400015,-8.515403368999955],[28.9952611600001,-8.485135341999978],[29.00557259200008,-8.45184835599997],[29.05257523500006,-8.453018812999971],[29.11497383700015,-8.407988651999972],[29.16801167300002,-8.408502727999974],[29.20712497400018,-8.432639962999872],[29.36275868100012,-8.435659907999877],[29.39959252400013,-8.428612855999916],[29.43875131400011,-8.403496851999932],[29.4576583110001,-8.378511674999913],[29.51285626800012,-8.368546350999964],[29.54825816600004,-8.350630654999975],[29.57996243400032,-8.342489630999978],[29.60696698800001,-8.281693141999938],[29.56134630800011,-8.267646236999951],[29.56891219900024,-8.200981646999878],[29.59097795300023,-8.1672431649999],[29.64347136400009,-8.197999780999957],[29.6634065540002,-8.183551773999971],[29.67806013000011,-8.131068034999824],[29.68147882800035,-8.085145959999936],[29.71193592800005,-8.060399564999916],[29.74222011899855,-8.00322777704072],[29.71669485100006,-7.95534636199992],[29.68469110000018,-7.944757759999711],[29.66468459200009,-7.890087263999858],[29.62437695100018,-7.866961915999872],[29.60509056100005,-7.830922485999963],[29.53051215699996,-7.802907651999925],[29.50005506100007,-7.779113065999979],[29.44199621669242,-7.768167543538368],[29.41332760800009,-7.743890626999871],[29.35930572700022,-7.75736877099996],[29.31525314700019,-7.734774056999925],[29.270290317,-7.726837163999903],[29.24688738300023,-7.739131269999916],[29.22355302500006,-7.776440861999902],[29.17883606300052,-7.823323784999957],[29.11522424800035,-7.868362460999947],[29.0792844730002,-7.866998236999962],[29.05157492300003,-7.887252670999885],[29.00618928200015,-7.880440768999904],[28.95260430900004,-7.901176125999712],[28.95804038700021,-7.863895647999925],[28.90939824100008,-7.823368318999826],[28.86223583000003,-7.927112642999873],[28.81743815300007,-7.910956934999945],[28.78485602900003,-7.928037925999945],[28.64209682400008,-7.903347391999944],[28.68643901100012,-7.880717575999938],[28.72570496800017,-7.788112935999891],[28.72137693200034,-7.764829909999946],[28.69187161600013,-7.734372808999922],[28.67601165100018,-7.677415090999887],[28.61203473400013,-7.631752060999872],[28.55800412100007,-7.637447081999767],[28.48795021200016,-7.611761632999958],[28.47911359673788,-7.661086627502129],[28.46724947500002,-7.669750848999911],[28.42593387000005,-7.744334857999945],[28.37363633000035,-7.797058738999965],[28.40104534100004,-7.806026927999937],[28.41035966400023,-7.854149043999939],[28.46929047900016,-7.880360577999966],[28.51008854800011,-7.875006345999793],[28.51312949900012,-7.895098513999926],[28.54571428700035,-7.914094806999969],[28.54650944400015,-7.952930276999894],[28.51200725900014,-7.970181368999931],[28.47954423500016,-8.012582324999869],[28.44329169100018,-8.041788776999908],[28.42769389200004,-8.085701184999834],[28.45082221186556,-8.162035662977246],[28.37833742500004,-8.211865630499972],[28.3575175630001,-8.241592606999973],[28.32915828800009,-8.246908677499789],[28.25461370100021,-8.223244216499836],[28.16245813300009,-8.361261941999885],[28.13841772400019,-8.376268577499786],[28.10811950100003,-8.359997423999971],[28.03368201400014,-8.39022861049989],[27.98629354000013,-8.358016094999812],[27.97853423100003,-8.318586969999956],[27.99243374200012,-8.288868615999888],[27.98608591900029,-8.250466111999913],[27.95021203900018,-8.24282558099992],[27.91459787000031,-8.217332544999977],[27.89674537900015,-8.179907124999943],[27.86244809800019,-8.154059897999957],[27.83107869100002,-8.170535732999838],[27.78160107200029,-8.156139655999937],[27.73626516000013,-8.16947136799996],[27.6988734000002,-8.199637086999928],[27.70258248000016,-8.153458329999921],[27.64427184099998,-8.09568330899998],[27.64133264903199,-8.076658343555323],[27.5560513480001,-8.077128158999926],[27.49702003800007,-8.122453883999924],[27.44922227515821,-8.138847808997127],[27.3539114780001,-8.187583359999905],[27.29474077499998,-8.16726767599988],[27.25232847000007,-8.201265011999965],[27.2132746960001,-8.210670920999974],[27.20111617500015,-8.242701730999897],[27.15586461700008,-8.271847144999924],[27.08759195100015,-8.356477909999967],[27.04589867900012,-8.387837883999907],[27.03634829400011,-8.419991621999941],[26.99098825700003,-8.477388449999978],[26.98499484000018,-8.515053715999898],[27.01200960000017,-8.537905598999942],[27.08511371999998,-8.560600350999891],[27.05104833000013,-8.578120414999944],[27.03711119100012,-8.60897009099989],[26.95500914100006,-8.67760544299989],[26.94667570800004,-8.705768857999942],[26.91729670900008,-8.717030934999968],[26.8872446690001,-8.745711176999919],[26.84032776100008,-8.772491970999965],[26.82727192200014,-8.750497406999898],[26.82967446500004,-8.683006818999957],[26.79701427800018,-8.657978330999981],[26.75311632000017,-8.669468873999904],[26.71200023200009,-8.689800614999967],[26.72247132000018,-8.719993953999904],[26.71109928000016,-8.762655913999879],[26.7318500400001,-8.837239981999915],[26.68919019600003,-8.873410027999967],[26.68008852000003,-8.899105950999967],[26.67880224000004,-8.984132940999928],[26.66006424000005,-9.014502895999954],[26.60771052000007,-9.070395880999968],[26.58895344000007,-9.068362967999974],[26.54742636000003,-9.106859992999944],[26.52535044000007,-9.148069000999953],[26.49794652000003,-9.156261903999962],[26.46917136000008,-9.215485956999942],[26.50224348000006,-9.263979887999938],[26.49034332000008,-9.322515917999965],[26.46513324000006,-9.373194890999969],[26.47996907500004,-9.440562118999935],[26.44038314100004,-9.48620920199994],[26.40213255200007,-9.517482792999942],[26.33070979400003,-9.595414579999954],[26.36953423700004,-9.659854716999973],[26.36316551000004,-9.693670820999955],[26.407045,-9.755901666999932],[26.39425383400004,-9.823344842999973],[26.40436654300004,-9.834623487999977],[26.49478808500004,-9.863316250999958],[26.56711755200007,-9.857746962999954],[26.58598388900003,-9.874307985999963],[26.64842986600007,-9.88888418099998],[26.74320003100007,-9.89804528299993],[26.70944461600004,-9.975024462999954],[26.74379723006143,-10.00379885906131],[26.81615753300002,-10.01581759199996],[26.83331434000007,-9.981600675999971],[26.87193787500007,-9.983147827999971],[26.90921456000007,-9.959270581999931],[26.96431966900008,-9.975387884999975],[26.98139989800006,-9.995789269999932],[27.06156676100005,-10.01217182799996],[27.06777271400006,-10.07775255699994],[27.10416827300003,-10.10072412699998],[27.07870804000004,-10.14236469499997],[27.07585268600008,-10.20684808799996],[27.02035435500005,-10.22565560099997],[27.01172880900003,-10.28454726],[27.02987220000006,-10.37050528899994],[27.02094922100002,-10.42404316199998],[27.05991289400004,-10.46984778499996],[27.05257896300003,-10.54102025399993],[27.07704151000007,-10.56177911899994],[27.07313255200006,-10.56338200099998],[27.04370346100006,-10.55106504299994],[26.98044464336499,-10.55759000025319],[26.92833034300003,-10.6012689],[26.92361434200006,-10.53040991299997],[26.88723576000007,-10.53545947],[26.84844962300008,-10.52577163999996],[26.81022924500007,-10.53763116899995],[26.69088791600007,-10.50564713799997],[26.66382911900007,-10.49124684499998],[26.57751126600004,-10.49040464299998],[26.50511059400003,-10.49608291599998],[26.47258523400006,-10.50967161299997],[26.45573213100005,-10.56048697899996],[26.46580602300003,-10.61011621899996],[26.43351223000008,-10.64573373099995],[26.45609564300003,-10.68101543799997],[26.50786060400003,-10.69518978199994],[26.58708977500004,-10.74900377399996],[26.59516269200003,-10.76760701099994],[26.56163950200005,-10.81186400499996],[26.56593178500003,-10.88161501399998],[26.54959570700004,-10.89841992499993],[26.51411555700003,-10.89353100799997],[26.46694980900003,-10.91223001599997],[26.41891466100003,-10.91803989299996],[26.3949439340073,-10.95525512901814],[26.39022783200005,-10.92482175],[26.35208699200007,-10.89178498999996],[26.33936180900002,-10.86245564199993],[26.30420782100003,-10.84528287299997],[26.22688219900004,-10.83508099299996],[26.20852465700005,-10.85022626299997],[26.14024928800006,-10.83209641099995],[26.09636409500007,-10.83581729299993],[26.07154703900005,-10.89390986999996],[26.06622661200004,-10.96162325399996],[26.03768101100007,-10.97861062299995],[26.00397402800007,-10.95226618299995],[25.97723919700007,-10.97006209299997],[25.94388758100007,-10.97084235799997],[25.94833667700004,-10.93221695399995],[25.92603408938115,-10.85299470944893],[25.89182444400006,-10.82800904499993],[25.80972388600003,-10.84444055499995],[25.73602881700003,-10.82915542099994],[25.72384342300006,-10.87194741399998],[25.76914186600004,-10.91830386299995],[25.78427523900007,-10.94956998099997],[25.78451826100007,-11.01101624399996],[25.77236101900007,-11.05256724599997],[25.74357325500006,-11.04413461099995],[25.73363900500004,-11.08655445199997],[25.76420718200006,-11.09085191899993],[25.77971572100006,-11.1226857299999],[25.82919902500004,-11.15260612399993],[25.83781188100005,-11.20942071199994],[25.79599936600005,-11.2609492899999],[25.76370652700007,-11.31706145799996],[25.75814937700005,-11.38649024699993],[25.7824278333017,-11.42329950282914],[25.80286181400004,-11.43262128899994],[25.80455592800007,-11.50532513299993],[25.84517352000006,-11.54872882099994],[25.86332642800005,-11.60932179599996],[25.87971496600005,-11.63385403899997],[25.93261038400004,-11.64670312799996],[25.94027819700005,-11.67664864499994],[25.99447862200003,-11.67137461699997],[26.06205531500007,-11.68774530899998],[26.09870901000005,-11.66582406699996],[26.17162349800003,-11.65731005299995],[26.17119424100002,-11.69560495599995],[26.19843906900007,-11.70417894699995],[26.21457181500006,-11.74339246399995],[26.29247704100004,-11.75934274099995],[26.30223283100003,-11.80693196099998],[26.28848698200005,-11.85287266099994],[26.32200711300004,-11.89062439799994],[26.30547603900004,-11.91657446299996],[26.31726813742711,-11.96186263230325],[26.33160651500003,-11.96120687499996],[26.4233944,-11.9113717],[26.47910968000008,-11.91946998899994],[26.49877346600005,-11.95037266799994],[26.57906344300005,-11.98426948899993],[26.69827130000004,-11.99850544],[26.75935359100004,-11.97036784899996],[26.80365414800008,-11.98794353299996],[26.87824526800006,-11.98600834099994],[26.93271548500007,-11.94501325599998],[26.95647678200004,-11.93698178199998],[26.96821584400004,-11.88868549499995],[26.99175934200002,-11.85341869699994],[27.00808845200004,-11.76418821599998],[27.04826519200003,-11.70730377199993],[27.02074799200005,-11.60881363899995],[27.05344617400004,-11.59215054799995],[27.08692456100005,-11.60484679799993],[27.12122817700003,-11.58800170399996],[27.15255140200003,-11.59462612499993],[27.20563485800005,-11.56290657399995],[27.22626078500008,-11.58474320799996],[27.23002833000004,-11.69820370599996],[27.24215807100006,-11.73614429699995],[27.22104729500006,-11.75249379699994],[27.24194003100007,-11.78293822899997],[27.28833931300005,-11.80162489399993],[27.35127661200005,-11.85250320099993],[27.39727669300004,-11.87550327699995],[27.40727677300004,-11.89450333],[27.46327657300003,-11.92750333299995],[27.47339166900002,-11.95970541899993],[27.46374267600004,-12.01542753599995],[27.47374275700002,-12.05142754299993],[27.49674279700002,-12.06642751399994],[27.50774259600007,-12.13642756799993],[27.52630112100007,-12.18055111599995],[27.59341582900004,-12.21448005999997],[27.60241583000004,-12.25147999199993],[27.62141590900006,-12.26648000499995],[27.68994371700006,-12.26932682899997],[27.75792270400007,-12.27859936599998],[27.81485863900008,-12.24989273799997],[27.90995507200006,-12.29391325799998],[27.94047791600008,-12.29008629399993],[27.96199345500003,-12.35299944499997],[27.98899333300005,-12.33899944099994],[28.01299970300005,-12.34999972199995],[28.08699984000003,-12.35900000199996],[28.11800016000007,-12.42999992899996],[28.16499257500004,-12.38699927999994],[28.29448283200003,-12.44529448999998],[28.34088030000004,-12.43647109999995],[28.38878378100003,-12.46846746199998],[28.39250710000005,-12.484036],[28.44895,-12.51395049999996],[28.47960390000003,-12.5812949],[28.52300016000004,-12.63400006],[28.51400016000002,-12.67399994299996],[28.47700008000004,-12.68400001899994],[28.45400004000004,-12.70699996799993],[28.47999996000004,-12.75300003999996],[28.52899992000005,-12.80100004399998],[28.54054490000004,-12.85517539999995],[28.58327150000002,-12.89623289999997],[28.60288352700007,-12.84844403799997],[28.62599033600003,-12.81999926599997],[28.65300012000006,-12.81900003299995],[28.73300004000004,-12.88599997599994],[28.75600008000004,-12.93899994699996],[28.78999992000007,-12.94599991299998],[28.79600004000002,-12.97299999899997],[28.83399984000005,-13.02700003699994],[28.84600008000007,-13.08099991199998],[28.84700016000005,-13.14500010999996],[28.91099988000008,-13.17900005599995],[28.96899984000004,-13.36700003099998],[29.00400012000006,-13.41600004699995],[29.10998693200003,-13.36899894999993],[29.14300008000004,-13.38100008899994],[29.19098628900008,-13.43999902599995],[29.24798565100008,-13.39299903599994],[29.30698514900007,-13.36799902399997],[29.31598504800007,-13.33199902099994],[29.35798478000004,-13.33299899199994],[29.44198384300006,-13.31399894299994],[29.49098329000003,-13.27099897199997],[29.50298339300008,-13.24599884099996],[29.53698287200007,-13.22499876299997],[29.58900012000004,-13.21399991399994],[29.64298641000005,-13.23999663399997],[29.67000012000005,-13.22599999399995],[29.68099992000003,-13.26800003099993],[29.66000004000006,-13.28100007699993],[29.65799988000003,-13.33900007499994],[29.60899992000003,-13.35999995599997],[29.61100008000005,-13.40900001199998],[29.646,-13.43699996099997],[29.67999984000005,-13.4309999499999],[29.71199428800003,-13.45599741499996],[29.76498071400005,-13.43699871499996],[29.80898030800006,-13.45499146499998],[29.80897995400005,-13.17499867199996],[29.80897972700006,-12.81599872999993],[29.80997961900005,-12.54559268799994],[29.80997936100005,-12.16099864699993],[29.76199992000005,-12.16000005099994],[29.71000008000004,-12.1959999599999],[29.63298134800004,-12.20699872299997],[29.57500008000005,-12.19300002399996],[29.48900004000006,-12.23900000799995],[29.46800016000003,-12.27300007299993],[29.45599992000007,-12.33300003499994],[29.49999907600005,-12.39699940799994],[29.52960290000004,-12.4220953399999],[29.47963421800006,-12.45992877],[29.41299312200005,-12.43900326299996],[29.37798425400007,-12.41699897599995],[29.30198465500007,-12.41299897999994],[29.30524145100003,-12.39608316299996],[29.26895467100007,-12.3594989499999],[29.23445248600007,-12.37912950399993],[29.19099996000006,-12.37099997099995],[29.13451512400007,-12.38597045399996],[29.11028237600004,-12.37504336199993],[29.04104006000006,-12.38432326],[29.01641263900007,-12.33364074099995],[29.00320663000008,-12.28117362599994],[28.98107929400004,-12.26410804799997],[28.93498780200002,-12.19899914499996],[28.84698858300004,-12.12799918299993],[28.81924968200008,-12.0805061],[28.77798892200008,-12.05499913799997],[28.75439115200004,-11.97894876499993],[28.71398925400007,-11.98999921399997],[28.63460908500008,-11.94282854699998],[28.61733419800004,-11.90442404699996],[28.57892969700004,-11.91170519799994],[28.48827784000002,-11.88062226399995],[28.48455676800006,-11.83128295799997],[28.45164584700007,-11.8389567199999],[28.43439475500003,-11.81337751399997],[28.45438786100004,-11.77765033499998],[28.42821379000003,-11.72836574899998],[28.42053552300007,-11.68058769799995],[28.43318091500004,-11.64066535999996],[28.38767967200005,-11.59389606199994],[28.38484564600003,-11.54418255799993],[28.39598152300005,-11.47297005],[28.42376537800004,-11.44900975999997],[28.43050807000003,-11.38294823],[28.46135021900005,-11.34539481099995],[28.45147615800005,-11.30189876399993],[28.47089256000004,-11.28533771499997],[28.48935717700004,-11.23736778099993],[28.48402718500006,-11.19710730099996],[28.49944609200003,-11.14628201399995],[28.47698398000006,-11.11135152599996],[28.51181928900007,-11.02074165099998],[28.51706933900005,-10.9606461599999]],[[27.49128921300007,-11.67718872599994],[27.49077655000008,-11.67148703599997],[27.49153644300003,-11.67768346199995],[27.49128921300007,-11.67718872599994]]],[[[25.47262878100003,-10.6876117199999],[25.46474800600004,-10.68835411199996],[25.46463379200003,-10.69179957199998],[25.47563642000006,-10.69183764299993],[25.47262878100003,-10.6876117199999]]]]},"properties":{"q101":"hk Haut Katanga Province","level_1_id":"ymGeqzoPhN3","level_1_name":"République Démocratique du Congo","level_2_id":"F9w3VW1cQmb","level_2_name":"hk Haut Katanga Province","total_population":5443160.700958252,"pop_0_12mo":200072.36921310425,"pop_0_5yo":931651.250679016,"pop_6_12mo":100036.18460655212,"pop_12_24mo":182894.720366478,"pop_6_24mo":282930.9049730301,"births_per_year":213296.76888390645,"imr":62.0,"pred_bcg":0.8109156129999353,"pred_bcg_count":229433.08824283115,"pred_rota":0.7591332431562996,"pred_rota_count":214782.25548132314,"pred_var":0.5825737852903397,"pred_var_count":164828.12828575954,"pred_vaa":0.5593737442698813,"pred_vaa_count":158264.1196844298,"pred_polio":0.8213795240948135,"pred_polio_count":232393.65207846236,"pred_pcv":0.7841489110007982,"pred_pcv_count":221859.96102307187,"pred_zerodosepenta":0.2082318590436516,"pred_zerodosepenta_count":58915.228323436786,"pred_zerodoseall":0.1460064553382352,"pred_zerodoseall_count":41309.73854075118}},{"type":"Feature","geometry":{"type":"Polygon","coordinates":[[[28.6675244,-1.752257],[28.6687453,-1.7778624],[28.6953652,-1.7959047],[28.6986938,-1.8239831],[28.6622823,-1.8647687],[28.6086487,-1.8681209],[28.5703391,-1.8915855],[28.522452,-1.8662054],[28.4441731,-1.8509615],[28.4070441,-1.8930221],[28.3500585,-1.9164869],[28.3170163,-1.9777822],[28.2178901,-1.97874],[28.198896,-1.9966638],[28.1502992,-2.0024466],[28.1633605,-2.0318763],[28.109938,-2.0608221],[28.085138,-2.1022202],[28.0476615,-2.1379121],[28.0048312,-2.1420761],[27.9347527,-2.13208],[27.9254167,-2.1379167],[27.88875,-2.04875],[27.85939761999549,-2.015232607707139],[27.83839311515032,-2.033875539124722],[27.78457067999307,-2.028763622642998],[27.73968187441909,-2.000571227280204],[27.38091059384891,-1.991221071295286],[27.39364271963598,-2.016894606800633],[27.47235744024374,-2.033949074889847],[27.44614622436882,-2.107206862206851],[27.45257976024777,-2.13052152185071],[27.38469129154064,-2.167126208513485],[27.35302931984734,-2.165263356818343],[27.31919472006035,-2.195960790358072],[27.288039232412,-2.242129840558782],[27.25583381717706,-2.230552800071564],[27.22733601834273,-2.238538645841743],[27.1718615690562,-2.22883129442863],[27.14483738403811,-2.211855228336049],[27.12501489532133,-2.221634422990178],[27.09867998129619,-2.203725775224314],[27.06036684405473,-2.202121710248605],[27.01984245016899,-2.1499008048782],[26.9648080337638,-2.129032660928431],[26.93530057236364,-2.155941509692866],[26.86816823141587,-2.158609006232881],[26.8511541,-2.2887071],[26.8552765,-2.3302928],[26.82453361070169,-2.340763808523311],[26.8154157320505,-2.354061906431809],[26.82020052013803,-2.4465472323688],[26.85288778104632,-2.473076192212375],[26.87055444013538,-2.542539473617751],[26.85488147999644,-2.579809416171599],[26.85977608480286,-2.602084571709739],[26.85883056214038,-2.602324467000244],[26.88164424009494,-2.64485306205944],[26.90497331978167,-2.664688921028301],[26.90570448005178,-2.695617709792941],[26.94294539985538,-2.712378019215009],[26.94577428007966,-2.73974594410987],[26.91622332017516,-2.807461001061995],[26.95712723991517,-2.836788989160084],[26.97979752000002,-2.928774561999965],[26.99835932811027,-2.94551073396653],[27.05797684377833,-2.988091378107214],[27.06071016202223,-3.044076350071604],[27.1137179248713,-3.068966119145395],[27.13173404789411,-3.151729514002875],[27.11856659088783,-3.17863096782245],[27.12747958000937,-3.208446312923483],[27.11627377006484,-3.236613784427726],[27.14202690102073,-3.265302657691474],[27.0942949193751,-3.333057964653278],[27.11454582173235,-3.387208939241134],[27.12018013010896,-3.471378325948933],[27.13357709680565,-3.498900577999223],[27.11882087858072,-3.545916550908032],[27.13132752094839,-3.559412471808059],[27.09443000024436,-3.636409999921511],[27.0980400003458,-3.690010000361156],[27.089621,-3.7325941],[27.14120020160768,-3.820362333962842],[27.19693946828193,-3.888280868966831],[27.31202507020095,-3.915472031109289],[27.34660530059426,-3.935260772766412],[27.39220225123296,-3.939286888279184],[27.44511154626099,-3.987221451208939],[27.48045558255922,-3.96092392290069],[27.52048763449676,-3.967148593033016],[27.55877149430086,-3.993708827846319],[27.58057212820125,-3.994932174580072],[27.63639640836755,-4.021928787283628],[27.76722907995816,-4.003999709618824],[27.79855155940703,-4.004011154391151],[27.8377818893681,-4.022388498153257],[27.82711982715921,-4.044187545859245],[27.83426856986955,-4.089921951218344],[27.8637180329805,-4.112356185794681],[27.94683495856961,-4.134295617342261],[28.01619690866067,-4.144672600260208],[28.01616690817644,-4.185073792421178],[28.07181203170035,-4.18790630253369],[28.12037587904405,-4.226693421164327],[28.16901285475973,-4.205518780167438],[28.1810986135103,-4.159614218221293],[28.20611150704076,-4.148383162552818],[28.22844909375072,-4.189277372053049],[28.25152034828565,-4.194074365739292],[28.25738771597048,-4.269284650466204],[28.32363191098437,-4.282419275029383],[28.34209652773268,-4.302787460672732],[28.34913973291248,-4.339145625570097],[28.37788362133233,-4.330960279593171],[28.39603019104072,-4.369941408968828],[28.50002215459875,-4.33407817246956],[28.50634075262366,-4.416336140100668],[28.52214037417906,-4.419572206592022],[28.53204400802472,-4.497871068095201],[28.60130648340756,-4.560305448037877],[28.61387003757223,-4.627501426149851],[28.59846738764673,-4.647867280867183],[28.60729026800033,-4.67660903899997],[28.65563774100053,-4.703321456999845],[28.68387413000045,-4.741165160999742],[28.68800926200049,-4.792619704999822],[28.73466325067873,-4.848936480425358],[28.75004386900036,-4.900884627999972],[28.76613426200043,-4.912279128999955],[28.74871254000044,-4.946201323999901],[28.80351450900023,-5.010333578999951],[28.9716579860001,-5.009214406999841],[29.11450119599998,-5.000797735999917],[29.12180520000006,-4.996315099999959],[29.10450000000013,-4.913],[29.10802960000012,-4.846824],[29.10013320000013,-4.773606399999892],[29.1160709,-4.6996899],[29.10802420000005,-4.636352399999964],[29.12646170000005,-4.584820199999967],[29.1615,-4.542],[29.16116950000003,-4.504556199999968],[29.21575,-4.5015],[29.20437335909952,-4.437877221507324],[29.22153,-4.3272295],[29.24125,-4.255],[29.26403490000007,-4.128732599999978],[29.25922840000004,-4.092891499999951],[29.23047780000007,-4.05922],[29.19267060000004,-4.201744699999949],[29.17659890000004,-4.236438799999974],[29.14872410000004,-4.334600599999931],[29.05797330000007,-4.304199799999935],[29.0605894,-4.2770477],[29.09245310000006,-4.255591299999935],[29.11325,-4.1985],[29.089048,-4.146199699999954],[29.1016218,-4.0959361],[29.08905370000008,-4.044008499999961],[29.105633,-4.0067829],[29.1095544,-3.9434223],[29.099016,-3.9176213],[29.1111839,-3.8937502],[29.09927033261447,-3.865466044525534],[29.11998993400005,-3.845164151999938],[29.1256068,-3.8072542],[29.1024721,-3.7917022],[29.11378649300008,-3.736126540999976],[29.1314607,-3.6926506],[29.15423958300005,-3.676337419999925],[29.14368448805345,-3.59843233733184],[29.15529048300004,-3.556370279999953],[29.14302891200003,-3.479956716999936],[29.13083594200003,-3.45373232399993],[29.15132393500005,-3.362753339999927],[29.20294312300007,-3.347080459999972],[29.22385330400004,-3.325124482999968],[29.24100409000005,-3.277590397999973],[29.22238680200007,-3.198211405999928],[29.22889922700006,-3.159102082999937],[29.25701673900005,-3.113731486999939],[29.25426062600008,-3.052934852999954],[29.22438428500004,-3.020295498999928],[29.20280296500005,-3.022708837999971],[29.16655680700006,-2.959769095999945],[29.13142774300007,-2.933770144999926],[29.0962391939599,-2.918702472026941],[29.09083204500007,-2.87149444299996],[29.0699959,-2.8643212],[29.057928,-2.8297161],[29.0113277,-2.8199022],[29.00429658147165,-2.780811197220747],[29.0407434,-2.7433533],[29.0038926,-2.7047276],[28.9181172,-2.6808784],[28.896123,-2.6528098],[28.8998045,-2.5850413],[28.8858846,-2.5548801],[28.8623895,-2.5325528],[28.89275283343598,-2.489930336266149],[28.8665101,-2.4362963],[28.8762656,-2.4035131],[28.9088976,-2.3724692],[28.9478078,-2.3764205],[28.9783492,-2.3442957],[28.9984275,-2.297711],[29.0920513,-2.2765001],[29.1156302,-2.256078],[29.1736606,-2.1292251],[29.1735035,-2.0943262],[29.1559952,-2.0173052],[29.1289476,-1.9415405],[29.136053,-1.8611042],[29.1559535,-1.8199526],[29.2448174,-1.6981286],[29.1712389,-1.6633451],[29.159642,-1.6365331],[29.118199,-1.6280034],[29.0943441,-1.6203924],[29.0670441,-1.5850571],[29.041193,-1.5910803],[29.0293832,-1.6527639],[29.0170021,-1.6695716],[29.0193964,-1.7099287],[28.9907946,-1.742315],[28.9368337,-1.7290994],[28.9072311,-1.702843],[28.8796876,-1.6970512],[28.866005,-1.7014197],[28.8166094,-1.7674968],[28.7165229,-1.7801116],[28.6846002,-1.741859],[28.6675244,-1.752257]]]},"properties":{"q101":"sk Sud Kivu Province","level_1_id":"ymGeqzoPhN3","level_1_name":"République Démocratique du Congo","level_2_id":"GnLX8MNgxZw","level_2_name":"sk Sud Kivu Province","total_population":6091271.62890625,"pop_0_12mo":248368.916015625,"pop_0_5yo":1156565.5502929688,"pop_6_12mo":124184.4580078125,"pop_12_24mo":227049.15856933597,"pop_6_24mo":351233.61657714844,"births_per_year":261716.4552324816,"imr":51.0,"pred_bcg":0.7914338661449114,"pred_bcg_count":277978.179087712,"pred_rota":0.8926405708553958,"pred_rota_count":313525.376005031,"pred_var":0.6361961855656462,"pred_var_count":223453.48710880853,"pred_vaa":0.6145523421158832,"pred_vaa_count":215851.44169731866,"pred_polio":0.9239644147133896,"pred_polio_count":324527.36296837206,"pred_pcv":0.916627321061696,"pred_pcv_count":321950.3290299225,"pred_zerodosepenta":0.0816512670198008,"pred_zerodosepenta_count":28678.66981347108,"pred_zerodoseall":0.0460814179270524,"pred_zerodoseall_count":16185.343075521658}},{"type":"Feature","geometry":{"type":"Polygon","coordinates":[[[21.92887352700006,-5.011768148999977],[21.88510236000008,-5.022264915999926],[21.82393440000004,-5.025634916999934],[21.80933030000006,-5.071594],[21.787893,-5.083955699999933],[21.68981164576748,-5.054821950379251],[21.68979038402832,-5.129589080468578],[21.65646132000006,-5.211360019999972],[21.63756530300003,-5.232681914999944],[21.6455185,-5.299377],[21.62581730000005,-5.319296799999961],[21.67000410000003,-5.336245399999939],[21.65901780000007,-5.385125799999969],[21.66899215800004,-5.400539126999945],[21.71892760000003,-5.438445399999978],[21.75337606400007,-5.443514157999971],[21.76404065100007,-5.467909044999942],[21.79978779400005,-5.470032324999977],[21.84916438320738,-5.421312293305658],[21.87747041400007,-5.477256360999945],[21.93160835000003,-5.526069810999957],[21.95951921100004,-5.590462913999943],[21.97772306800005,-5.604638855999951],[21.97847944300003,-5.647961554999938],[21.94460379961103,-5.738285280690137],[21.87836980000003,-5.8222021],[21.8824153,-5.866108899999989],[21.83256480000006,-5.868046],[21.79556640000004,-5.845575399999973],[21.77761281600004,-5.815904983999928],[21.72774685500008,-5.847525378999933],[21.67361289000007,-5.862073357999975],[21.66132409587417,-5.907252878373104],[21.60332590300004,-5.953096910999932],[21.577097,-6.035581994999973],[21.58781115400006,-6.069638065999925],[21.58946772600007,-6.121088835999956],[21.60039169100003,-6.188815346999945],[21.59646422300005,-6.264918145999957],[21.61851934400005,-6.322046559999933],[21.62342691800006,-6.357740012999955],[21.60219621900006,-6.464909299999931],[21.61506637400004,-6.51156268699998],[21.60797459900004,-6.547668101999932],[21.65007605400007,-6.617570495999928],[21.69894213415364,-6.646084836424791],[21.68537054300009,-6.674180584999874],[21.63773550000014,-6.685187799999971],[21.59255110000004,-6.775141399999939],[21.56859240000006,-6.756682199999943],[21.48995430000019,-6.782964799999945],[21.4733648,-6.8062197],[21.40687109999999,-6.824479599999961],[21.45151871609898,-6.884786502383422],[21.49491680000028,-6.901666899999839],[21.54485050000011,-6.977267299999937],[21.5962109000003,-7.036765399999922],[21.64883343507586,-7.061762526645396],[21.66090349378896,-7.073248794695985],[21.66774808102716,-7.115414264331305],[21.71062589321517,-7.140964428969959],[21.72035160000007,-7.194455599999969],[21.76118020000007,-7.241437399999938],[21.795786,-7.263431199999957],[21.78144248720911,-7.283333],[21.7923421,-7.3135025],[21.82244442640346,-7.334232523429092],[21.83825016000003,-7.385779968999941],[21.82844016000007,-7.399929977999932],[21.85566984000008,-7.44246998899996],[21.85674012000004,-7.470239983999932],[21.83636016000003,-7.520000065999966],[21.85328016000005,-7.553750021999974],[21.84766992000004,-7.604880105999939],[21.82821012000005,-7.622170022999967],[21.83422174721706,-7.655572546524498],[21.87342,-7.676378370999942],[21.94093548000006,-7.684015663999958],[21.97001448000003,-7.70334928699998],[22.00240944000006,-7.672058970999956],[22.03346052000006,-7.682579406999935],[22.04250480000007,-7.72170215899996],[22.13217180000004,-7.828476688999956],[22.16509632000003,-7.881365898999945],[22.29113736000005,-7.87118825899995],[22.34851380000003,-7.851251568999942],[22.33452284900005,-7.805278074999933],[22.38120836100006,-7.817930362999959],[22.45406588500003,-7.820756194999944],[22.50823473100007,-7.810665918999973],[22.55983740000005,-7.760976768999967],[22.60327960509902,-7.743923648979175],[22.61253695236046,-7.744379569329386],[22.65371442100007,-7.780659245999971],[22.64740885900005,-7.819682432999969],[22.67156042100004,-7.847760058999938],[22.68494815600008,-7.888473169999941],[22.76307310900006,-7.904686251999976],[22.76546786692718,-7.842704408880295],[22.8154125,-7.8274839],[22.9408589,-7.8883032],[22.9842526,-7.8648472],[23.0453237,-7.8650486],[23.0839632,-7.874911],[23.1033764,-7.8265229],[23.1506634,-7.7765713],[23.18887743532976,-7.768799861416225],[23.22204563500003,-7.70451394],[23.23305695700003,-7.666874130999929],[23.22477450700006,-7.631149458999971],[23.23299562900007,-7.574922870999956],[23.21423084300005,-7.53992752399995],[23.26154767900005,-7.452213266999934],[23.23795396700007,-7.418573765999952],[23.26279925700004,-7.366612135999958],[23.23512431700004,-7.325547619999952],[23.24300434200006,-7.235875637999925],[23.23555553800003,-7.183756630999937],[23.21622322600007,-7.163761250999926],[23.24040767900004,-7.057714424999972],[23.26648179500006,-7.025630991999947],[23.25702151400003,-6.98993167499998],[23.17769664600007,-6.98228148499993],[23.12921512800006,-6.984363512999948],[23.13248688800007,-6.956107413999973],[23.16354931800004,-6.913896258999955],[23.1124033,-6.8958691],[23.11103586836484,-6.894967160943004],[23.06828709100006,-6.868816692999928],[23.05904053600005,-6.834810151999932],[23.02612296800004,-6.821079509999947],[23.00969416300006,-6.78564365699998],[23.02064502050527,-6.77027764011827],[23.06223217100006,-6.713638561999971],[23.10226795200003,-6.548390200999961],[23.09591829400006,-6.513350942999978],[23.12090263400006,-6.443632735999927],[23.14808240000008,-6.418487199999959],[23.14572990000011,-6.361617499999909],[23.09223440000005,-6.362239899999905],[23.05415490000003,-6.342895800000038],[23.03382211032674,-6.276338004299566],[23.06302370000002,-6.256067299999915],[23.0692085000002,-6.215230299999975],[23.04902594635003,-6.176507213946175],[23.01235690000004,-6.172615699999938],[23.01104953600009,-6.106564643999889],[22.96196540000011,-6.072282299999927],[22.95805240000016,-6.045493],[22.97988100000026,-6.028049499999895],[22.95245640000036,-5.957509499999901],[22.9925504000002,-5.892590299999881],[22.98385132512711,-5.871825886813037],[22.94593212742001,-5.84209014039152],[22.9619384,-5.818769599999988],[22.96365850100009,-5.782121699999941],[23.0504594930001,-5.774461278999979],[23.0687208,-5.7489034],[23.06824830036596,-5.748817800066298],[23.07635170100012,-5.731059599999952],[23.1081833000001,-5.728688899999953],[23.30491360000008,-5.749247299999922],[23.32407680000003,-5.7327458],[23.36939107355404,-5.730181552425795],[23.4162673,-5.7666714],[23.46976850000001,-5.754827199999976],[23.51533934800005,-5.684916849999979],[23.57887739500006,-5.696586597999953],[23.61235599200006,-5.667551912999954],[23.63083955000008,-5.682964351999942],[23.72372445109571,-5.686343491169171],[23.7634112,-5.6303738],[23.7322863,-5.6094365],[23.7169216,-5.5556009],[23.7263929,-5.481857],[23.7032407,-5.4485436],[23.7139749,-5.364728],[23.6471671,-5.3508418],[23.5218604,-5.3295528],[23.4864896,-5.3094685],[23.4373402,-5.3066323],[23.4322572,-5.2503631],[23.3889703,-5.2724886],[23.3333144,-5.2608283],[23.2835024,-5.2762598],[23.2112534,-5.3095458],[23.185148,-5.3092828],[23.1504484,-5.2436826],[23.0869722,-5.1780538],[23.0249732,-5.107959],[22.9605602,-5.06365],[22.9511812,-5.0456849],[22.9050824,-5.029709],[22.9259588,-4.9634586],[22.9577598,-4.9475268],[22.9595094,-4.921323],[22.9241264,-4.9062196],[22.9423144,-4.875191],[23.0400961,-4.8415033],[23.0816533,-4.8206342],[23.1070504,-4.8198455],[23.1358745,-4.794151],[23.1705094,-4.7990499],[23.188694,-4.7682338],[23.1327598,-4.6486735],[23.0885795,-4.535677],[23.0609733,-4.5208152],[22.9191646,-4.5264042],[22.8840624,-4.5184303],[22.8328056,-4.480127],[22.8175955,-4.4398326],[22.7716999,-4.3916702],[22.7563529,-4.3585765],[22.6911106,-4.2989346],[22.6809151,-4.2741347],[22.6292044,-4.2317876],[22.5247935,-4.2018693],[22.5383772,-4.343706],[22.5290136,-4.370251],[22.5367248,-4.4553719],[22.5056828,-4.4777645],[22.4630526,-4.4964802],[22.4184361,-4.613473],[22.3654144,-4.6328399],[22.29252270000002,-4.620606100000012],[22.25628940000005,-4.6683774],[22.25029720000003,-4.699114699999939],[22.21780987096071,-4.718330010771806],[22.22821049000004,-4.747190770999964],[22.22325320000004,-4.7824619],[22.17172430000005,-4.822739],[22.13522320000004,-4.829754899999955],[22.05637471100005,-4.905400208999936],[22.05041794400006,-4.941173479999975],[21.99926932400007,-5.001935352999965],[21.94781828400005,-5.018731241999944],[21.92887352700006,-5.011768148999977]]]},"properties":{"q101":"kr Kasai Central Province","level_1_id":"ymGeqzoPhN3","level_1_name":"République Démocratique du Congo","level_2_id":"I8CuQpdBQfP","level_2_name":"kr Kasai Central Province","total_population":4739600.145751953,"pop_0_12mo":174966.813911438,"pop_0_5yo":814749.4763183594,"pop_6_12mo":87483.406955719,"pop_12_24mo":159945.66560173035,"pop_6_24mo":247429.0725574493,"births_per_year":186930.3567429893,"imr":64.0,"pred_bcg":0.7754330526987554,"pred_bcg_count":191864.68105964476,"pred_rota":0.7520607098043418,"pred_rota_count":186081.68393378533,"pred_var":0.5865222141289176,"pred_var_count":145122.64747625976,"pred_vaa":0.5453045996706639,"pred_vaa_count":134924.21135782354,"pred_polio":0.8359248853884084,"pred_polio_count":206832.119119346,"pred_pcv":0.8070402767682046,"pred_pcv_count":199685.22719726406,"pred_zerodosepenta":0.1839309555042499,"pred_zerodosepenta_count":45509.86573502203,"pred_zerodoseall":0.1068818481235654,"pred_zerodoseall_count":26445.67655443994}},{"type":"Feature","geometry":{"type":"MultiPolygon","coordinates":[[[[19.48039108200015,2.030822335000039],[19.60031708700006,2.00517811900005],[19.71111775500003,2.003890460000036],[19.90506996000005,2.006949926000061],[19.92940992000007,2.020089947000031],[19.93698,2.085730063000028],[19.96223004000007,2.122800105000067],[19.95375996000007,2.145030029000054],[19.98636984000007,2.176879992000067],[20.02269348000004,2.180695090000029],[20.0631290600435,2.25142389958521],[20.09681316000007,2.270940002000032],[20.10823236000004,2.342387122000048],[20.15850024000002,2.347716080000055],[20.19725424000006,2.384683077000034],[20.25806616200003,2.411740096000074],[20.28041028000007,2.419321111000045],[20.34336132000004,2.414636011000027],[20.36470032000005,2.431869130000052],[20.39836950542148,2.428940993341476],[20.48959116000003,2.432826019000061],[20.51056332000007,2.416225144000066],[20.56274307310852,2.410809332912333],[20.602867,2.4187574],[20.6551495,2.4424697],[20.690164,2.4197869],[20.701808,2.441302],[20.7304219,2.4378459],[20.74862,2.4135945],[20.7806136,2.44145],[20.8035517,2.4414417],[20.8189232,2.4805615],[20.8531013,2.4958104],[20.88816119700022,2.530878268000208],[20.91630347200021,2.577806987000088],[20.90918340000013,2.606740112000125],[20.87254548000021,2.661186126000189],[20.83332024000009,2.697656030000189],[20.80474416000021,2.745269104000101],[20.79324324000021,2.828019041000175],[20.76646819400014,2.827776090000214],[20.7426412800001,2.906043071000113],[20.74169124000019,2.93503514400021],[20.71867536000025,2.949095135000107],[20.72835934500011,3.016852051000171],[20.70388620000017,3.064733149000233],[20.72686428000014,3.105684068000244],[20.72346732000011,3.151919107000083],[20.73545557300019,3.190244212000209],[20.72981913134878,3.197836910164964],[20.7246274,3.1819397],[20.6752284,3.1395443],[20.52275232429338,2.96887626540703],[20.38231116000003,2.816828031000057],[20.33704908000004,2.841890645000035],[20.22210036000007,2.926722073000064],[20.2090889,2.9506945],[20.1745609,3.0351519],[20.2284716,3.1400377],[20.2844056,3.1890408],[20.2822592,3.2952047],[20.2726746,3.319435],[20.2274363,3.3525571],[20.20909427986775,3.401422294264517],[20.22256296000006,3.44163131200014],[20.20916664000009,3.476487712000051],[20.13850620000017,3.523178123000093],[20.1112743600001,3.567106086000024],[20.1499631982778,3.639539096672288],[20.13400439999998,3.655035101000124],[20.14126416000011,3.732222025000112],[20.18306692900006,3.756012138000187],[20.21832428866117,3.771421028772612],[20.20272048000004,3.797281057000021],[20.14669044,3.809622007000087],[20.09353356000003,3.843679757000189],[19.98078048000008,3.882266758000128],[19.93594031892164,3.917786984139537],[19.88787636000012,3.979685060000179],[19.90287216000013,4.037847086],[19.91917429100016,4.057809242000133],[19.89380016000024,4.073666130000106],[19.7930624400002,4.08483801400024],[19.75438332000033,4.079145038000263],[19.70374320000025,4.055372087000194],[19.68652944000024,4.079824033000079],[19.65169944000019,4.078770035000048],[19.59619932000032,4.059773007000331],[19.52894844000008,4.046863032000203],[19.46969028000024,4.015387140000257],[19.4705812800002,3.974650106000297],[19.45626444000027,3.941809048000323],[19.43234424000036,3.949840041000186],[19.41802019900024,3.896280148000187],[19.38852540000028,3.932794990000218],[19.38090744000021,3.959185999000226],[19.32700716000022,4.005565032000277],[19.30501944000031,4.00417509100032],[19.2664242000003,4.033451078000269],[19.27237570863897,4.078176600271515],[19.30766831303907,4.08565793873543],[19.33430147999997,4.157806148000077],[19.35702720000012,4.197416109000187],[19.41912250100023,4.352512696000133],[19.51856640000011,4.573208095000211],[19.51235028000019,4.597080993000134],[19.47404340000026,4.619002004000151],[19.47503124000025,4.655611120000174],[19.45851120000009,4.677532984000152],[19.42089120000014,4.677591004000135],[19.39218948000013,4.637691043000245],[19.3580571600001,4.633641138000087],[19.33016436000008,4.646460099000194],[19.32329543800017,4.673489778000089],[19.3514209,4.68131852800019],[19.36881818800015,4.720365653000215],[19.39258633269953,4.741330932699534],[19.2757813880001,4.690524836000066],[19.18953720000019,4.690271022],[19.12458815600013,4.734669093000093],[19.11414348000011,4.766318014000149],[19.01969386772773,4.76825588645385],[18.9384802,4.7009828],[18.9214943,4.6525685],[18.8862783,4.6414326],[18.8775933,4.6104996],[18.8364048,4.5872047],[18.8193202,4.5542967],[18.8057573,4.4679699],[18.7858888,4.4273287],[18.733333,4.3832046],[18.7175031,4.3689749],[18.6212274,4.356298],[18.6031842,4.3710202],[18.5448718,4.3210852],[18.5543588,4.2804553],[18.5964639,4.1949298],[18.6464925,4.0616518],[18.6575316,3.9757449],[18.6473385,3.9502014],[18.6097003,3.9250588],[18.5968036,3.8904139],[18.5937341,3.8181972],[18.5784818,3.776866],[18.5908873,3.7144167],[18.5938854,3.657381],[18.6044978,3.6170254],[18.608241,3.5181406],[18.6308384,3.4585483],[18.631944,3.394444],[18.643611,3.311667],[18.633056,3.274444],[18.641389,3.204444],[18.62,3.144167],[18.579722,3.103056],[18.539167,3.075556],[18.523889,3.023889],[18.490833,2.949444],[18.444722,2.866389],[18.4102067,2.7616876],[18.402222,2.73],[18.358611,2.6575],[18.320556,2.580833],[18.242778,2.529722],[18.226667,2.484444],[18.224722,2.418333],[18.168333,2.331667],[18.110556,2.280556],[18.091111,2.218056],[18.094444,2.138889],[18.071944,2.0425],[18.0854316640638,1.947550171596788],[18.51310506200014,1.946512276000192],[18.59288568700038,1.903037651000318],[18.62657506200009,1.946866526000406],[18.66451643700032,1.968453901000316],[18.76623881200038,1.970416401000364],[18.77768668700014,1.979738276000262],[18.81382918700029,1.938035401000207],[18.98105518700044,1.964026901000295],[19.04709481200041,2.01168540100025],[19.13717595400033,2.118204517000322],[19.2292930630004,2.093611651000288],[19.39852210108083,2.047063499675751],[19.47587487717033,2.027046399591256],[19.48039108200015,2.030822335000039]]],[[[19.18019432284585,4.939778777154153],[19.1525114,4.9501604],[19.1071218,4.940854],[19.0712078,4.8958875],[19.0510736,4.8371769],[19.01814234444231,4.783018016930421],[19.05939865100015,4.843896865999966],[19.07651519800015,4.894876957000065],[19.09791564900007,4.922176838000155],[19.13612556500004,4.940607071000159],[19.18019432284585,4.939778777154153]]]]},"properties":{"q101":"su Sud Ubangi Province","level_1_id":"ymGeqzoPhN3","level_1_name":"République Démocratique du Congo","level_2_id":"JkIljbLc4Ny","level_2_name":"su Sud Ubangi Province","total_population":2786926.1484375,"pop_0_12mo":101417.11206054688,"pop_0_5yo":472256.474609375,"pop_6_12mo":50708.55603027344,"pop_12_24mo":92709.84063720705,"pop_6_24mo":143418.39666748047,"births_per_year":108467.49952999664,"imr":65.0,"pred_bcg":0.7542024301912171,"pred_bcg_count":108166.50330074172,"pred_rota":0.7879343117446673,"pred_rota_count":113004.27566971492,"pred_var":0.5231187623025058,"pred_var_count":75024.8541561022,"pred_vaa":0.4936346773133953,"pred_vaa_count":70796.29395975625,"pred_polio":0.8526130993958373,"pred_polio_count":122280.40369304214,"pred_pcv":0.8330374313019125,"pred_pcv_count":119472.8927613167,"pred_zerodosepenta":0.1617461629379596,"pred_zerodosepenta_count":23197.375355679218,"pred_zerodoseall":0.0743793567132882,"pred_zerodoseall_count":10667.368084978394}},{"type":"Feature","geometry":{"type":"Polygon","coordinates":[[[16.25266165779741,-5.037211785804208],[16.23601304500005,-5.10640069699997],[16.25196420000003,-5.138293949999934],[16.24898110700008,-5.239650509999933],[16.21925678700006,-5.323648918999936],[16.21116662000003,-5.433698986999957],[16.20081596500006,-5.482358963999957],[16.21235635100004,-5.560167337999928],[16.21588536000007,-5.646353960999932],[16.19433193400005,-5.748739618999934],[16.21586605500005,-5.783003856999926],[16.20387396600006,-5.819553413999927],[16.16592156400003,-5.807894054999963],[16.12178256200002,-5.824907200999974],[16.12308299700004,-5.870238909999955],[16.36273087300003,-5.864755013999968],[16.44595993100006,-5.868902397999932],[16.46023669600004,-5.846297517999972],[16.49378709600006,-5.844037030999971],[16.53828301700003,-5.866641908999952],[16.58408533800002,-5.877059843999973],[16.57690187400004,-5.937218917999928],[16.60155309000004,-5.979471007999962],[16.59776974700003,-6.01931984099997],[16.62410086200003,-6.037378759999967],[16.66233547000007,-6.091409895999959],[16.71637017400008,-6.136313179999945],[16.72981402300007,-6.166043943999966],[16.71543874800005,-6.229935446999946],[16.71288082700005,-6.278018404999955],[16.72041182100003,-6.328971588999934],[16.67893377000007,-6.379568128999949],[16.71678147700004,-6.392724169999951],[16.69665123800007,-6.419614457999955],[16.72078611000006,-6.463868863999949],[16.70583119800006,-6.475240307999968],[16.75223782600006,-6.523445808999952],[16.73174352900003,-6.569416994999926],[16.75869806200006,-6.608788746999949],[16.75259902800008,-6.648432470999978],[16.76099376700006,-6.705008439999972],[16.79343057900007,-6.723808083999927],[16.79948392700004,-6.782028736999962],[16.81758686700005,-6.8147967699999],[16.84023805200007,-6.822228604999964],[16.84053548500003,-6.882393276999949],[16.87635827000003,-6.876706363999972],[16.91139583400007,-6.912660019999976],[16.90762375900005,-6.931944563999934],[16.91538143100007,-6.969112731999928],[16.89777341900003,-6.99153320399995],[16.90220219100007,-7.018637048999949],[16.93749245300006,-7.021342496999978],[16.96325797100008,-7.050345032999928],[16.95099303900002,-7.117777529999955],[16.91530937300007,-7.108533799999975],[16.93598887200005,-7.179461170999957],[16.95554804100004,-7.201493789999972],[16.93955806400004,-7.232092467999962],[16.97734866400003,-7.265318071999957],[16.97649205700003,-7.286975925999968],[17.02696042500003,-7.295638353999948],[17.06970506300007,-7.342166333999955],[17.10640810400002,-7.349369328999956],[17.10147086700005,-7.412133195999957],[17.15082663900006,-7.42014424599995],[17.15090516100003,-7.47366070399994],[17.19402099400003,-7.494944505999968],[17.19273037500005,-7.531053302999965],[17.21240375800005,-7.572612968999977],[17.24177741100004,-7.601931100999934],[17.29474913800004,-7.622331737999957],[17.30143584500007,-7.700431751999929],[17.33055161200002,-7.716576863999933],[17.31691730000006,-7.752993324999977],[17.34746957900006,-7.781643224999925],[17.37798616700007,-7.777074659999926],[17.37596600500007,-7.81204202899994],[17.42401446000002,-7.836101948999953],[17.42358615700005,-7.86870651299995],[17.44358790700005,-7.927373313999965],[17.48321307100002,-7.96580279899996],[17.49909597300007,-8.002265658999931],[17.52947693100003,-8.040652313999942],[17.50195846500003,-8.067431958999975],[17.53976130900003,-8.111744950999935],[17.57335359200005,-8.125819774999968],[17.61782519500002,-8.125819774999968],[17.68692268500007,-8.102661497999975],[17.75247683300006,-8.098021549999942],[17.78198214900004,-8.111822422999978],[17.86260186200008,-8.080562907999933],[17.91820628900007,-8.083730506999927],[17.97836964700002,-8.097859837999977],[18.09536960700007,-8.09803879499998],[18.08301620700007,-8.067366362999962],[18.09266501600007,-8.040229084999964],[18.13123703100007,-8.034456512999952],[18.14765531200004,-8.008282441999938],[18.21199593800003,-7.98853291599994],[18.29593638200004,-7.989101011999935],[18.29757226200007,-8.012746905999961],[18.37062171400004,-8.027023672999974],[18.38653435900005,-7.999659869999959],[18.52431910200005,-7.99931421499997],[18.53281587500004,-7.919046864999927],[18.77177851100009,-7.920211250999898],[18.774153,-7.955663],[18.796451,-8],[19.38134058000003,-7.99982564499993],[19.358454,-7.949362],[19.366425,-7.858955],[19.36326883900006,-7.806823838999946],[19.38297484000003,-7.788721838999948],[19.40213684000003,-7.710797838999952],[19.40553983900003,-7.670317839999939],[19.36887084000006,-7.59638684],[19.38294052600003,-7.569330860999969],[19.473334,-7.571971],[19.49451,-7.52727],[19.4862,-7.504452],[19.521598,-7.483554],[19.530109,-7.462726],[19.522264,-7.393544],[19.494523,-7.363528],[19.504245,-7.342246],[19.487903,-7.310558],[19.505075,-7.248968],[19.498423,-7.167819],[19.515516,-7.126745],[19.56216939300003,-7.055598187999976],[19.54791791500003,-6.999032757999942],[19.95554872343861,-6.99980653000975],[19.97522787978396,-6.991011681363184],[19.95395410000009,-6.939195499999869],[19.95012799838155,-6.895297889555621],[19.9315941000001,-6.860496699999942],[19.90639190000007,-6.845111399999951],[19.86159380000004,-6.7869518],[19.81959139999998,-6.743296],[19.80683800000014,-6.7037613],[19.7243245,-6.607543199999952],[19.69943310000014,-6.538743599999918],[19.70218160000019,-6.4950901],[19.72091790000002,-6.425274899999977],[19.68453022800005,-6.344791691999874],[19.62088824700021,-6.3587209],[19.60490685700023,-6.338830614999949],[19.51034445500022,-6.281152075999898],[19.47071330500012,-6.275160675999928],[19.42629948700005,-6.25031066199989],[19.35376889800017,-6.346757882999952],[19.31134450000008,-6.355925399999933],[19.27601398700006,-6.258967448999954],[19.30896952100005,-6.202217304999976],[19.36000895800004,-6.176757072999976],[19.37833080800004,-6.147489702999962],[19.33113251700007,-6.121307988999945],[19.29591649400004,-6.140581622999946],[19.20169568200004,-6.096009769999966],[19.16659863300004,-6.14978558699994],[19.16222298400004,-6.204021507999926],[19.12656531600004,-6.212071723999941],[19.09798812000002,-6.189028250999968],[19.06766742300005,-6.225505914999928],[19.05923520000005,-6.266212157999973],[18.99340596000008,-6.28472086499994],[18.95555880000006,-6.311875254999961],[18.93521736100007,-6.299268863999941],[18.92776205500007,-6.247936266999943],[18.90717971800007,-6.218787870999961],[18.88088597300003,-6.227181300999973],[18.86637126100004,-6.257162509999944],[18.80224548900003,-6.260606896999946],[18.79439326800002,-6.222178601999929],[18.76774330600006,-6.156743425999935],[18.72717349600003,-6.118196158999979],[18.72955295700007,-6.102015823999977],[18.69136574900006,-6.02575743899996],[18.69238789100007,-5.990626737999946],[18.65491138100003,-5.981822731999955],[18.56746619100005,-6.011803940999926],[18.54486368700003,-5.978104162999955],[18.53805189400003,-5.91681766399995],[18.56839002200007,-5.863755684999944],[18.53728940800005,-5.872025429999951],[18.47454824100004,-5.862254819999976],[18.44004605600003,-5.82192295699997],[18.38163002900006,-5.802574079999943],[18.33747304200006,-5.807714727999951],[18.26879584900007,-5.801076403999957],[18.20303302500002,-5.783263150999971],[18.17733484700005,-5.85702644],[18.17483641200005,-5.89545473499993],[18.14507435500008,-5.905952673999934],[18.07511820100007,-5.877161195999975],[18.05607404200003,-5.826689317999978],[18.06757531000005,-5.794278620999933],[18.06846060100003,-5.727298940999958],[18.02728256500006,-5.70117275299998],[17.94078285400008,-5.732715164999945],[17.88036663800005,-5.724582933999955],[17.90451816700005,-5.676160903999971],[17.90368535500005,-5.652128347999962],[17.89630902700003,-5.637137743999972],[17.83979479200008,-5.626054677999946],[17.78903244000003,-5.716371007999953],[17.69034488500006,-5.697481342999936],[17.63041896200002,-5.697459809999941],[17.54020123700008,-5.707830006999927],[17.52541791100003,-5.653758557999936],[17.51630035700003,-5.574939709999967],[17.52613771700004,-5.553705407999928],[17.48102982200004,-5.516035516999978],[17.46675365300007,-5.483284304999927],[17.47311194700006,-5.445974317999969],[17.46039536000006,-5.429778663999969],[17.47059262300007,-5.32528670499994],[17.46815203100005,-5.260748030999935],[17.50250405900005,-5.175806818999945],[17.53574106800005,-5.13178024299998],[17.50821393900003,-5.079960746999973],[17.52317851600003,-5.050546991999965],[17.49801386400003,-5.006411552999964],[17.51366282800007,-4.962942535999957],[17.49563717200004,-4.935521266999956],[17.48993897500003,-4.893873305999932],[17.52531583300004,-4.854643081999939],[17.54538981500002,-4.759291774999951],[17.57877186800005,-4.683558228999971],[17.59734001000004,-4.674214845999927],[17.62811779100002,-4.635483523999937],[17.64393364700004,-4.562496330999977],[17.68901340100007,-4.536157807999928],[17.67207030800006,-4.497862707999957],[17.67209429300004,-4.455242350999981],[17.70455263700006,-4.389192624999964],[17.74228314100003,-4.382778300999973],[17.76850842000005,-4.344529602999955],[17.80643158500004,-4.310321254999963],[17.78087508300007,-4.28570941199996],[17.74217440200005,-4.31601675],[17.68078119500007,-4.334208130999968],[17.62913364900004,-4.327694697999959],[17.63018340800005,-4.293206549999979],[17.61039325400003,-4.239179812999964],[17.57595408600002,-4.218108420999954],[17.52741549600006,-4.232509186999948],[17.48843249000004,-4.263122822999946],[17.47984355400007,-4.29243902099995],[17.42352159500007,-4.301430523999954],[17.27474607900007,-4.42700771899996],[17.22400020200007,-4.44896229099993],[17.18616766900004,-4.539824500999941],[17.15750006000007,-4.553429396999945],[17.11394893100004,-4.55124150499995],[17.07530940000004,-4.532458863999977],[17.03607228000004,-4.483860940999932],[17.01219150000003,-4.478909982999937],[16.97791968000007,-4.504899854999962],[16.94864736000005,-4.498776146999944],[16.94045520000003,-4.461861920999979],[16.97344668000005,-4.429120530999967],[16.97007528000006,-4.400998014999971],[16.93863,-4.403727763999939],[16.91111448000004,-4.347859441999958],[16.85625840000006,-4.294379913999933],[16.84894032000005,-4.346877873999972],[16.80314616000004,-4.362266880999925],[16.74466884000003,-4.344940433999966],[16.70274144000007,-4.32243189299993],[16.63595758100007,-4.362292922999927],[16.62243610800004,-4.387664635999954],[16.64083074600006,-4.532647041999951],[16.63904138400005,-4.555990915999928],[16.59889692000007,-4.554510155999935],[16.51488948000002,-4.485978048999925],[16.49788816719201,-4.483781430609242],[16.45331542400004,-4.496627697999941],[16.40323376700007,-4.470321942999931],[16.38971515000003,-4.482297034999931],[16.37990566200006,-4.541816370999925],[16.34981346000006,-4.594842146999952],[16.35187857500006,-4.622115607999945],[16.32631216500005,-4.679750035999973],[16.30730528852015,-4.745704637333317],[16.26706265100006,-4.744414534999976],[16.24129495000005,-4.829796399999964],[16.26853718700005,-4.89368179],[16.26573391800002,-4.957889683999952],[16.25246037802905,-5.026601563331932],[16.25266165779741,-5.037211785804208]]]},"properties":{"q101":"kg Kwango Province","level_1_id":"ymGeqzoPhN3","level_1_name":"République Démocratique du Congo","level_2_id":"PvtAI4RUMkr","level_2_name":"kg Kwango Province","total_population":2197821.65625,"pop_0_12mo":90315.34448242188,"pop_0_5yo":420578.857421875,"pop_6_12mo":45157.67224121094,"pop_12_24mo":82565.87823486328,"pop_6_24mo":127723.55047607422,"births_per_year":94078.48383585612,"imr":40.0,"pred_bcg":0.7344379674143737,"pred_bcg_count":93805.02480259512,"pred_rota":0.7141346428201115,"pred_rota_count":91211.81209894775,"pred_var":0.5069475468497362,"pred_var_count":64749.14058878428,"pred_vaa":0.5069270814622867,"pred_vaa_count":64746.52667683736,"pred_polio":0.7949330764697443,"pred_polio_count":101531.67491758436,"pred_pcv":0.7642090946466761,"pred_pcv_count":97607.49887437971,"pred_zerodosepenta":0.2227799216334086,"pred_zerodosepenta_count":28454.242565800523,"pred_zerodoseall":0.1376120409828165,"pred_zerodoseall_count":17576.29846258436}},{"type":"Feature","geometry":{"type":"Polygon","coordinates":[[[30.6192327,3.6054653],[30.5563418,3.6273839],[30.5714601,3.6606466],[30.5179754,3.6589752],[30.4715428,3.6296298],[30.4556922,3.5591311],[30.3760814,3.5456091],[30.3742652,3.5016461],[30.3949315,3.4568851],[30.4231345,3.4327021],[30.4063243,3.3977791],[30.3668064,3.4074692],[30.3681496,3.3571033],[30.34594,3.293539],[30.3428904,3.2677875],[30.3591231,3.2295892],[30.3336661,3.197633],[30.3280246,3.1681069],[30.2802336,3.1520139],[30.2551265,3.1162461],[30.2842356,3.1070831],[30.2674842,3.076626],[30.2404535,3.0663467],[30.2059276,3.0725034],[30.1396827,3.0250969],[30.1622414,2.9885721],[30.1750682,2.9470781],[30.2062514,2.922814],[30.1887126,2.9045683],[30.1299383,2.9062636],[30.1118782,2.8819982],[30.2106514,2.876856],[30.2049976,2.8162786],[30.1597627,2.8173207],[30.1486237,2.8024011],[30.1855856,2.7680929],[30.1853077,2.7098571],[30.2086271,2.6693178],[30.2132678,2.6045175],[30.187628,2.5558429],[30.1453644,2.507175],[30.1163154,2.3759915],[30.1109296,2.3704121],[30.0669289,2.3608529],[30.0310822,2.3121975],[30.0214935,2.2774752],[29.9888885,2.2679019],[29.9845648,2.2432768],[29.9487949,2.2618663],[29.9259048,2.2286727],[29.9145692,2.1790535],[29.8665179,2.1717414],[29.8795577,2.1257054],[29.9049571,2.0926014],[29.9034126,2.0651838],[29.8486036,2.0727532],[29.7964883,2.1031412],[29.7727346,2.1502834],[29.7005544,2.2012352],[29.6209253,2.1933502],[29.6059356,2.2758725],[29.6454802,2.2707178],[29.6651041,2.2862168],[29.6431852,2.3146772],[29.6391524,2.373503],[29.6500397,2.4252584],[29.6318434,2.4892025],[29.5489922,2.4928551],[29.5071084,2.4795771],[29.4102655,2.4235801],[29.3279054,2.4138052],[29.2723603,2.4435651],[29.2687265,2.4661201],[29.2292464,2.543721],[29.2029876,2.5294552],[29.2042606,2.4557402],[29.1751762,2.4013065],[29.147863,2.4446749],[29.0937528,2.4520263],[29.0399238,2.4218115],[28.9902805,2.4066131],[28.9930427,2.3341653],[28.968782,2.2704719],[28.8571424,2.290155],[28.7992567,2.3080216],[28.7457023,2.312935],[28.7507153,2.281409],[28.7797183,2.216963],[28.7648312,2.181771],[28.7387906,2.2049591],[28.6466931,2.2440799],[28.6093714,2.269069],[28.5805814,2.3339701],[28.4099918,2.2519297],[28.3788695,2.2963848],[28.3220961,2.3352347],[28.3167954,2.3173019],[28.3087307,2.0879941],[28.2985553,1.8741115],[28.2898502,1.8561274],[28.2404038,1.8346578],[28.1906262,1.7959849],[28.1907061,1.7378067],[28.2195726,1.6835824],[28.1803028,1.690053],[28.0211018,1.7468767],[27.9817276,1.7557225],[27.9412999,1.7485299],[27.9008572,1.7941625],[27.8673606,1.7919664],[27.8472121,1.8276957],[27.7827235,1.8288438],[27.763429,1.852457],[27.7165386,1.8458456],[27.6822529,1.8082933],[27.6306711,1.8204719],[27.5850508,1.8472555],[27.5558044,1.7993748],[27.5600491,1.7574121],[27.5961323,1.7055733],[27.6431018,1.65447],[27.6373035,1.5857518],[27.7075363,1.5947869],[27.7562193,1.611962],[27.8065631,1.5445052],[27.810647,1.5233928],[27.7912865,1.4841921],[27.7565594,1.477965],[27.7505813,1.4496138],[27.6358097,1.4753972],[27.6182528,1.4533665],[27.5839038,1.4618913],[27.5871845,1.5125702],[27.5515502,1.5546451],[27.5046944,1.5702461],[27.4137342,1.5441193],[27.3668922,1.5365391],[27.3657057,1.4971929],[27.4194816,1.4895786],[27.4679792,1.4646675],[27.4775922,1.4171323],[27.5242841,1.3651343],[27.5754088,1.3217585],[27.6780623,1.334458],[27.7250975,1.3097454],[27.7779692,1.2949863],[27.7650828,1.2566361],[27.7835458,1.2288411],[27.7555133,1.2116502],[27.7709144,1.149609],[27.7394123,1.1215431],[27.7408,1.0684],[27.8244,1.0634],[27.8529563,1.038833],[27.8751,1.0508],[27.9361,1.037],[27.9224579,1.0043009],[27.8777315,0.9464357],[27.9071255,0.9250621],[27.9507373,0.9211682],[27.9959538,0.942902],[27.9467032,0.8273397],[27.9353236,0.7489467],[28.0275273,0.6329721],[28.0681486,0.6642322],[28.1591008,0.685223],[28.182858,0.6846599],[28.331624,0.6976736],[28.451144,0.6148757],[28.5049384,0.5720163],[28.503803,0.5408272],[28.5919424,0.5402809],[28.6359925,0.5480711],[28.6742845,0.5715544],[28.8034347,0.5765185],[28.9009154,0.5876348],[28.9718101,0.5629022],[29.0054805,0.5634202],[29.0665197,0.6108669],[29.0746736,0.6322053],[29.1571998,0.6780144],[29.1637968,0.6637702],[29.2904968,0.5866529],[29.3005859,0.6114272],[29.2962571,0.6606237],[29.3254114,0.6868901],[29.3390631,0.6595944],[29.3331219,0.6267728],[29.3801775,0.6156168],[29.4227248,0.6178107],[29.4731339,0.629489],[29.4695172,0.6487161],[29.4319091,0.6513308],[29.3942772,0.6714487],[29.3479377,0.7136064],[29.3700931,0.747002],[29.3697277,0.8221068],[29.3808317,0.8283929],[29.4008839,0.8100216],[29.4449551,0.8376409],[29.4580511,0.8602185],[29.4861107,0.8420183],[29.4945711,0.8010247],[29.5346683,0.7888685],[29.5229093,0.8611713],[29.5597848,0.8748374],[29.6274878,0.8563151],[29.6273517,0.881617],[29.6591183,0.9076765],[29.6959892,0.8683265],[29.732524,0.8715627],[29.762948,0.9092387],[29.80776,0.9105425],[29.8380571,0.9414055],[29.8643777,0.9126099],[29.8763082,0.8703755],[29.8969209,0.8455652],[29.9066942,0.8069347],[29.9286783,0.8001842],[29.987297,0.8381154],[30.0723343,0.8829543],[30.1116388,0.8950409],[30.1404657,0.8825889],[30.1689003,0.9051868],[30.1766184,0.9442075],[30.228528,0.9882568],[30.2262929,1.0772583],[30.2348426,1.12501],[30.2898314,1.1725631],[30.3362257,1.1503276],[30.3599558,1.2016562],[30.3911809,1.1876359],[30.4191275,1.1915262],[30.4448453,1.2175481],[30.4495142,1.2729444],[30.4063784,1.2583001],[30.3647116,1.2580802],[30.3578599,1.2978609],[30.379347,1.3139218],[30.4325768,1.3600294],[30.4464063,1.3990996],[30.4838634,1.4283322],[30.5001283,1.5089222],[30.5329947,1.5357442],[30.5550492,1.5686978],[30.6217557,1.6106341],[30.6550661,1.6625807],[30.7066873,1.696784],[30.7306373,1.7124588],[30.7472214,1.7541266],[30.80531,1.7840378],[30.8394358,1.8235499],[30.8731082,1.8679027],[30.9199905,1.9028009],[30.9352711,1.9213688],[31.0225528,1.9686034],[31.0960428,2.0265843],[31.1582538,2.0555526],[31.1739233,2.0723216],[31.1861998,2.0994797],[31.2413011,2.1172266],[31.2772422,2.1780764],[31.2030157,2.2212898],[31.2030543,2.2893316],[31.132749,2.2626958],[31.0991306,2.278971],[31.0743126,2.3436317],[31.02919,2.3806062],[30.9824241,2.4047873],[30.959305,2.3947643],[30.9341424,2.3351276],[30.8819038,2.3407994],[30.8493786,2.3833768],[30.8338259,2.4269826],[30.7793535,2.4385105],[30.7518466,2.41981],[30.74135,2.4486532],[30.746061,2.4901282],[30.761814,2.5100708],[30.7530254,2.5910916],[30.7791761,2.6060817],[30.8070364,2.6831408],[30.822752,2.7497315],[30.8592104,2.7736021],[30.884147,2.8141505],[30.8879128,2.8784023],[30.8574363,2.9282862],[30.8563818,2.9618162],[30.8170857,3.0079451],[30.7783308,3.0354302],[30.7907725,3.0635622],[30.8024645,3.1363705],[30.8413632,3.2427604],[30.8651522,3.2761443],[30.9073677,3.3615478],[30.9365827,3.3989568],[30.9415791,3.5061107],[30.8972061,3.5029927],[30.8699895,3.4779911],[30.8486447,3.4885449],[30.8637596,3.5475052],[30.8503963,3.5825135],[30.804385,3.5955029],[30.7977985,3.6554405],[30.7770548,3.6810736],[30.7272724,3.6232982],[30.6883565,3.6432942],[30.6192327,3.6054653]]]},"properties":{"q101":"it Ituri Province","level_1_id":"ymGeqzoPhN3","level_1_name":"République Démocratique du Congo","level_2_id":"Q4cbnIAo10f","level_2_name":"it Ituri Province","total_population":9266565.90625,"pop_0_12mo":290578.4836425781,"pop_0_5yo":1353104.95703125,"pop_6_12mo":145289.24182128906,"pop_12_24mo":265631.618347168,"pop_6_24mo":410920.860168457,"births_per_year":306517.38780862675,"imr":52.0,"pred_bcg":0.8113107910508198,"pred_bcg_count":333384.5281225541,"pred_rota":0.8748690039512582,"pred_rota_count":359501.9236383722,"pred_var":0.63661151114679,"pred_var_count":261596.9497535802,"pred_vaa":0.6063233905214666,"pred_vaa_count":249150.92917333628,"pred_polio":0.9200629897502184,"pred_polio_count":378073.07515732193,"pred_pcv":0.9086899933059178,"pred_pcv_count":373399.67367573717,"pred_zerodosepenta":0.0868146468593796,"pred_zerodosepenta_count":35673.9493626771,"pred_zerodoseall":0.0466121221068108,"pred_zerodoseall_count":19153.893310407842}},{"type":"Feature","geometry":{"type":"Polygon","coordinates":[[[15.31941890300004,-4.327435443999946],[15.31907188415312,-4.326067593990956],[15.33566088402381,-4.323128049990487],[15.3192716750001,-4.296453425999971],[15.26476113500007,-4.317027456999881],[15.19609630900004,-4.325119854999969],[15.19178859500011,-4.339074362999838],[15.17925983500015,-4.390479119999952],[15.16155966452101,-4.407147546101555],[15.17668167300036,-4.48433706599991],[15.19282223200008,-4.506220118999977],[15.24283055400042,-4.568951844999901],[15.27018107900028,-4.579953049999858],[15.27113047500035,-4.642412974999843],[15.35235795400058,-4.650945663999835],[15.38542056500035,-4.628531140999939],[15.40819200700008,-4.588080303999959],[15.40540202699998,-4.552922190999936],[15.4414813600003,-4.527975141999832],[15.4792032170003,-4.545119541999838],[15.56193872600022,-4.536255777999827],[15.60439714900025,-4.586390623999932],[15.64911277600032,-4.585034827999948],[15.65235493400019,-4.628533479999874],[15.63669949000013,-4.653318440999954],[15.65816757400006,-4.679187736999893],[15.68317286000007,-4.679938467999932],[15.70219531900005,-4.722373655999888],[15.69309650500003,-4.766397777999941],[15.66631588100006,-4.802876126999877],[15.63980618400018,-4.856950964999953],[15.65228939418017,-4.928771819165547],[15.65455406275288,-4.972826655347524],[15.70399770000006,-4.988416799999868],[15.72531263610654,-5.029317469780949],[15.83066046936619,-5.029824240674248],[15.8515238949044,-5.000389592127704],[15.86573036100015,-4.948322746999906],[15.84389010000007,-4.902185599999882],[15.86225737054268,-4.864497316545523],[15.88870502300006,-4.864608161999968],[15.92091758000015,-4.94890352199991],[15.95004704500008,-4.976395889999935],[15.97120590300017,-4.95129512099993],[16.00029397700007,-4.966603347999978],[16.02488230800003,-4.995796665999933],[16.10854029700005,-4.995225019999964],[16.16374670200003,-5.004461937999963],[16.20792419600002,-5.03555294399996],[16.25246037802905,-5.026601563331932],[16.26573391800002,-4.957889683999952],[16.26853718700005,-4.89368179],[16.24129495000005,-4.829796399999964],[16.26706265100006,-4.744414534999976],[16.30730528852015,-4.745704637333317],[16.32631216500005,-4.679750035999973],[16.35187857500006,-4.622115607999945],[16.34981346000006,-4.594842146999952],[16.37990566200006,-4.541816370999925],[16.38971515000003,-4.482297034999931],[16.40323376700007,-4.470321942999931],[16.45331542400004,-4.496627697999941],[16.49788816719201,-4.483781430609242],[16.50006697200007,-4.437051699999927],[16.51327187700002,-4.393798381999943],[16.53829952900003,-4.360980827999981],[16.50461805900005,-4.265523600999927],[16.48421950700003,-4.238133969999978],[16.46651364300004,-4.243853481999963],[16.43571623900004,-4.207134125999971],[16.43948130100006,-4.187660275999974],[16.41611163500005,-4.153992096999957],[16.36192460300003,-4.140169865999951],[16.31851214900007,-4.11410811899998],[16.28067423600004,-4.108038416999932],[16.24609828100006,-4.077053801999966],[16.15851468700004,-4.057355333999965],[16.11305775700004,-4.030177690999949],[16.04859972600008,-4.02455552899994],[15.99907692300008,-3.999310927999943],[16.00271352000004,-3.964541885999949],[15.98213592285738,-3.951399578743746],[15.94598190000005,-3.927611199999944],[15.91158355254927,-3.949934162895336],[15.79429850800005,-3.979274661999966],[15.68564406500013,-3.994782545999954],[15.57988759600005,-4.026569233999965],[15.51928868000005,-4.072210217999952],[15.52212983800007,-4.118708321999975],[15.54016305100004,-4.149320520999936],[15.54530842200006,-4.200136574999931],[15.54664670000005,-4.2681943],[15.49666404700014,-4.324964522999892],[15.48623085000008,-4.35770034799998],[15.41797494400004,-4.388037132999955],[15.39004707300006,-4.376144408999949],[15.36814826200003,-4.358813130999977],[15.33656700800003,-4.325494145999926],[15.33647505900012,-4.325254479999899],[15.31941890300004,-4.327435443999946]],[[15.27744627000004,-4.33536523399988],[15.27800165400004,-4.322973775999913],[15.29623142500014,-4.327313427999911],[15.29607428600019,-4.336865144999933],[15.27744627000004,-4.33536523399988]],[[15.30276007100014,-4.313022583999896],[15.30337708400009,-4.315435585666648],[15.30060511300019,-4.313688193666565],[15.30276007100014,-4.313022583999896]]]},"properties":{"q101":"kn Kinshasa Province","level_1_id":"ymGeqzoPhN3","level_1_name":"République Démocratique du Congo","level_2_id":"TwSa8zUu09Q","level_2_name":"kn Kinshasa Province","total_population":7544405.339355469,"pop_0_12mo":320178.8883972168,"pop_0_5yo":1490943.58984375,"pop_6_12mo":160089.4441986084,"pop_12_24mo":292691.1753616333,"pop_6_24mo":452780.6195602417,"births_per_year":333867.4540116964,"imr":41.0,"pred_bcg":0.950631203034052,"pred_bcg_count":430427.385083056,"pred_rota":0.9073910139056046,"pred_rota_count":410849.06545957556,"pred_var":0.8134231304969834,"pred_var_count":368302.2289910555,"pred_vaa":0.77827235701808,"pred_vaa_count":352386.6399972559,"pred_polio":0.9544961575734648,"pred_polio_count":432177.3615939835,"pred_pcv":0.938923490573939,"pred_pcv_count":425126.35978173284,"pred_zerodosepenta":0.0587768211437096,"pred_zerodosepenta_count":26613.005493230346,"pred_zerodoseall":0.0387133037611123,"pred_zerodoseall_count":17528.633662180262}},{"type":"Feature","geometry":{"type":"Polygon","coordinates":[[[19.44672549998702,1.458082593836577],[19.37724192000007,1.419690623000065],[19.21259148370147,1.3615822],[19.21005504000016,1.459232296000096],[19.21536,1.622379874000103],[19.26236988000011,1.670050011000058],[19.31841,1.708620023000094],[19.38606012000014,1.729819919000022],[19.48039992000002,1.778220021000095],[19.56860844300019,1.802619482000125],[19.60084008000007,1.802499936],[19.68054012000005,1.818839966000041],[19.73234988000007,1.817219949000048],[19.79988012000007,1.830799909000064],[19.82459016000007,1.850149978000047],[19.82388471900003,1.853353766000055],[19.81355004000005,1.900189997000041],[19.83101004000002,1.938320051000062],[19.90717002000002,1.980280758000049],[19.90506996000005,2.006949926000061],[19.71111775500003,2.003890460000036],[19.60031708700006,2.00517811900005],[19.48039108200015,2.030822335000039],[19.47587487717033,2.027046399591256],[19.39852210108083,2.047063499675751],[19.2292930630004,2.093611651000288],[19.13717595400033,2.118204517000322],[19.04709481200041,2.01168540100025],[18.98105518700044,1.964026901000295],[18.81382918700029,1.938035401000207],[18.77768668700014,1.979738276000262],[18.76623881200038,1.970416401000364],[18.66451643700032,1.968453901000316],[18.62657506200009,1.946866526000406],[18.59288568700038,1.903037651000318],[18.51310506200014,1.946512276000192],[18.0854316640638,1.947550171596788],[18.06854832100004,1.948109210000098],[18.0652773817771,1.874995470071751],[18.07305504208969,1.756947831641249],[18.07860946700009,1.668888808000077],[18.07317831700016,1.563572450000095],[18.0559203741054,1.504090045536194],[17.9620996,1.3196345],[17.93114637399799,1.164222725604872],[17.87222010700003,1.077819575000092],[17.8450266,1.021178],[17.8386751,0.9355315],[17.87756790100019,0.831167122000124],[17.88314223407704,0.741873161306623],[17.87305198600023,0.607127872000262],[17.89028376700003,0.568246691000297],[17.95148629700009,0.496943910000027],[17.95911890800022,0.385609562000013],[17.9199937330003,0.324665733000131],[17.83710292800032,0.247378768000203],[17.78748728400029,0.150290875000223],[17.76468191500021,0.082203450999941],[17.76135439800015,0.038414949000298],[17.73425890900029,-0.002119345999972],[17.72451404100025,-0.08596357499988],[17.67721577499992,-0.161193516999902],[17.66580714800028,-0.221109281999816],[17.68030561100022,-0.296841108999956],[17.71199459100029,-0.355179935999956],[17.71548221100016,-0.424172214999828],[17.70762689600019,-0.520503645999895],[17.64458472500036,-0.639217539999947],[17.62259935000014,-0.669424841999898],[17.58694739100019,-0.682883479999873],[17.54773023600035,-0.714286819999927],[17.53008251600022,-0.74682643299991],[17.49811459300014,-0.758639926999933],[17.4758321180002,-0.793930674999899],[17.43988306000011,-0.822043425999937],[17.4158179870002,-0.877969252999947],[17.37719503100016,-0.92836158699987],[17.31397222400005,-0.964308672999891],[17.24029150800015,-1.015985668999974],[17.16934548800015,-1.052002007999874],[17.12194442700007,-1.068333386999939],[16.96805191000021,-1.153888939999888],[16.88194274900025,-1.233333348999849],[16.80722045900012,-1.316389083999979],[16.75055313200022,-1.411111115999859],[16.71110916200013,-1.48888897899991],[16.65472030700016,-1.64472222399985],[16.60361099200009,-1.724444626999968],[16.52486122000016,-1.869858912749862],[16.55899010500002,-1.881920598999898],[16.57980720000018,-1.936803810999891],[16.61182622799998,-1.989336840999954],[16.63456844200022,-1.998459114999946],[16.94501496000015,-2.001266349999867],[16.93564595100025,-1.935947074999888],[16.89383266400034,-1.943166385999916],[16.85814074900009,-1.933648541999958],[16.80549517400027,-1.900246857999946],[16.77902367100035,-1.813247814999954],[16.79720658000031,-1.778453963999937],[16.83289849500056,-1.751328108999871],[16.89001448800042,-1.747009079999827],[16.97826227100029,-1.761476986999924],[17.05224304500035,-1.800557131999824],[17.08266765800033,-1.806922821999933],[17.10475008700035,-1.783573968999917],[17.15154948500026,-1.764807367999879],[17.18206104100005,-1.734063378999849],[17.20987677000039,-1.697946625999975],[17.28249344700009,-1.6683488799999],[17.34705036800017,-1.588866801999814],[17.3930758620005,-1.57021851899998],[17.43276061400024,-1.529324396999812],[17.48693062100028,-1.498133557999836],[17.52840017300048,-1.477739086999918],[17.61266052000025,-1.458078817999933],[17.65662218800003,-1.441814881999846],[17.71024824000045,-1.427858791999824],[17.73208152000041,-1.411480261999941],[17.91038664000041,-1.376255990999937],[18.12394065700028,-1.208105373999956],[18.13396146300022,-1.157558150999819],[18.13152672000029,-1.106411795999861],[18.20533572000051,-1.106870044999937],[18.31517516000014,-1.11960492899982],[18.40597452000014,-1.180418759999952],[18.43842056500006,-1.188062989999878],[18.47460348000004,-1.231504875999974],[18.51338751700007,-1.256997990999935],[18.57213216000002,-1.260752898999954],[18.63459975900003,-1.239912108999931],[18.69743022100005,-1.221297949999951],[18.72629852500006,-1.222947013999942],[18.71997620500002,-1.182999873999961],[18.74499984000005,-1.118000067999958],[18.79800012000004,-1.143999989999941],[18.82997636500005,-1.18399995599998],[18.86094139198349,-1.170418391335211],[18.86900004000006,-1.132999989999973],[18.85097624500003,-1.078000081999903],[18.81799991772272,-1.03799992148222],[18.75200004000015,-1.023000066999941],[18.74300004000014,-1.011999983999885],[18.74900016000026,-0.934999988999891],[18.76899996000003,-0.867999935999933],[18.79300008,-0.82199992999989],[18.83974991749257,-0.818036011099417],[18.89504108300088,-0.85449244099982],[18.95877698300097,-0.809133015999862],[18.99764553700106,-0.801430125999957],[19.05537026800101,-0.770522213999868],[19.08584543600097,-0.716759324999771],[19.11494066500092,-0.683941919999882],[19.14408055000223,-0.680015226990463],[19.13617120100037,-0.697955871999966],[19.16554045800041,-0.799291330999836],[19.16890516200044,-0.847861368999872],[19.15697423600045,-0.904725873999837],[19.17232176000039,-0.933517350999864],[19.20158912900041,-0.943511086999933],[19.22681141500044,-0.9736112679999],[19.25964797700038,-0.98860187299988],[19.30036382600048,-1.058925316999932],[19.32900662800046,-1.131112674999827],[19.35524839200048,-1.143210675999853],[19.3957852770003,-1.296214290999956],[19.44065475700035,-1.364858195999943],[19.47717284800035,-1.390846735999958],[19.55044131300019,-1.236961005999888],[19.61735306300028,-1.106551380999861],[19.6119013130002,-0.988783130999877],[19.68116092254524,-0.988783130999877],[19.69074629755861,-1.001963109767575],[19.67388368800022,-1.062828380999861],[19.68707006300031,-1.102528130999872],[19.68412418800023,-1.15288925599998],[19.71723068800031,-1.167057755999963],[19.84628993800033,-1.166777130999833],[19.89463006300025,-1.11756025599982],[19.94284318800021,-1.098464380999815],[20.00133068800034,-1.095878005999964],[20.08609243800032,-1.061229380999976],[20.1570198130002,-1.017134880999947],[20.14113743800033,-0.986874755999906],[20.14565131138718,-0.947753889880749],[20.20073818800023,-0.870766130999925],[20.19768706300027,-0.837371380999855],[20.24972280797115,-0.774343386447712],[20.26771761494808,-0.717783965520653],[20.28671206400031,-0.670731755999952],[20.25958656300025,-0.651004101999888],[20.22176143800044,-0.603983851999885],[20.17273506300023,-0.59637710099986],[20.15296556300052,-0.531927975999849],[20.09532930000097,-0.486872200000836],[20.09081531300052,-0.455817975999935],[20.10433526300045,-0.42130244599997],[20.05678526000048,-0.415925981999919],[20.04650507700052,-0.395161660999861],[19.97814933100051,-0.364147988999832],[19.97019692200053,-0.325146035999978],[19.90193214700031,-0.287051319999875],[19.90419408000031,-0.248040226999819],[19.98669210600025,-0.197306849999848],[20.07750854600027,-0.215143451999836],[20.10752136800033,-0.257031154999879],[20.14288805600023,-0.233816613999977],[20.20925237700027,-0.216900875999954],[20.27791666666667,-0.227083333332985],[20.33880000000011,-0.22437],[20.33549000000016,-0.194439999999872],[20.34694000000019,-0.13726],[20.38701,-0.10786],[20.45563000000016,-0.070569999999861],[20.54458479903298,-0.063316376212981],[20.57645000000025,-0.01871],[20.56658000000022,-0.00413],[20.47224000000011,0.006340000000193],[20.47574,0.045630000000187],[20.56401,0.09923],[20.57104000000015,0.142510000000129],[20.51727000000011,0.16061],[20.44033503325452,0.229122276979301],[20.39632588255046,0.293841590366971],[20.35779000000014,0.330000000000155],[20.33994000000013,0.359470000000158],[20.28663855179525,0.370982484795832],[20.30003000000016,0.42755000000011],[20.33326,0.46073],[20.3638193643605,0.535011950541048],[20.35847044244531,0.574260638626924],[20.42706,0.66411],[20.40988,0.7324],[20.40516,0.89326],[20.43285516000003,0.933980002000169],[20.43118,1.01512],[20.45017936399184,1.074169941836813],[20.45114358469518,1.074552309275713],[20.48807,1.10877],[20.55448828669064,1.232954278008291],[20.5647135,1.2575629],[20.60761,1.2933099],[20.6452125,1.3452678],[20.6331303,1.385639],[20.584017,1.4215861],[20.5696395,1.446393],[20.6188996,1.4682864],[20.6480781,1.5035438],[20.678559,1.513715],[20.6845796,1.5443658],[20.6384959,1.5792061],[20.5430925,1.577982],[20.4067332,1.607139],[20.1742922,1.5890385],[20.0737039,1.500941],[20.057166,1.4732209],[20.008783,1.4497205],[19.9769884,1.417926],[19.92902994900004,1.402339490000031],[19.92965328000003,1.427531951000049],[19.87057692000008,1.50788668000007],[19.87029828000004,1.558023272000071],[19.84760856000003,1.609543020000046],[19.84429689848481,1.651385354357256],[19.78392996000002,1.635655514000064],[19.70591112000005,1.628721342000063],[19.64021724000003,1.596403770000052],[19.57689216000006,1.540710287000024],[19.53797436000008,1.527239449000035],[19.44672549998702,1.458082593836577]]]},"properties":{"q101":"eq Equateur Province","level_1_id":"ymGeqzoPhN3","level_1_name":"République Démocratique du Congo","level_2_id":"XjeRGfqHMrl","level_2_name":"eq Equateur Province","total_population":2699506.109375,"pop_0_12mo":97978.07971191406,"pop_0_5yo":456241.9208984375,"pop_6_12mo":48989.03985595703,"pop_12_24mo":89565.96029663086,"pop_6_24mo":138555.0001525879,"births_per_year":102060.49969991048,"imr":40.0,"pred_bcg":0.8284155446401049,"pred_bcg_count":114781.11591401591,"pred_rota":0.826311560382136,"pred_rota_count":114489.598374832,"pred_var":0.588677381175057,"pred_var_count":81564.19463853506,"pred_vaa":0.5675353481130087,"pred_vaa_count":78634.86024439693,"pred_polio":0.8870228936661202,"pred_polio_count":122901.45716725824,"pred_pcv":0.8700873406386347,"pred_pcv_count":120554.95161495083,"pred_zerodosepenta":0.1253635547369106,"pred_zerodosepenta_count":17369.74734570161,"pred_zerodoseall":0.0745643642543623,"pred_zerodoseall_count":10331.265500640788}},{"type":"Feature","geometry":{"type":"Polygon","coordinates":[[[24.06184119400007,-6.379407733999926],[24.01546212200003,-6.400876232999963],[23.99760018200004,-6.397475466999936],[23.91898670300003,-6.414357047999943],[23.90949818500007,-6.406534680999926],[23.90790573700008,-6.390596496999933],[23.85524549200005,-6.397103480999931],[23.84388016600008,-6.366702398999962],[23.79876040100004,-6.410964798999942],[23.81006995400003,-6.436575105999964],[23.78154734700007,-6.504477764999933],[23.77116099300002,-6.569711491999954],[23.74993044900003,-6.587469542999941],[23.75094171900002,-6.633452625999951],[23.76830883400004,-6.675093398999934],[23.73007220000005,-6.722445199999981],[23.73866522900005,-6.744942244999947],[23.63924808800004,-6.746527009999966],[23.58276636100004,-6.773089145999961],[23.55590135800003,-6.720816339999942],[23.48352738500006,-6.688462798999979],[23.44111618200003,-6.646868801999972],[23.41844492400003,-6.59004762099994],[23.44111752100002,-6.575994357999946],[23.44720849200007,-6.538905879999959],[23.39376320000002,-6.547958499999936],[23.36650130000004,-6.5291],[23.34590060000005,-6.546530299999972],[23.31717480000003,-6.540245499999969],[23.24652370000007,-6.592512199999931],[23.20682940000006,-6.595251299999973],[23.15796962100006,-6.560739779999949],[23.10226795200003,-6.548390200999961],[23.06223217100006,-6.713638561999971],[23.02064502050527,-6.77027764011827],[23.00969416300006,-6.78564365699998],[23.02612296800004,-6.821079509999947],[23.05904053600005,-6.834810151999932],[23.06828709100006,-6.868816692999928],[23.11103586836484,-6.894967160943004],[23.1124033,-6.8958691],[23.16354931800004,-6.913896258999955],[23.13248688800007,-6.956107413999973],[23.12921512800006,-6.984363512999948],[23.17769664600007,-6.98228148499993],[23.25702151400003,-6.98993167499998],[23.26648179500006,-7.025630991999947],[23.24040767900004,-7.057714424999972],[23.21622322600007,-7.163761250999926],[23.23555553800003,-7.183756630999937],[23.24300434200006,-7.235875637999925],[23.23512431700004,-7.325547619999952],[23.26279925700004,-7.366612135999958],[23.23795396700007,-7.418573765999952],[23.26154767900005,-7.452213266999934],[23.21423084300005,-7.53992752399995],[23.23299562900007,-7.574922870999956],[23.22477450700006,-7.631149458999971],[23.23305695700003,-7.666874130999929],[23.22204563500003,-7.70451394],[23.18887743532976,-7.768799861416225],[23.18876632200005,-7.855116248999934],[23.17631698200006,-7.863054129999966],[23.18074399700004,-7.915231846999973],[23.20714779990574,-7.919254300793549],[23.21358159999386,-7.960799499989292],[23.19873096300006,-7.998918452999931],[23.23440457800007,-8.000199918999954],[23.25724740400005,-8.064017062999937],[23.28323111700007,-8.061875547999932],[23.31411678300003,-8.028787697999974],[23.30305228900005,-8.014154011999949],[23.30675060200002,-7.953451622999978],[23.29855458900005,-7.912093308999943],[23.35157488800007,-7.90713184599997],[23.37401522000005,-7.894545936999975],[23.40899032200002,-7.908004763999941],[23.44577535200006,-7.936334596999927],[23.47800035800003,-7.942863332999934],[23.50816,-7.902878154999915],[23.55380287700007,-7.903840637999939],[23.57967624200009,-7.917500659999962],[23.58527819300008,-7.963219298999948],[23.56146454700005,-8.015294276999965],[23.64413076400009,-8.091451370999915],[23.6834280283592,-8.08457098216268],[23.74202280700008,-8.052984939999925],[23.79955310500004,-8.041811749999944],[23.7950551650001,-8.006726359999957],[23.81900330300003,-7.98633868199989],[23.82081501800009,-7.920294448999919],[23.92535352700006,-7.903711051999931],[23.91658047600006,-7.872185585999901],[23.95603727600012,-7.862179824999905],[23.96790674100007,-7.812685289999918],[23.92318048900008,-7.730268374999955],[23.93444059600008,-7.674725478999978],[23.92699288400009,-7.641555791999939],[23.94079375700005,-7.597559557999917],[23.92449444900006,-7.569315356999935],[23.92982444200005,-7.529506972999927],[23.96182819200007,-7.49067417],[23.97500273353655,-7.446041541601516],[23.97922052900006,-7.389551772999907],[24.01211017600012,-7.362496578999931],[23.9688458640001,-7.341755292999964],[23.97862259300009,-7.3085875099999],[23.97520895700006,-7.199516231999951],[24.01804931000004,-7.15787054499998],[24.05108003600003,-7.111042752999936],[24.07013095200006,-7.065311415999929],[24.12384343500003,-7.065731235999976],[24.14653397600006,-7.045020407999971],[24.15110254100011,-6.903832709999904],[24.20895199700021,-6.928978854999912],[24.2317910160001,-6.976842187999864],[24.23271695502302,-7.016892035914452],[24.28584927100013,-7.010255336999933],[24.31391739475015,-6.992837683999937],[24.37282562300004,-7.047248066999884],[24.42171178600006,-7.051290763999873],[24.46336104700009,-7.0446935499999],[24.47606931600023,-7.014024651999875],[24.51320267000011,-7.012476890999892],[24.53740534700006,-6.995072026999878],[24.62174704318466,-7.037537037836501],[24.66077624700017,-7.000279637999938],[24.64833207100008,-6.962126240999964],[24.69903509100004,-6.953982099999962],[24.75359696000004,-6.888706326999966],[24.78227071100025,-6.892014388999939],[24.8232277570001,-6.844245458999978],[24.84320712700014,-6.798214691999874],[24.82397265500009,-6.773926512999878],[24.83677090900017,-6.727933170999961],[24.84872204300012,-6.72922054199995],[24.87715932300006,-6.674993686999869],[24.96445398300017,-6.709285229999864],[24.96976446300027,-6.663633842999957],[25.04118398500032,-6.682868595999935],[25.08734552800013,-6.668353882999895],[25.10713365900006,-6.625224531999947],[25.17433869500007,-6.64766753299989],[25.20498846900017,-6.644167163999839],[25.23829769100013,-6.701053250999962],[25.27168883600007,-6.711462126999947],[25.29781034900003,-6.766489296999907],[25.30454880200006,-6.819466895999881],[25.37694156900005,-6.796666540999979],[25.45399016900012,-6.731681032999973],[25.44630034200003,-6.698075116999917],[25.46950008600004,-6.661312444999908],[25.47107053100007,-6.609273633499868],[25.43440898100016,-6.585996912999917],[25.413930171,-6.551781656999935],[25.37304661400009,-6.549926794999919],[25.32041293700019,-6.495675084499965],[25.27269790499997,-6.389002534999975],[25.28437510000009,-6.334971989999929],[25.31349970300016,-6.340492338999979],[25.32473075900003,-6.281100991999949],[25.34878416000009,-6.269851384999924],[25.39054780400005,-6.263214714999947],[25.42496075900004,-6.306666290999942],[25.49092298700003,-6.288904091999939],[25.47945693800006,-6.253723397999977],[25.50838444200008,-6.241181654999934],[25.54957291200003,-6.263241637999954],[25.59060671700007,-6.264053034999961],[25.59428734700003,-6.287412643999971],[25.67729146500005,-6.279368103999957],[25.75055144100003,-6.227780554999981],[25.79730785000004,-6.218857575999948],[25.84870420800007,-6.174956521999945],[25.85512875200004,-6.214574545999938],[25.89010682900005,-6.218857575999948],[25.89046374900005,-6.266684741999939],[25.91617773300004,-6.285065076999956],[25.94651758000003,-6.260399356999926],[26.00766438900007,-6.258229551999932],[26.04209116200008,-6.287469023999961],[26.08195409600006,-6.30560956599993],[26.14067585800007,-6.233773661999976],[26.18479418700002,-6.251820102999943],[26.24341877400008,-6.238563746999944],[26.21043735000006,-6.155706345999931],[26.15319967500005,-6.120382458999927],[26.15502583200004,-6.078191895999964],[26.13958042800004,-6.067720895999969],[26.13672954700007,-6.020466],[26.15434128700002,-5.961091150999948],[26.11962019300006,-5.940018643999963],[26.10103875900006,-5.872766015999957],[26.11273547500008,-5.843036436999967],[26.14043240100006,-5.841493021999952],[26.17661336900005,-5.87737524299996],[26.17984943500005,-5.83273655499994],[26.19675833200006,-5.797070684999937],[26.21882595800002,-5.784934979999946],[26.18071093700007,-5.774647493999964],[26.13685271200006,-5.781804911999927],[26.10280066800004,-5.73263026099994],[26.10238949700005,-5.687104509999926],[26.12734528400006,-5.631881978999957],[26.11970378100006,-5.569380180999933],[26.15929095100005,-5.5328601009999],[26.14592789700003,-5.484890167999946],[26.12780592200006,-5.476819035999933],[26.12902420650022,-5.378594885999898],[26.11562308100011,-5.343264649499924],[26.14789351300011,-5.269854727499784],[26.18090167000014,-5.249153305999812],[26.20438438800034,-5.210486724499788],[26.20150145700006,-5.096346223999888],[26.2320888210001,-5.055619823999848],[26.25998713300004,-5.038590138499956],[26.28075686333352,-4.992289742999844],[26.21829644400015,-4.988163510999868],[26.08030232400034,-4.989979222999921],[26.00787540500016,-5.03729975899995],[26.00071190800014,-5.067935693999914],[25.92903378700009,-5.100023507999936],[25.82657419500003,-5.113634024999953],[25.78247801900033,-5.126639770999938],[25.76344233100026,-5.147757488999899],[25.73990572000014,-5.104320487999928],[25.73900114500015,-5.054267288999824],[25.80201993300005,-5.009490782999933],[25.80322603300016,-4.974212322999904],[25.82810187100017,-4.960492920999968],[25.81214305497895,-4.919875211419026],[25.76385398200011,-4.953341633999969],[25.68176257900018,-4.979039812999929],[25.64786326500052,-4.998635760987156],[25.47049022837456,-4.99500864946225],[25.44083647700012,-4.988914987999976],[25.42691663000011,-4.946084689999907],[25.40586407400008,-4.952627795999945],[25.39444266200047,-4.9847505199999],[25.36898379100012,-4.993004057999883],[25.19472130392751,-4.989369395994231],[25.07495061600008,-4.992058721999911],[25.05034270000004,-4.981029399999954],[25.01071230000002,-4.912851799999942],[24.9992751378234,-4.86724182859348],[24.93917006500004,-4.886372666999819],[24.92046110100011,-4.86569130099997],[24.83495173200005,-4.868439271999888],[24.80356266100005,-4.909446293999951],[24.7674092890001,-4.91599503],[24.71777530000004,-4.996724799999983],[24.6750372000001,-5.000222800999938],[24.64541109100004,-5.048739232999908],[24.60557100200008,-5.084447754999892],[24.64237039200004,-5.107320046999938],[24.60430084900003,-5.144915804999894],[24.58912318900008,-5.190776141999947],[24.58214343700007,-5.282137727999952],[24.59039640100008,-5.313263399999926],[24.61900112200004,-5.314858517999937],[24.62672944700006,-5.355109527999957],[24.59476631100006,-5.340810137999938],[24.54840619000004,-5.37855234899996],[24.52278705200007,-5.353813505999938],[24.48257118700008,-5.356965696999964],[24.37096866600007,-5.312086484999952],[24.35234701400003,-5.350749624999935],[24.30152761500005,-5.386624284999925],[24.28610870800003,-5.414606745999947],[24.20844954700004,-5.412946137999938],[24.20026567600007,-5.391677437999931],[24.15589462900004,-5.370729074999929],[24.14707872700006,-5.354060949999962],[24.09350278300008,-5.361530936305959],[24.08929126700008,-5.388580585999932],[24.04892961900003,-5.401688084999932],[24.05375040600006,-5.43045021599994],[24.02187911300007,-5.432446266999932],[23.99904886200005,-5.464835115999961],[23.98977372300004,-5.51399953799995],[24.04557264400006,-5.548608021999939],[24.05759488000007,-5.581620063999935],[24.08783225400003,-5.59292262799994],[24.11353977400006,-5.642632361999972],[24.17083262300002,-5.684835994999958],[24.17194147900005,-5.730111764999947],[24.18879878100006,-5.775397664999957],[24.19042859800004,-5.857580771999949],[24.07157346900004,-5.856494637999958],[24.05922577400003,-5.846551698999974],[23.95457595600004,-5.824548948999961],[23.96048010000004,-5.871725],[23.99853663300007,-5.932539515999963],[23.93828321100005,-5.987590359999956],[23.92471897800004,-6.031198891999964],[23.92749898200003,-6.065095206999956],[23.96411611000008,-6.092657891999977],[23.99177078400004,-6.184205488999964],[23.99101241000005,-6.237134474999948],[24.01821247400005,-6.322807434999959],[24.03806260100004,-6.334341150999933],[24.06184119400007,-6.379407733999926]]]},"properties":{"q101":"lm Lomami Province","level_1_id":"ymGeqzoPhN3","level_1_name":"République Démocratique du Congo","level_2_id":"an1cK6GbbVw","level_2_name":"lm Lomami Province","total_population":4253226.0703125,"pop_0_12mo":174537.32983398438,"pop_0_5yo":812754.6328125,"pop_6_12mo":87268.66491699219,"pop_12_24mo":159554.3257446289,"pop_6_24mo":246822.9906616211,"births_per_year":184305.52252796665,"imr":53.0,"pred_bcg":0.7461372695368932,"pred_bcg_count":184163.83231119206,"pred_rota":0.7409781311503191,"pred_rota_count":182890.43834538065,"pred_var":0.5378428215662061,"pred_var_count":132751.97372485563,"pred_vaa":0.5174297718489667,"pred_vaa_count":127713.56374512223,"pred_polio":0.7975942257232643,"pred_polio_count":196864.59212745618,"pred_pcv":0.7753757296816912,"pred_pcv_count":191380.5564864717,"pred_zerodosepenta":0.2157161046437309,"pred_zerodosepenta_count":53243.69408204087,"pred_zerodoseall":0.1473728969539513,"pred_zerodoseall_count":36375.01916864117}},{"type":"Feature","geometry":{"type":"Polygon","coordinates":[[[26.74379723006143,-10.00379885906131],[26.70944461600004,-9.975024462999954],[26.74320003100007,-9.89804528299993],[26.64842986600007,-9.88888418099998],[26.58598388900003,-9.874307985999963],[26.56711755200007,-9.857746962999954],[26.49478808500004,-9.863316250999958],[26.40436654300004,-9.834623487999977],[26.39425383400004,-9.823344842999973],[26.407045,-9.755901666999932],[26.36316551000004,-9.693670820999955],[26.36953423700004,-9.659854716999973],[26.33070979400003,-9.595414579999954],[26.20692722900003,-9.71646498399997],[26.19225792000003,-9.705663957999946],[26.03260908000004,-9.725010699999928],[26.03549412000007,-9.687486312999965],[25.94791102200003,-9.703897255999948],[25.91208793300007,-9.700673561999963],[25.84196290600005,-9.657113162999963],[25.82078088900005,-9.632875095999964],[25.75185376800005,-9.605106027999966],[25.69994410000004,-9.569409590999953],[25.62117956000003,-9.488806629999942],[25.58774468156779,-9.510474735215801],[25.49726827000006,-9.484258851999925],[25.48516134800008,-9.541808198999945],[25.52176169600006,-9.676395045999925],[25.51322813100006,-9.710447273999932],[25.53893715900006,-9.736517096999933],[25.53145392100004,-9.76345528],[25.56194288500006,-9.84456623099993],[25.56575002200003,-9.877459899999963],[25.52874464500007,-9.900607297999954],[25.51854151600003,-9.934414678999929],[25.48777984400004,-9.949490943999933],[25.48564784800004,-9.972181483999975],[25.44335664000005,-9.986907924999969],[25.43056465700005,-9.976286010999956],[25.30043748700007,-9.955108807999977],[25.29415571000004,-9.928268487999958],[25.24052673900007,-9.894244962999949],[25.16490933600005,-9.925009375999934],[25.12813858100003,-9.97950405399996],[25.08568857100005,-9.976041480999982],[25.04665792600002,-10.00270433699995],[25.05052899365833,-10.04505048767795],[25.05666282500005,-10.06447094299995],[24.99442754600005,-10.08982647899995],[24.97272686200006,-10.11489648],[24.91482029800005,-10.11969347299993],[24.88354307500003,-10.05916024799996],[24.84001364200003,-10.03737249799997],[24.83922366100006,-10.06494569199998],[24.81294451300005,-10.08073769899994],[24.75343315400005,-10.05876870199995],[24.69778112300003,-10.00787248499995],[24.69885188000006,-10.04998894499994],[24.67612802700006,-10.06283803399998],[24.62546392800004,-10.06575256799994],[24.57791322277167,-10.10212109392802],[24.53128532500006,-10.06584860499993],[24.53632035900006,-10.03776104499997],[24.49015324800007,-10.00182047699997],[24.45377870100003,-10.00989645799996],[24.40279443100007,-10.07698448199994],[24.35691277600006,-9.986061505999942],[24.32235383300002,-9.994298784999955],[24.29328988400005,-10.03156007599995],[24.23280011600008,-9.995029621999947],[24.12184816197698,-10.02494912246286],[24.08404628800002,-9.99053032699993],[24.08282800431774,-9.95428639442294],[24.09534222900004,-9.90984984499994],[24.02419808500002,-9.8948950299999],[24.0228274983429,-9.836112799908168],[24.03927435000003,-9.782812897999975],[24.11069625200003,-9.70377672099994],[24.12699080100003,-9.628090825999948],[24.11435110400004,-9.607075426999927],[24.12043630200003,-9.568139671999973],[24.15777860200006,-9.479413703999967],[24.16166188200003,-9.450479457999961],[24.14222903300004,-9.417940748999968],[24.14099725400007,-9.367915939999932],[24.15098104400005,-9.335738019999951],[24.18574787600005,-9.281327767999926],[24.22334412728584,-9.3150126862355],[24.26900731400008,-9.27447928],[24.32686451600006,-9.269722039999976],[24.35011390202708,-9.220673300675678],[24.39817900055766,-9.205206798026047],[24.40898777100006,-9.166412819999948],[24.33660102100004,-9.125261171999966],[24.31579392000003,-9.088162911999973],[24.266754,-9.045256087999974],[24.25206492000007,-8.984915934999947],[24.21191066000006,-8.954817076999973],[24.10597584000004,-8.936546008999926],[24.11028396000006,-8.909310997999967],[24.073857,-8.88845800599995],[24.02253702200005,-8.840941252999926],[23.98287204000007,-8.806906918999971],[23.98030333600008,-8.780362095999976],[23.90027038800002,-8.756043579999925],[23.84810403700004,-8.76288595899996],[23.81418241837535,-8.784872178999933],[23.78009051300006,-8.772582356999976],[23.72829736759363,-8.782264723302237],[23.68601523766211,-8.769801492358427],[23.66031706100006,-8.712294679999957],[23.66095666000007,-8.674070065999956],[23.68992197300003,-8.632775110999944],[23.67012485700008,-8.586099603999969],[23.68031275700002,-8.555584634999946],[23.65065778200005,-8.52962410999993],[23.63684739000007,-8.497504557999946],[23.63999528700003,-8.444910353999944],[23.65816736100004,-8.430470382999943],[23.68555743200005,-8.328433003999976],[23.69902002200007,-8.258847586999934],[23.67687604400004,-8.187575035999942],[23.69692062300004,-8.137025766999955],[23.6834280283592,-8.08457098216268],[23.64413076400009,-8.091451370999915],[23.56146454700005,-8.015294276999965],[23.58527819300008,-7.963219298999948],[23.57967624200009,-7.917500659999962],[23.55380287700007,-7.903840637999939],[23.50816,-7.902878154999915],[23.47800035800003,-7.942863332999934],[23.44577535200006,-7.936334596999927],[23.40899032200002,-7.908004763999941],[23.37401522000005,-7.894545936999975],[23.35157488800007,-7.90713184599997],[23.29855458900005,-7.912093308999943],[23.30675060200002,-7.953451622999978],[23.30305228900005,-8.014154011999949],[23.31411678300003,-8.028787697999974],[23.28323111700007,-8.061875547999932],[23.25724740400005,-8.064017062999937],[23.23440457800007,-8.000199918999954],[23.19873096300006,-7.998918452999931],[23.21358159999386,-7.960799499989292],[23.20714779990574,-7.919254300793549],[23.18074399700004,-7.915231846999973],[23.17631698200006,-7.863054129999966],[23.18876632200005,-7.855116248999934],[23.18887743532976,-7.768799861416225],[23.1506634,-7.7765713],[23.1033764,-7.8265229],[23.0839632,-7.874911],[23.0453237,-7.8650486],[22.9842526,-7.8648472],[22.9408589,-7.8883032],[22.8154125,-7.8274839],[22.76546786692718,-7.842704408880295],[22.76307310900006,-7.904686251999976],[22.68494815600008,-7.888473169999941],[22.67156042100004,-7.847760058999938],[22.64740885900005,-7.819682432999969],[22.65371442100007,-7.780659245999971],[22.61253695236046,-7.744379569329386],[22.60327960509902,-7.743923648979175],[22.55983740000005,-7.760976768999967],[22.50823473100007,-7.810665918999973],[22.45406588500003,-7.820756194999944],[22.38120836100006,-7.817930362999959],[22.33452284900005,-7.805278074999933],[22.34851380000003,-7.851251568999942],[22.29113736000005,-7.87118825899995],[22.16509632000003,-7.881365898999945],[22.13217180000004,-7.828476688999956],[22.04250480000007,-7.72170215899996],[22.03346052000006,-7.682579406999935],[22.00240944000006,-7.672058970999956],[21.97001448000003,-7.70334928699998],[21.94093548000006,-7.684015663999958],[21.87342,-7.676378370999942],[21.83422174721706,-7.655572546524498],[21.7757016,-7.7735021],[21.7835646,-7.8290852],[21.7683041,-7.8537634],[21.7761254,-7.9085481],[21.7525059,-7.9448158],[21.7688459,-7.9700142],[21.7744195,-8.0252456],[21.8232518,-8.0702719],[21.8492666,-8.1433646],[21.8842345,-8.1795954],[21.8718696,-8.1951423],[21.8912673,-8.2530821],[21.8927425,-8.2930399],[21.924819,-8.306982],[21.915257,-8.3442035],[21.922676,-8.3970533],[21.948688,-8.4417986],[21.9525397,-8.5038508],[21.9246876,-8.5667787],[21.9314146,-8.592558],[21.9061857,-8.6333876],[21.9125449,-8.6664287],[21.8919593,-8.7000643],[21.8962616,-8.7835989],[21.8772662,-8.8373575],[21.8522519,-8.9492496],[21.8450528,-9.0282852],[21.8345439,-9.0606888],[21.8397421,-9.1305292],[21.8619454,-9.1942556],[21.8586409,-9.2271444],[21.8399459,-9.25131],[21.809755,-9.3294132],[21.8105757,-9.3584095],[21.7908239,-9.4074882],[21.8313897,-9.4638516],[21.8333467,-9.5101938],[21.8646169,-9.5592688],[21.8601966,-9.5944027],[21.8891215,-9.6496141],[21.9350315,-9.7069233],[21.9681823,-9.727341],[21.9757676,-9.7597558],[22.0014042,-9.7618917],[22.0130396,-9.8200514],[22.0376515,-9.8281175],[22.069366,-9.8748925],[22.1287179,-9.8907417],[22.1457016,-9.8861122],[22.191664,-9.9329002],[22.203294,-9.984188],[22.192769,-9.9932063],[22.2142267,-10.0788857],[22.221415,-10.1097554],[22.2151333,-10.1587394],[22.2302556,-10.1747647],[22.2352016,-10.2163794],[22.2747642,-10.2574133],[22.279045,-10.2960403],[22.3015165,-10.3196111],[22.3049015,-10.3520459],[22.3239773,-10.3828626],[22.3190474,-10.4110013],[22.2908896,-10.4574434],[22.2713487,-10.5073995],[22.3072296,-10.5307563],[22.3093774,-10.6170179],[22.3228004,-10.7188054],[22.33427,-10.735488],[22.307489,-10.7795351],[22.2676864,-10.7852459],[22.2089815,-10.8191506],[22.1673375,-10.8637147],[22.191313,-10.923673],[22.203124,-10.930272],[22.216748,-11.044741],[22.217415,-11.112467],[22.248904,-11.13432],[22.26866,-11.180303],[22.25381,-11.212841],[22.249898,-11.26414],[22.270969,-11.263114],[22.344204,-11.202261],[22.34624,-11.182424],[22.438281,-11.177013],[22.502364,-11.111912],[22.488848,-11.06433],[22.524811,-11.042449],[22.577667,-11.028144],[22.627552,-11.046752],[22.646828,-11.079181],[22.697016,-11.096517],[22.709927,-11.113307],[22.773269,-11.118398],[22.799697,-11.09288],[22.851462,-11.064997],[22.884618,-11.065543],[22.906682,-11.086697],[22.984363,-11.093353],[23.040761,-11.090637],[23.080099,-11.113186],[23.151321,-11.081727],[23.196176,-11.108215],[23.237091,-11.071544],[23.255699,-11.071604],[23.298796,-11.021476],[23.397311,-10.960309],[23.428588,-10.946651],[23.514014,-10.94067],[23.597096,-10.986252],[23.646719,-10.982373],[23.668621,-11.003144],[23.723093,-10.998456],[23.741762,-10.985929],[23.778212,-10.994173],[23.862838,-11.035274],[23.886812,-11.011667],[23.897515,-10.976562],[23.961669,-10.935097],[23.967893,-10.911755],[23.999872,-10.889962],[24.0652438,-10.8885306],[24.1324772,-10.9247491],[24.1192205,-10.9464719],[24.1435499,-10.9840737],[24.1440186,-11.0312406],[24.1769041,-11.024173],[24.2558376,-11.0447923],[24.3018957,-11.0413846],[24.3793383,-11.0851206],[24.3912632,-11.1012846],[24.3876788,-11.1585653],[24.4016716,-11.1993373],[24.401644,-11.2646137],[24.3870758,-11.2984749],[24.3414682,-11.3672474],[24.2890358,-11.3775501],[24.3098766,-11.4087412],[24.3442243,-11.4139706],[24.3645017,-11.4006492],[24.4198871,-11.4270295],[24.4385559,-11.4663802],[24.4798501,-11.4587498],[24.5274348,-11.4649461],[24.5372573,-11.4497815],[24.588541,-11.4501951],[24.5914361,-11.4198315],[24.6415213,-11.4010063],[24.6935556,-11.3334624],[24.7355887,-11.3296146],[24.7504973,-11.3030846],[24.8142673,-11.3039826],[24.8636758,-11.291449],[24.872885,-11.2656557],[24.9116323,-11.2745591],[24.9272993,-11.259771],[25.0278243,-11.2450459],[25.0599226,-11.2591462],[25.1195052,-11.2539589],[25.1456424,-11.2372792],[25.2051103,-11.2361329],[25.2991699,-11.1949209],[25.3542338,-11.2008247],[25.3164036,-11.259901],[25.3368854,-11.2754534],[25.2943758,-11.3010006],[25.3130617,-11.3476196],[25.2846317,-11.3521669],[25.2833325,-11.3970281],[25.305916,-11.4333298],[25.3042728,-11.4699754],[25.3218887,-11.5069267],[25.3063039,-11.5650741],[25.3326959,-11.5899376],[25.3319826,-11.6269271],[25.3959755,-11.6547966],[25.4365315,-11.6825133],[25.460274,-11.6759917],[25.484628,-11.6946393],[25.4955232,-11.725308],[25.4868698,-11.7685674],[25.5056703,-11.791291],[25.53262,-11.7876668],[25.5533422,-11.7646971],[25.587145,-11.7544933],[25.5959104,-11.7344903],[25.6557845,-11.7332317],[25.6708429,-11.7756201],[25.7208729,-11.8167948],[25.7804235,-11.8284113],[25.8305746,-11.8297],[25.8539106,-11.8095767],[25.8869431,-11.8082625],[25.8909875,-11.8521529],[25.9267654,-11.8857987],[25.9679757,-11.88244],[25.9937066,-11.9100109],[25.9797751,-11.9478916],[26.047831,-11.936519],[26.1097765,-11.9407671],[26.1855642,-11.9379841],[26.2065698,-11.9208671],[26.25602,-11.9403438],[26.2827314,-11.939905],[26.31726813742711,-11.96186263230325],[26.30547603900004,-11.91657446299996],[26.32200711300004,-11.89062439799994],[26.28848698200005,-11.85287266099994],[26.30223283100003,-11.80693196099998],[26.29247704100004,-11.75934274099995],[26.21457181500006,-11.74339246399995],[26.19843906900007,-11.70417894699995],[26.17119424100002,-11.69560495599995],[26.17162349800003,-11.65731005299995],[26.09870901000005,-11.66582406699996],[26.06205531500007,-11.68774530899998],[25.99447862200003,-11.67137461699997],[25.94027819700005,-11.67664864499994],[25.93261038400004,-11.64670312799996],[25.87971496600005,-11.63385403899997],[25.86332642800005,-11.60932179599996],[25.84517352000006,-11.54872882099994],[25.80455592800007,-11.50532513299993],[25.80286181400004,-11.43262128899994],[25.7824278333017,-11.42329950282914],[25.75814937700005,-11.38649024699993],[25.76370652700007,-11.31706145799996],[25.79599936600005,-11.2609492899999],[25.83781188100005,-11.20942071199994],[25.82919902500004,-11.15260612399993],[25.77971572100006,-11.1226857299999],[25.76420718200006,-11.09085191899993],[25.73363900500004,-11.08655445199997],[25.74357325500006,-11.04413461099995],[25.77236101900007,-11.05256724599997],[25.78451826100007,-11.01101624399996],[25.78427523900007,-10.94956998099997],[25.76914186600004,-10.91830386299995],[25.72384342300006,-10.87194741399998],[25.73602881700003,-10.82915542099994],[25.80972388600003,-10.84444055499995],[25.89182444400006,-10.82800904499993],[25.92603408938115,-10.85299470944893],[25.94833667700004,-10.93221695399995],[25.94388758100007,-10.97084235799997],[25.97723919700007,-10.97006209299997],[26.00397402800007,-10.95226618299995],[26.03768101100007,-10.97861062299995],[26.06622661200004,-10.96162325399996],[26.07154703900005,-10.89390986999996],[26.09636409500007,-10.83581729299993],[26.14024928800006,-10.83209641099995],[26.20852465700005,-10.85022626299997],[26.22688219900004,-10.83508099299996],[26.30420782100003,-10.84528287299997],[26.33936180900002,-10.86245564199993],[26.35208699200007,-10.89178498999996],[26.39022783200005,-10.92482175],[26.3949439340073,-10.95525512901814],[26.41891466100003,-10.91803989299996],[26.46694980900003,-10.91223001599997],[26.51411555700003,-10.89353100799997],[26.54959570700004,-10.89841992499993],[26.56593178500003,-10.88161501399998],[26.56163950200005,-10.81186400499996],[26.59516269200003,-10.76760701099994],[26.58708977500004,-10.74900377399996],[26.50786060400003,-10.69518978199994],[26.45609564300003,-10.68101543799997],[26.43351223000008,-10.64573373099995],[26.46580602300003,-10.61011621899996],[26.45573213100005,-10.56048697899996],[26.47258523400006,-10.50967161299997],[26.50511059400003,-10.49608291599998],[26.57751126600004,-10.49040464299998],[26.66382911900007,-10.49124684499998],[26.69088791600007,-10.50564713799997],[26.81022924500007,-10.53763116899995],[26.84844962300008,-10.52577163999996],[26.88723576000007,-10.53545947],[26.92361434200006,-10.53040991299997],[26.92833034300003,-10.6012689],[26.98044464336499,-10.55759000025319],[27.04370346100006,-10.55106504299994],[27.07313255200006,-10.56338200099998],[27.07704151000007,-10.56177911899994],[27.05257896300003,-10.54102025399993],[27.05991289400004,-10.46984778499996],[27.02094922100002,-10.42404316199998],[27.02987220000006,-10.37050528899994],[27.01172880900003,-10.28454726],[27.02035435500005,-10.22565560099997],[27.07585268600008,-10.20684808799996],[27.07870804000004,-10.14236469499997],[27.10416827300003,-10.10072412699998],[27.06777271400006,-10.07775255699994],[27.06156676100005,-10.01217182799996],[26.98139989800006,-9.995789269999932],[26.96431966900008,-9.975387884999975],[26.90921456000007,-9.959270581999931],[26.87193787500007,-9.983147827999971],[26.83331434000007,-9.981600675999971],[26.81615753300002,-10.01581759199996],[26.74379723006143,-10.00379885906131]],[[25.47262878100003,-10.6876117199999],[25.47563642000006,-10.69183764299993],[25.46463379200003,-10.69179957199998],[25.46474800600004,-10.68835411199996],[25.47262878100003,-10.6876117199999]]]},"properties":{"q101":"ll Lualaba Province","level_1_id":"ymGeqzoPhN3","level_1_name":"République Démocratique du Congo","level_2_id":"dJ3v8xc6ZIK","level_2_name":"ll Lualaba Province","total_population":4131172.630859375,"pop_0_12mo":177351.79370117188,"pop_0_5yo":825860.8364257812,"pop_6_12mo":88675.89685058594,"pop_12_24mo":162127.26068115234,"pop_6_24mo":250803.15753173828,"births_per_year":192355.52462166143,"imr":78.0,"pred_bcg":0.8211971529330995,"pred_bcg_count":205958.83891169511,"pred_rota":0.7365665316753472,"pred_rota_count":184733.21187637822,"pred_var":0.5690840185565192,"pred_var_count":142728.06875482536,"pred_vaa":0.5419367628206733,"pred_vaa_count":135919.4512979536,"pred_polio":0.8081276595406426,"pred_polio_count":202680.96870152676,"pred_pcv":0.7655286231447858,"pred_pcv_count":191996.99586563642,"pred_zerodosepenta":0.2310012931173535,"pred_zerodosepenta_count":57935.853707746865,"pred_zerodoseall":0.1618878580000107,"pred_zerodoseall_count":40601.98595245236}},{"type":"Feature","geometry":{"type":"Polygon","coordinates":[[[13.38125000000014,-5.87375],[13.42615199400007,-5.862035640999977],[13.44315384000004,-5.877818913999931],[13.48009452000002,-5.873448021999934],[13.55115096000003,-5.894588644999942],[13.57458948000004,-5.887044981999964],[13.61917944000004,-5.906802954999932],[13.66282728000004,-5.897350983999956],[13.68512244000004,-5.906308005999961],[13.73773536000004,-5.902825961999952],[13.74712236000005,-5.885525659999928],[13.83866748000003,-5.87558497699996],[13.95181430800005,-5.853694105999978],[14.00720341700003,-5.834639117999927],[14.03681084800007,-5.85346334299993],[14.07634784600003,-5.841211972999929],[14.17985196500007,-5.83943099399994],[14.20447419800007,-5.872091431999934],[14.23877012500003,-5.880742699999928],[14.28404943200007,-5.860900981999976],[14.33099830800006,-5.891204856999934],[14.47149043300004,-5.899460230999978],[14.51552518300002,-5.889698856999928],[14.60548730800002,-5.906752730999926],[14.63177430800005,-5.900470730999928],[14.70536972800005,-5.876393482999958],[14.96502060400007,-5.86346623299994],[15.01749772800002,-5.86777135799997],[15.19884576000004,-5.868341701999952],[15.29538480000002,-5.879888445999939],[15.37983540000005,-5.87868121899993],[15.44789520000006,-5.885783631999971],[15.60404736000004,-5.879279992999955],[15.78081541300003,-5.878474251999933],[16.12308299700004,-5.870238909999955],[16.12178256200002,-5.824907200999974],[16.16592156400003,-5.807894054999963],[16.20387396600006,-5.819553413999927],[16.21586605500005,-5.783003856999926],[16.19433193400005,-5.748739618999934],[16.21588536000007,-5.646353960999932],[16.21235635100004,-5.560167337999928],[16.20081596500006,-5.482358963999957],[16.21116662000003,-5.433698986999957],[16.21925678700006,-5.323648918999936],[16.24898110700008,-5.239650509999933],[16.25196420000003,-5.138293949999934],[16.23601304500005,-5.10640069699997],[16.25266165779741,-5.037211785804208],[16.25246037802905,-5.026601563331932],[16.20792419600002,-5.03555294399996],[16.16374670200003,-5.004461937999963],[16.10854029700005,-4.995225019999964],[16.02488230800003,-4.995796665999933],[16.00029397700007,-4.966603347999978],[15.97120590300017,-4.95129512099993],[15.95004704500008,-4.976395889999935],[15.92091758000015,-4.94890352199991],[15.88870502300006,-4.864608161999968],[15.86225737054268,-4.864497316545523],[15.84389010000007,-4.902185599999882],[15.86573036100015,-4.948322746999906],[15.8515238949044,-5.000389592127704],[15.83066046936619,-5.029824240674248],[15.72531263610654,-5.029317469780949],[15.70399770000006,-4.988416799999868],[15.65455406275288,-4.972826655347524],[15.65228939418017,-4.928771819165547],[15.63980618400018,-4.856950964999953],[15.66631588100006,-4.802876126999877],[15.69309650500003,-4.766397777999941],[15.70219531900005,-4.722373655999888],[15.68317286000007,-4.679938467999932],[15.65816757400006,-4.679187736999893],[15.63669949000013,-4.653318440999954],[15.65235493400019,-4.628533479999874],[15.64911277600032,-4.585034827999948],[15.60439714900025,-4.586390623999932],[15.56193872600022,-4.536255777999827],[15.4792032170003,-4.545119541999838],[15.4414813600003,-4.527975141999832],[15.40540202699998,-4.552922190999936],[15.40819200700008,-4.588080303999959],[15.38542056500035,-4.628531140999939],[15.35235795400058,-4.650945663999835],[15.27113047500035,-4.642412974999843],[15.27018107900028,-4.579953049999858],[15.24283055400042,-4.568951844999901],[15.19282223200008,-4.506220118999977],[15.17668167300036,-4.48433706599991],[15.16155966452101,-4.407147546101555],[15.14736136477563,-4.416914169869926],[15.09666180900012,-4.497316104999925],[15.03614030800003,-4.543679604999909],[14.98145430800002,-4.611739604999912],[14.9202566830001,-4.668118604999904],[14.90216393300005,-4.68978273099998],[14.87219918400007,-4.764585229999966],[14.84520343400004,-4.816511229999946],[14.75375355800003,-4.864315354999974],[14.73563193300004,-4.867570979999925],[14.68756618300006,-4.909699730999932],[14.64271993400007,-4.916065230999948],[14.60831393300003,-4.89965923099993],[14.55429980800005,-4.857145105999962],[14.51075818300006,-4.855320354999947],[14.49593718300002,-4.842135729999939],[14.41579805800006,-4.893584479999959],[14.39916900700007,-4.856460363999929],[14.43042425600004,-4.728513988999964],[14.41160150600007,-4.689451738999935],[14.42161113200007,-4.64447673899997],[14.39291225700003,-4.611799238999936],[14.40113063100006,-4.568620738999925],[14.38312863100003,-4.533399613999961],[14.43327433900004,-4.511273725999956],[14.48143475700005,-4.428966738999975],[14.43771300700007,-4.396256737999977],[14.38741238200004,-4.335445487999948],[14.42353625600003,-4.286603738999929],[14.40978313200003,-4.274576612999965],[14.36077450700003,-4.286256112999979],[14.35710063200003,-4.307131612999967],[14.29823963100006,-4.316050863999976],[14.25590888200003,-4.348982862999947],[14.17310400700006,-4.39236023899997],[14.15097450700006,-4.386146112999938],[14.10503400600004,-4.404496987999948],[14.08397863200003,-4.394260487999929],[14.03570750600005,-4.416848237999943],[14.00082963200003,-4.461257863999947],[13.98012388100005,-4.458797612999945],[13.96319350600004,-4.496104862999971],[13.92393293300006,-4.499231104999978],[13.86865468200006,-4.49417798099995],[13.83793193200006,-4.444634104999977],[13.83366618200006,-4.421448854999937],[13.80208418300003,-4.409368729999926],[13.76321430800004,-4.431290229999945],[13.73357205800005,-4.432919104999939],[13.72008368200005,-4.466398104999939],[13.73002530800005,-4.497028979999925],[13.73265843300004,-4.563771979999956],[13.71727293200007,-4.620268604999978],[13.69516480700003,-4.65088248],[13.72621580800006,-4.68127485499997],[13.68492500800005,-4.72583999099993],[13.66433168200007,-4.756399355999974],[13.63862755700006,-4.728214604999948],[13.60784405800007,-4.803459730999975],[13.57928568200003,-4.800639604999958],[13.52854043200006,-4.754151104999949],[13.49622068200006,-4.781138229999954],[13.50472880700005,-4.827081479999947],[13.47174093300004,-4.850671980999948],[13.41274978900003,-4.873890007999933],[13.38423230700005,-4.847333854999931],[13.37273318000007,-4.798557853999966],[13.30251230700003,-4.782231854999964],[13.25362033100004,-4.735067048999952],[13.23295018200002,-4.679844979999928],[13.20977530700003,-4.66903085499996],[13.14414205700007,-4.599768604999952],[13.10697755600006,-4.593781479999961],[13.09689030700002,-4.623002479999968],[13.10126143200006,-4.681447854999931],[13.05239324400003,-4.677528005999932],[12.93722880700005,-4.725192604999961],[12.87665143200007,-4.733386979999977],[12.83947918200005,-4.755228854999928],[12.81744930700006,-4.782368854999959],[12.77039443100006,-4.871157977999928],[12.73474468100005,-4.901067730999955],[12.71935018200003,-4.95022060499997],[12.67066605600007,-4.961238979999962],[12.64527195400007,-4.945350621999978],[12.60720057800006,-5.021188801999926],[12.55594259400004,-5.037222708999934],[12.53922055600003,-5.063113979999969],[12.47930918100008,-5.069272980999926],[12.48731743200005,-5.115983854999968],[12.51786593100007,-5.131851730999927],[12.53045943100005,-5.141558230999976],[12.54909273100003,-5.254085851999946],[12.52604693200004,-5.257281230999979],[12.52754368100005,-5.291076480999948],[12.52620493100005,-5.592204230999926],[12.52615343100007,-5.739673739999944],[12.27786843100006,-5.737466739999945],[12.21301730500005,-5.749944738999943],[12.19965393100006,-5.7727937399999],[12.22321355500003,-5.811816239999928],[12.29135430500003,-5.894235488999925],[12.33396080600005,-5.926712989999942],[12.36654880600003,-5.976534238999932],[12.39914185000003,-6.008371810999961],[12.45084980600006,-6.081460739999955],[12.66532322700004,-6.012183858999947],[12.72006414600003,-5.991420460999962],[12.73956083300004,-5.970394166999938],[12.79539416700004,-5.968727499999943],[12.85372750000005,-5.922894166999981],[12.96289416700006,-5.903727499999945],[13.03200651400005,-5.859163148999926],[13.09326662200004,-5.866282955999964],[13.10048004900005,-5.878399306999938],[13.11756168100004,-5.899740907999956],[13.15791666600006,-5.87958333399996],[13.21791666700005,-5.862916666999979],[13.27041666700006,-5.869583333999969],[13.32125,-5.897083332999955],[13.35958333400004,-5.907916666999938],[13.38125000000014,-5.87375]]]},"properties":{"q101":"kc Kongo Central Province","level_1_id":"ymGeqzoPhN3","level_1_name":"République Démocratique du Congo","level_2_id":"dKdrd8HqZWz","level_2_name":"kc Kongo Central Province","total_population":5206867.819030762,"pop_0_12mo":187100.89567947388,"pop_0_5yo":855023.5720367432,"pop_6_12mo":93550.44783973694,"pop_12_24mo":166980.66908931732,"pop_6_24mo":260531.11692905423,"births_per_year":192292.8013149783,"imr":27.0,"pred_bcg":0.8197780577826727,"pred_bcg_count":213577.69302805047,"pred_rota":0.799977593959752,"pred_rota_count":208419.0560725516,"pred_var":0.6409943591192613,"pred_var_count":166998.97632656444,"pred_vaa":0.6069224329905166,"pred_vaa_count":158122.17935631837,"pred_polio":0.8707235302140535,"pred_polio_count":226850.57386307645,"pred_pcv":0.8471438954944779,"pred_pcv_count":220707.3452928063,"pred_zerodosepenta":0.1428520011082873,"pred_zerodosepenta_count":37217.39140429258,"pred_zerodoseall":0.0980397098169672,"pred_zerodoseall_count":25542.39510201483}},{"type":"Feature","geometry":{"type":"Polygon","coordinates":[[[26.44038314100004,-9.48620920199994],[26.47996907500004,-9.440562118999935],[26.46513324000006,-9.373194890999969],[26.49034332000008,-9.322515917999965],[26.50224348000006,-9.263979887999938],[26.46917136000008,-9.215485956999942],[26.49794652000003,-9.156261903999962],[26.52535044000007,-9.148069000999953],[26.54742636000003,-9.106859992999944],[26.58895344000007,-9.068362967999974],[26.60771052000007,-9.070395880999968],[26.66006424000005,-9.014502895999954],[26.67880224000004,-8.984132940999928],[26.68008852000003,-8.899105950999967],[26.68919019600003,-8.873410027999967],[26.7318500400001,-8.837239981999915],[26.71109928000016,-8.762655913999879],[26.72247132000018,-8.719993953999904],[26.71200023200009,-8.689800614999967],[26.75311632000017,-8.669468873999904],[26.79701427800018,-8.657978330999981],[26.82967446500004,-8.683006818999957],[26.82727192200014,-8.750497406999898],[26.84032776100008,-8.772491970999965],[26.8872446690001,-8.745711176999919],[26.91729670900008,-8.717030934999968],[26.94667570800004,-8.705768857999942],[26.95500914100006,-8.67760544299989],[27.03711119100012,-8.60897009099989],[27.05104833000013,-8.578120414999944],[27.08511371999998,-8.560600350999891],[27.01200960000017,-8.537905598999942],[26.98499484000018,-8.515053715999898],[26.99098825700003,-8.477388449999978],[27.03634829400011,-8.419991621999941],[27.04589867900012,-8.387837883999907],[27.08759195100015,-8.356477909999967],[27.15586461700008,-8.271847144999924],[27.20111617500015,-8.242701730999897],[27.2132746960001,-8.210670920999974],[27.25232847000007,-8.201265011999965],[27.29474077499998,-8.16726767599988],[27.3539114780001,-8.187583359999905],[27.44922227515821,-8.138847808997127],[27.49702003800007,-8.122453883999924],[27.5560513480001,-8.077128158999926],[27.64133264903199,-8.076658343555323],[27.64427184099998,-8.09568330899998],[27.70258248000016,-8.153458329999921],[27.6988734000002,-8.199637086999928],[27.73626516000013,-8.16947136799996],[27.78160107200029,-8.156139655999937],[27.79160266000002,-8.040367433999961],[27.82599967000033,-7.988004887999921],[27.8534234680003,-7.922305202999894],[27.85307817000012,-7.892082574999961],[27.81619387300003,-7.885715640999933],[27.80460846400001,-7.85668692399986],[27.74792970200019,-7.899279275999959],[27.720946615,-7.892093303999843],[27.70060671700003,-7.853506871999912],[27.70106306100013,-7.816548926999928],[27.6502471350002,-7.780190568999956],[27.61686223000009,-7.769036495999785],[27.62180170800019,-7.734179225999981],[27.60638089600025,-7.705766032999918],[27.64469197700015,-7.654187638999872],[27.61505510200016,-7.583615430999942],[27.58277394700019,-7.547923198999968],[27.49784826000024,-7.519527475999894],[27.44284228800024,-7.5340257899999],[27.44356097200017,-7.506763717999888],[27.41184542300016,-7.497944818999883],[27.36841209500022,-7.512679965999894],[27.35400374700015,-7.538904883999919],[27.28541328500023,-7.541414718999931],[27.25556724100011,-7.498104853999905],[27.22767552000005,-7.495563765999975],[27.22553928100018,-7.559305439999889],[27.21498012100011,-7.614550900999916],[27.13004776900004,-7.624360871999897],[27.0947934460001,-7.641812219999906],[26.92476144000017,-7.641412898999931],[26.83723835100005,-7.62901094599988],[26.82181855900018,-7.592174332999889],[26.84113481400016,-7.572670332999962],[26.78429212600003,-7.520515666999927],[26.76280163900014,-7.505215856999939],[26.70334209400005,-7.514104239999938],[26.66894508400003,-7.500546318999966],[26.63639246800005,-7.506201787999942],[26.60034881300004,-7.484163898999952],[26.56839099200005,-7.480331515999978],[26.49555945300017,-7.432576237999967],[26.44440104100016,-7.406403007999927],[26.37271977800003,-7.386475659999917],[26.35049014200007,-7.355508457999974],[26.35362057900005,-7.324193635999961],[26.38290569400004,-7.25881691],[26.37842143600005,-7.238488043999951],[26.40046484000004,-7.158499176999953],[26.40193926100005,-7.096339796999928],[26.41775542100004,-7.069753487999947],[26.41614179800007,-7.015120916999933],[26.37138091900005,-7.041448319999972],[26.34196649200004,-7.029250723999951],[26.31353999600003,-7.045302429999936],[26.28311699200003,-7.029144018999943],[26.27809303800007,-6.989952525999968],[26.20890474900006,-6.989250412999979],[26.21333217500006,-6.954511250999929],[26.19383130300002,-6.938244064999935],[26.20774444400007,-6.864240669999958],[26.17689473200005,-6.866561833999981],[26.15373097700007,-6.844620823999946],[26.10682078200006,-6.825240353999959],[26.12124031600007,-6.804396274999931],[26.13307705900007,-6.73324004899996],[26.13755041800005,-6.662960733999967],[26.11576126500006,-6.65353354399997],[26.05971717500006,-6.685036687999968],[26.01834072700007,-6.686117518999936],[26.01294411000003,-6.652690850999932],[25.97022129200008,-6.598872468999957],[25.97644976900006,-6.549322571999937],[25.95938413300007,-6.535538331999931],[25.96870241900007,-6.481023094999955],[25.95925786300006,-6.466077224999935],[26.01032238500005,-6.429860131999931],[26.04748004800007,-6.441890686999955],[26.09815949600005,-6.407808733999957],[26.10025342200004,-6.388392331999967],[26.05971692400004,-6.35972458599997],[26.09041197200003,-6.34497192699996],[26.08195409600006,-6.30560956599993],[26.04209116200008,-6.287469023999961],[26.00766438900007,-6.258229551999932],[25.94651758000003,-6.260399356999926],[25.91617773300004,-6.285065076999956],[25.89046374900005,-6.266684741999939],[25.89010682900005,-6.218857575999948],[25.85512875200004,-6.214574545999938],[25.84870420800007,-6.174956521999945],[25.79730785000004,-6.218857575999948],[25.75055144100003,-6.227780554999981],[25.67729146500005,-6.279368103999957],[25.59428734700003,-6.287412643999971],[25.59060671700007,-6.264053034999961],[25.54957291200003,-6.263241637999954],[25.50838444200008,-6.241181654999934],[25.47945693800006,-6.253723397999977],[25.49092298700003,-6.288904091999939],[25.42496075900004,-6.306666290999942],[25.39054780400005,-6.263214714999947],[25.34878416000009,-6.269851384999924],[25.32473075900003,-6.281100991999949],[25.31349970300016,-6.340492338999979],[25.28437510000009,-6.334971989999929],[25.27269790499997,-6.389002534999975],[25.32041293700019,-6.495675084499965],[25.37304661400009,-6.549926794999919],[25.413930171,-6.551781656999935],[25.43440898100016,-6.585996912999917],[25.47107053100007,-6.609273633499868],[25.46950008600004,-6.661312444999908],[25.44630034200003,-6.698075116999917],[25.45399016900012,-6.731681032999973],[25.37694156900005,-6.796666540999979],[25.30454880200006,-6.819466895999881],[25.29781034900003,-6.766489296999907],[25.27168883600007,-6.711462126999947],[25.23829769100013,-6.701053250999962],[25.20498846900017,-6.644167163999839],[25.17433869500007,-6.64766753299989],[25.10713365900006,-6.625224531999947],[25.08734552800013,-6.668353882999895],[25.04118398500032,-6.682868595999935],[24.96976446300027,-6.663633842999957],[24.96445398300017,-6.709285229999864],[24.87715932300006,-6.674993686999869],[24.84872204300012,-6.72922054199995],[24.83677090900017,-6.727933170999961],[24.82397265500009,-6.773926512999878],[24.84320712700014,-6.798214691999874],[24.8232277570001,-6.844245458999978],[24.78227071100025,-6.892014388999939],[24.75359696000004,-6.888706326999966],[24.69903509100004,-6.953982099999962],[24.64833207100008,-6.962126240999964],[24.66077624700017,-7.000279637999938],[24.62174704318466,-7.037537037836501],[24.53740534700006,-6.995072026999878],[24.51320267000011,-7.012476890999892],[24.47606931600023,-7.014024651999875],[24.46336104700009,-7.0446935499999],[24.42171178600006,-7.051290763999873],[24.37282562300004,-7.047248066999884],[24.31391739475015,-6.992837683999937],[24.28584927100013,-7.010255336999933],[24.23271695502302,-7.016892035914452],[24.2317910160001,-6.976842187999864],[24.20895199700021,-6.928978854999912],[24.15110254100011,-6.903832709999904],[24.14653397600006,-7.045020407999971],[24.12384343500003,-7.065731235999976],[24.07013095200006,-7.065311415999929],[24.05108003600003,-7.111042752999936],[24.01804931000004,-7.15787054499998],[23.97520895700006,-7.199516231999951],[23.97862259300009,-7.3085875099999],[23.9688458640001,-7.341755292999964],[24.01211017600012,-7.362496578999931],[23.97922052900006,-7.389551772999907],[23.97500273353655,-7.446041541601516],[23.96182819200007,-7.49067417],[23.92982444200005,-7.529506972999927],[23.92449444900006,-7.569315356999935],[23.94079375700005,-7.597559557999917],[23.92699288400009,-7.641555791999939],[23.93444059600008,-7.674725478999978],[23.92318048900008,-7.730268374999955],[23.96790674100007,-7.812685289999918],[23.95603727600012,-7.862179824999905],[23.91658047600006,-7.872185585999901],[23.92535352700006,-7.903711051999931],[23.82081501800009,-7.920294448999919],[23.81900330300003,-7.98633868199989],[23.7950551650001,-8.006726359999957],[23.79955310500004,-8.041811749999944],[23.74202280700008,-8.052984939999925],[23.6834280283592,-8.08457098216268],[23.69692062300004,-8.137025766999955],[23.67687604400004,-8.187575035999942],[23.69902002200007,-8.258847586999934],[23.68555743200005,-8.328433003999976],[23.65816736100004,-8.430470382999943],[23.63999528700003,-8.444910353999944],[23.63684739000007,-8.497504557999946],[23.65065778200005,-8.52962410999993],[23.68031275700002,-8.555584634999946],[23.67012485700008,-8.586099603999969],[23.68992197300003,-8.632775110999944],[23.66095666000007,-8.674070065999956],[23.66031706100006,-8.712294679999957],[23.68601523766211,-8.769801492358427],[23.72829736759363,-8.782264723302237],[23.78009051300006,-8.772582356999976],[23.81418241837535,-8.784872178999933],[23.84810403700004,-8.76288595899996],[23.90027038800002,-8.756043579999925],[23.98030333600008,-8.780362095999976],[23.98287204000007,-8.806906918999971],[24.02253702200005,-8.840941252999926],[24.073857,-8.88845800599995],[24.11028396000006,-8.909310997999967],[24.10597584000004,-8.936546008999926],[24.21191066000006,-8.954817076999973],[24.25206492000007,-8.984915934999947],[24.266754,-9.045256087999974],[24.31579392000003,-9.088162911999973],[24.33660102100004,-9.125261171999966],[24.40898777100006,-9.166412819999948],[24.39817900055766,-9.205206798026047],[24.35011390202708,-9.220673300675678],[24.32686451600006,-9.269722039999976],[24.26900731400008,-9.27447928],[24.22334412728584,-9.3150126862355],[24.18574787600005,-9.281327767999926],[24.15098104400005,-9.335738019999951],[24.14099725400007,-9.367915939999932],[24.14222903300004,-9.417940748999968],[24.16166188200003,-9.450479457999961],[24.15777860200006,-9.479413703999967],[24.12043630200003,-9.568139671999973],[24.11435110400004,-9.607075426999927],[24.12699080100003,-9.628090825999948],[24.11069625200003,-9.70377672099994],[24.03927435000003,-9.782812897999975],[24.0228274983429,-9.836112799908168],[24.02419808500002,-9.8948950299999],[24.09534222900004,-9.90984984499994],[24.08282800431774,-9.95428639442294],[24.08404628800002,-9.99053032699993],[24.12184816197698,-10.02494912246286],[24.23280011600008,-9.995029621999947],[24.29328988400005,-10.03156007599995],[24.32235383300002,-9.994298784999955],[24.35691277600006,-9.986061505999942],[24.40279443100007,-10.07698448199994],[24.45377870100003,-10.00989645799996],[24.49015324800007,-10.00182047699997],[24.53632035900006,-10.03776104499997],[24.53128532500006,-10.06584860499993],[24.57791322277167,-10.10212109392802],[24.62546392800004,-10.06575256799994],[24.67612802700006,-10.06283803399998],[24.69885188000006,-10.04998894499994],[24.69778112300003,-10.00787248499995],[24.75343315400005,-10.05876870199995],[24.81294451300005,-10.08073769899994],[24.83922366100006,-10.06494569199998],[24.84001364200003,-10.03737249799997],[24.88354307500003,-10.05916024799996],[24.91482029800005,-10.11969347299993],[24.97272686200006,-10.11489648],[24.99442754600005,-10.08982647899995],[25.05666282500005,-10.06447094299995],[25.05052899365833,-10.04505048767795],[25.04665792600002,-10.00270433699995],[25.08568857100005,-9.976041480999982],[25.12813858100003,-9.97950405399996],[25.16490933600005,-9.925009375999934],[25.24052673900007,-9.894244962999949],[25.29415571000004,-9.928268487999958],[25.30043748700007,-9.955108807999977],[25.43056465700005,-9.976286010999956],[25.44335664000005,-9.986907924999969],[25.48564784800004,-9.972181483999975],[25.48777984400004,-9.949490943999933],[25.51854151600003,-9.934414678999929],[25.52874464500007,-9.900607297999954],[25.56575002200003,-9.877459899999963],[25.56194288500006,-9.84456623099993],[25.53145392100004,-9.76345528],[25.53893715900006,-9.736517096999933],[25.51322813100006,-9.710447273999932],[25.52176169600006,-9.676395045999925],[25.48516134800008,-9.541808198999945],[25.49726827000006,-9.484258851999925],[25.58774468156779,-9.510474735215801],[25.62117956000003,-9.488806629999942],[25.69994410000004,-9.569409590999953],[25.75185376800005,-9.605106027999966],[25.82078088900005,-9.632875095999964],[25.84196290600005,-9.657113162999963],[25.91208793300007,-9.700673561999963],[25.94791102200003,-9.703897255999948],[26.03549412000007,-9.687486312999965],[26.03260908000004,-9.725010699999928],[26.19225792000003,-9.705663957999946],[26.20692722900003,-9.71646498399997],[26.33070979400003,-9.595414579999954],[26.40213255200007,-9.517482792999942],[26.44038314100004,-9.48620920199994]]]},"properties":{"q101":"hl Haut Lomami Province","level_1_id":"ymGeqzoPhN3","level_1_name":"République Démocratique du Congo","level_2_id":"fEKDiQIuqeE","level_2_name":"hl Haut Lomami Province","total_population":4225939.943359375,"pop_0_12mo":181542.65283203125,"pop_0_5yo":845376.6032714844,"pop_6_12mo":90771.32641601562,"pop_12_24mo":165958.48760986328,"pop_6_24mo":256729.8140258789,"births_per_year":196262.32738597973,"imr":75.0,"pred_bcg":0.7996711007327777,"pred_bcg_count":205299.4129729959,"pred_rota":0.7953491297557208,"pred_rota_count":204189.83416783082,"pred_var":0.6387777412715071,"pred_var_count":163993.290720505,"pred_vaa":0.5992563153340862,"pred_vaa_count":153846.9623895534,"pred_polio":0.8325310340126646,"pred_polio_count":213735.53753284406,"pred_pcv":0.8113703744863793,"pred_pcv_count":208302.96534799587,"pred_zerodosepenta":0.1823764543284793,"pred_zerodosepenta_count":46821.473202449684,"pred_zerodoseall":0.1345041773049614,"pred_zerodoseall_count":34531.23242520658}},{"type":"Feature","geometry":{"type":"Polygon","coordinates":[[[23.72326906400008,-5.772254184999952],[23.73495552900005,-5.701918269999965],[23.72372445109571,-5.686343491169171],[23.63083955000008,-5.682964351999942],[23.61235599200006,-5.667551912999954],[23.57887739500006,-5.696586597999953],[23.51533934800005,-5.684916849999979],[23.46976850000001,-5.754827199999976],[23.4162673,-5.7666714],[23.36939107355404,-5.730181552425795],[23.32407680000003,-5.7327458],[23.30491360000008,-5.749247299999922],[23.1081833000001,-5.728688899999953],[23.07635170100012,-5.731059599999952],[23.06824830036596,-5.748817800066298],[23.0687208,-5.7489034],[23.0504594930001,-5.774461278999979],[22.96365850100009,-5.782121699999941],[22.9619384,-5.818769599999988],[22.94593212742001,-5.84209014039152],[22.98385132512711,-5.871825886813037],[22.9925504000002,-5.892590299999881],[22.95245640000036,-5.957509499999901],[22.97988100000026,-6.028049499999895],[22.95805240000016,-6.045493],[22.96196540000011,-6.072282299999927],[23.01104953600009,-6.106564643999889],[23.01235690000004,-6.172615699999938],[23.04902594635003,-6.176507213946175],[23.0692085000002,-6.215230299999975],[23.06302370000002,-6.256067299999915],[23.03382211032674,-6.276338004299566],[23.05415490000003,-6.342895800000038],[23.09223440000005,-6.362239899999905],[23.14572990000011,-6.361617499999909],[23.14808240000008,-6.418487199999959],[23.12090263400006,-6.443632735999927],[23.09591829400006,-6.513350942999978],[23.10226795200003,-6.548390200999961],[23.15796962100006,-6.560739779999949],[23.20682940000006,-6.595251299999973],[23.24652370000007,-6.592512199999931],[23.31717480000003,-6.540245499999969],[23.34590060000005,-6.546530299999972],[23.36650130000004,-6.5291],[23.39376320000002,-6.547958499999936],[23.44720849200007,-6.538905879999959],[23.44111752100002,-6.575994357999946],[23.41844492400003,-6.59004762099994],[23.44111618200003,-6.646868801999972],[23.48352738500006,-6.688462798999979],[23.55590135800003,-6.720816339999942],[23.58276636100004,-6.773089145999961],[23.63924808800004,-6.746527009999966],[23.73866522900005,-6.744942244999947],[23.73007220000005,-6.722445199999981],[23.76830883400004,-6.675093398999934],[23.75094171900002,-6.633452625999951],[23.74993044900003,-6.587469542999941],[23.77116099300002,-6.569711491999954],[23.78154734700007,-6.504477764999933],[23.81006995400003,-6.436575105999964],[23.79876040100004,-6.410964798999942],[23.84388016600008,-6.366702398999962],[23.85524549200005,-6.397103480999931],[23.90790573700008,-6.390596496999933],[23.90949818500007,-6.406534680999926],[23.91898670300003,-6.414357047999943],[23.99760018200004,-6.397475466999936],[24.01546212200003,-6.400876232999963],[24.06184119400007,-6.379407733999926],[24.03806260100004,-6.334341150999933],[24.01821247400005,-6.322807434999959],[23.99101241000005,-6.237134474999948],[23.99177078400004,-6.184205488999964],[23.96411611000008,-6.092657891999977],[23.92749898200003,-6.065095206999956],[23.92471897800004,-6.031198891999964],[23.93828321100005,-5.987590359999956],[23.99853663300007,-5.932539515999963],[23.96048010000004,-5.871725],[23.95457595600004,-5.824548948999961],[23.9340862,-5.8499464],[23.9006281,-5.8327724],[23.8694012,-5.7967171],[23.8710679,-5.7800505],[23.8354786,-5.7467395],[23.7969848,-5.7557757],[23.7657674,-5.7824876],[23.72326906400008,-5.772254184999952]]]},"properties":{"q101":"ke Kasai Oriental Province","level_1_id":"ymGeqzoPhN3","level_1_name":"République Démocratique du Congo","level_2_id":"fgHCmGhaP2X","level_2_name":"ke Kasai Oriental Province","total_population":3490932.32421875,"pop_0_12mo":143926.1630859375,"pop_0_5yo":670210.5849609375,"pop_6_12mo":71963.08154296875,"pop_12_24mo":131571.10546875,"pop_6_24mo":203534.18701171875,"births_per_year":151501.22430098685,"imr":50.0,"pred_bcg":0.7233008149359511,"pred_bcg_count":147216.44333290245,"pred_rota":0.7403694564439711,"pred_rota_count":150690.49540563178,"pred_var":0.4861221683052451,"pred_var_count":98942.48031438197,"pred_vaa":0.4775278358552662,"pred_vaa_count":97193.23984626708,"pred_polio":0.8049574358380464,"pred_polio_count":163836.35728233453,"pred_pcv":0.7822125837556382,"pred_pcv_count":159207.0023050398,"pred_zerodosepenta":0.2149161992442393,"pred_zerodosepenta_count":43742.79388882481,"pred_zerodoseall":0.1496403109979384,"pred_zerodoseall_count":30456.919043146147}},{"type":"Feature","geometry":{"type":"Polygon","coordinates":[[[26.78429212600003,-7.520515666999927],[26.84113481400016,-7.572670332999962],[26.82181855900018,-7.592174332999889],[26.83723835100005,-7.62901094599988],[26.92476144000017,-7.641412898999931],[27.0947934460001,-7.641812219999906],[27.13004776900004,-7.624360871999897],[27.21498012100011,-7.614550900999916],[27.22553928100018,-7.559305439999889],[27.22767552000005,-7.495563765999975],[27.25556724100011,-7.498104853999905],[27.28541328500023,-7.541414718999931],[27.35400374700015,-7.538904883999919],[27.36841209500022,-7.512679965999894],[27.41184542300016,-7.497944818999883],[27.44356097200017,-7.506763717999888],[27.44284228800024,-7.5340257899999],[27.49784826000024,-7.519527475999894],[27.58277394700019,-7.547923198999968],[27.61505510200016,-7.583615430999942],[27.64469197700015,-7.654187638999872],[27.60638089600025,-7.705766032999918],[27.62180170800019,-7.734179225999981],[27.61686223000009,-7.769036495999785],[27.6502471350002,-7.780190568999956],[27.70106306100013,-7.816548926999928],[27.70060671700003,-7.853506871999912],[27.720946615,-7.892093303999843],[27.74792970200019,-7.899279275999959],[27.80460846400001,-7.85668692399986],[27.81619387300003,-7.885715640999933],[27.85307817000012,-7.892082574999961],[27.8534234680003,-7.922305202999894],[27.82599967000033,-7.988004887999921],[27.79160266000002,-8.040367433999961],[27.78160107200029,-8.156139655999937],[27.83107869100002,-8.170535732999838],[27.86244809800019,-8.154059897999957],[27.89674537900015,-8.179907124999943],[27.91459787000031,-8.217332544999977],[27.95021203900018,-8.24282558099992],[27.98608591900029,-8.250466111999913],[27.99243374200012,-8.288868615999888],[27.97853423100003,-8.318586969999956],[27.98629354000013,-8.358016094999812],[28.03368201400014,-8.39022861049989],[28.10811950100003,-8.359997423999971],[28.13841772400019,-8.376268577499786],[28.16245813300009,-8.361261941999885],[28.25461370100021,-8.223244216499836],[28.32915828800009,-8.246908677499789],[28.3575175630001,-8.241592606999973],[28.37833742500004,-8.211865630499972],[28.45082221186556,-8.162035662977246],[28.42769389200004,-8.085701184999834],[28.44329169100018,-8.041788776999908],[28.47954423500016,-8.012582324999869],[28.51200725900014,-7.970181368999931],[28.54650944400015,-7.952930276999894],[28.54571428700035,-7.914094806999969],[28.51312949900012,-7.895098513999926],[28.51008854800011,-7.875006345999793],[28.46929047900016,-7.880360577999966],[28.41035966400023,-7.854149043999939],[28.40104534100004,-7.806026927999937],[28.37363633000035,-7.797058738999965],[28.42593387000005,-7.744334857999945],[28.46724947500002,-7.669750848999911],[28.47911359673788,-7.661086627502129],[28.48795021200016,-7.611761632999958],[28.55800412100007,-7.637447081999767],[28.61203473400013,-7.631752060999872],[28.67601165100018,-7.677415090999887],[28.69187161600013,-7.734372808999922],[28.72137693200034,-7.764829909999946],[28.72570496800017,-7.788112935999891],[28.68643901100012,-7.880717575999938],[28.64209682400008,-7.903347391999944],[28.78485602900003,-7.928037925999945],[28.81743815300007,-7.910956934999945],[28.86223583000003,-7.927112642999873],[28.90939824100008,-7.823368318999826],[28.95804038700021,-7.863895647999925],[28.95260430900004,-7.901176125999712],[29.00618928200015,-7.880440768999904],[29.05157492300003,-7.887252670999885],[29.0792844730002,-7.866998236999962],[29.11522424800035,-7.868362460999947],[29.17883606300052,-7.823323784999957],[29.22355302500006,-7.776440861999902],[29.24688738300023,-7.739131269999916],[29.270290317,-7.726837163999903],[29.31525314700019,-7.734774056999925],[29.35930572700022,-7.75736877099996],[29.41332760800009,-7.743890626999871],[29.44199621669242,-7.768167543538368],[29.50005506100007,-7.779113065999979],[29.53051215699996,-7.802907651999925],[29.60509056100005,-7.830922485999963],[29.62437695100018,-7.866961915999872],[29.66468459200009,-7.890087263999858],[29.68469110000018,-7.944757759999711],[29.71669485100006,-7.95534636199992],[29.74222011899855,-8.00322777704072],[29.71193592800005,-8.060399564999916],[29.68147882800035,-8.085145959999936],[29.67806013000011,-8.131068034999824],[29.6634065540002,-8.183551773999971],[29.64347136400009,-8.197999780999957],[29.59097795300023,-8.1672431649999],[29.56891219900024,-8.200981646999878],[29.56134630800011,-8.267646236999951],[29.60696698800001,-8.281693141999938],[29.57996243400032,-8.342489630999978],[29.54825816600004,-8.350630654999975],[29.62907076400006,-8.411296529999959],[29.63653724400007,-8.361872895999966],[29.65961801500004,-8.372818416999962],[29.66961175100005,-8.406844708999927],[29.66247336900005,-8.44943706099997],[29.77002500500004,-8.45062679199998],[29.88630290700007,-8.447371688999965],[30.02240807700008,-8.450702933999935],[30.07665978700004,-8.44832347299996],[30.43094824400004,-8.449924564999947],[30.45283928600003,-8.445927069999925],[30.47149426000004,-8.365977180999948],[30.54363951800008,-8.316574810999953],[30.58284145000005,-8.230550470999958],[30.57136293000008,-8.2108199799999],[30.59274952500004,-8.158881103999931],[30.54591297700006,-8.105901758999948],[30.52471673800005,-8.062005461999945],[30.48114404800003,-8.02517140499998],[30.42379675300003,-7.959740605999968],[30.37756287500002,-7.942060258999959],[30.35558807700005,-7.899481231999971],[30.30559110700005,-7.882924446999937],[30.27482943400003,-7.835525583999981],[30.27113651100007,-7.768139247999954],[30.26131409600004,-7.737149147999958],[30.23854741300005,-7.725118592999934],[30.21622997200006,-7.659073321999927],[30.19529071500006,-7.630472199999929],[30.21761006000003,-7.556708908999951],[30.21781809000004,-7.482007074999956],[30.19404251500004,-7.431162751999977],[30.18437238500007,-7.367050554999935],[30.14426532300007,-7.326374168999962],[30.12294535100006,-7.246119707999981],[30.09256439400008,-7.20972347299994],[30.01033960800004,-7.147546594999937],[29.98868080300008,-7.116324259999942],[29.94058523400003,-7.092282185999977],[29.82710165800006,-7.071707150999941],[29.77436804300004,-7.041027333999978],[29.74242671300004,-7.002185295999936],[29.71592967500004,-6.951619566999966],[29.66754799400007,-6.90904317199994],[29.64272545600005,-6.832824276999929],[29.54947709600003,-6.775231089999977],[29.53325869000003,-6.731281492999926],[29.49886881500004,-6.703061084999945],[29.48341687200008,-6.603688372999954],[29.49768460000007,-6.560181026999942],[29.46511101500005,-6.519204993999949],[29.43255998900003,-6.499217520999935],[29.41257192700004,-6.409686400999931],[29.37437309400008,-6.341823230999978],[29.37385489200005,-6.317027326999948],[29.34303559200004,-6.267160503999946],[29.34084228100005,-6.213906478999945],[29.30488331200007,-6.182362823999938],[29.27481403300004,-6.115795713999944],[29.24183901900005,-6.106131645999938],[29.20974349700003,-6.066322788999969],[29.19629303200003,-6.001690139999937],[29.19675611500003,-5.917053513999974],[29.27152543300008,-5.869510996999963],[29.33427226200007,-5.818168739999976],[29.36063156400007,-5.731614399999955],[29.34522255200005,-5.659855367999967],[29.35972105000008,-5.623783324999977],[29.38881894800005,-5.681265208999946],[29.42147041800007,-5.661983755999927],[29.41070970200008,-5.635459705999949],[29.36021995500005,-5.588659285999938],[29.33057207200005,-5.517045904999975],[29.28691974900005,-5.464224620999971],[29.19338794800007,-5.2923738],[29.15921385200005,-5.24801161399995],[29.13772097500004,-5.168361535999964],[29.13971972100006,-5.143262980999964],[29.10657527000006,-5.08785814],[29.12245065300004,-5.026673440999957],[29.12180520000006,-4.996315099999959],[29.11450119599998,-5.000797735999917],[28.9716579860001,-5.009214406999841],[28.80351450900023,-5.010333578999951],[28.44123089000004,-5.018905643999972],[28.41402110249407,-5.027014587192062],[28.37987994000019,-5.015513070999873],[28.30294699500007,-5.019078648999937],[28.16748334700003,-4.963174694999964],[28.11547343100005,-4.986665164999977],[28.04908646800004,-4.996420954999962],[27.92050240600003,-5.05994887199995],[27.87121713800008,-5.073282690999974],[27.81660784300004,-5.065858211999966],[27.74736248300007,-5.068334844999981],[27.71073578600004,-5.109040205999975],[27.66670677000008,-5.11582705],[27.61322029400003,-5.092238977999955],[27.61564249500003,-5.066473172999963],[27.57117263641158,-5.053594716982745],[27.53674128100005,-5.000052898999968],[27.49596017400006,-4.99655033199997],[27.50299398300007,-5.047170333999929],[27.40731005900005,-4.988764625999977],[27.37756870000004,-4.998396683999943],[27.32904776300006,-4.995861576999971],[27.27635383400008,-5.033810408999955],[27.22261642000007,-5.008762330999957],[27.20709459400007,-5.029923198999938],[27.16689703400004,-5.040331637999941],[27.12647572100008,-5.023385320999978],[27.09967347200006,-4.996735357999967],[27.06681770000006,-4.999154399999952],[27.008065,-4.982650599999943],[26.96708838510049,-4.957287945593969],[26.95462550499855,-4.966355430348415],[26.95207880000004,-4.998521],[26.87844229468933,-4.981595967848523],[26.80431003900003,-5.014562599999977],[26.76205119700006,-4.988790768999934],[26.71376527000007,-5.01179349399996],[26.68776891600004,-4.964756308999938],[26.58113637600007,-4.976357628999949],[26.56718678500005,-4.994556538999973],[26.52682795400005,-4.974559549999981],[26.50965180000003,-4.99240190699993],[26.43842830000006,-4.988658],[26.33985024000003,-5.021645745999933],[26.29252751900003,-5.00984362],[26.28075686333352,-4.992289742999844],[26.25998713300004,-5.038590138499956],[26.2320888210001,-5.055619823999848],[26.20150145700006,-5.096346223999888],[26.20438438800034,-5.210486724499788],[26.18090167000014,-5.249153305999812],[26.14789351300011,-5.269854727499784],[26.11562308100011,-5.343264649499924],[26.12902420650022,-5.378594885999898],[26.12780592200006,-5.476819035999933],[26.14592789700003,-5.484890167999946],[26.15929095100005,-5.5328601009999],[26.11970378100006,-5.569380180999933],[26.12734528400006,-5.631881978999957],[26.10238949700005,-5.687104509999926],[26.10280066800004,-5.73263026099994],[26.13685271200006,-5.781804911999927],[26.18071093700007,-5.774647493999964],[26.21882595800002,-5.784934979999946],[26.19675833200006,-5.797070684999937],[26.17984943500005,-5.83273655499994],[26.17661336900005,-5.87737524299996],[26.14043240100006,-5.841493021999952],[26.11273547500008,-5.843036436999967],[26.10103875900006,-5.872766015999957],[26.11962019300006,-5.940018643999963],[26.15434128700002,-5.961091150999948],[26.13672954700007,-6.020466],[26.13958042800004,-6.067720895999969],[26.15502583200004,-6.078191895999964],[26.15319967500005,-6.120382458999927],[26.21043735000006,-6.155706345999931],[26.24341877400008,-6.238563746999944],[26.18479418700002,-6.251820102999943],[26.14067585800007,-6.233773661999976],[26.08195409600006,-6.30560956599993],[26.09041197200003,-6.34497192699996],[26.05971692400004,-6.35972458599997],[26.10025342200004,-6.388392331999967],[26.09815949600005,-6.407808733999957],[26.04748004800007,-6.441890686999955],[26.01032238500005,-6.429860131999931],[25.95925786300006,-6.466077224999935],[25.96870241900007,-6.481023094999955],[25.95938413300007,-6.535538331999931],[25.97644976900006,-6.549322571999937],[25.97022129200008,-6.598872468999957],[26.01294411000003,-6.652690850999932],[26.01834072700007,-6.686117518999936],[26.05971717500006,-6.685036687999968],[26.11576126500006,-6.65353354399997],[26.13755041800005,-6.662960733999967],[26.13307705900007,-6.73324004899996],[26.12124031600007,-6.804396274999931],[26.10682078200006,-6.825240353999959],[26.15373097700007,-6.844620823999946],[26.17689473200005,-6.866561833999981],[26.20774444400007,-6.864240669999958],[26.19383130300002,-6.938244064999935],[26.21333217500006,-6.954511250999929],[26.20890474900006,-6.989250412999979],[26.27809303800007,-6.989952525999968],[26.28311699200003,-7.029144018999943],[26.31353999600003,-7.045302429999936],[26.34196649200004,-7.029250723999951],[26.37138091900005,-7.041448319999972],[26.41614179800007,-7.015120916999933],[26.41775542100004,-7.069753487999947],[26.40193926100005,-7.096339796999928],[26.40046484000004,-7.158499176999953],[26.37842143600005,-7.238488043999951],[26.38290569400004,-7.25881691],[26.35362057900005,-7.324193635999961],[26.35049014200007,-7.355508457999974],[26.37271977800003,-7.386475659999917],[26.44440104100016,-7.406403007999927],[26.49555945300017,-7.432576237999967],[26.56839099200005,-7.480331515999978],[26.60034881300004,-7.484163898999952],[26.63639246800005,-7.506201787999942],[26.66894508400003,-7.500546318999966],[26.70334209400005,-7.514104239999938],[26.76280163900014,-7.505215856999939],[26.78429212600003,-7.520515666999927]]]},"properties":{"q101":"tn Tanganyika Province","level_1_id":"ymGeqzoPhN3","level_1_name":"République Démocratique du Congo","level_2_id":"hyvduSNKvfe","level_2_name":"tn Tanganyika Province","total_population":4257989.953125,"pop_0_12mo":182585.2470703125,"pop_0_5yo":850231.6953125,"pop_6_12mo":91292.62353515624,"pop_12_24mo":166911.61206054688,"pop_6_24mo":258204.23559570312,"births_per_year":191389.14787244497,"imr":46.0,"pred_bcg":0.8010183639304298,"pred_bcg_count":206826.33435677737,"pred_rota":0.8294120853720004,"pred_rota_count":214157.71349731542,"pred_var":0.5604381389131661,"pred_var_count":144707.50125675253,"pred_vaa":0.5448585530328812,"pred_vaa_count":140684.78619363595,"pred_polio":0.884167241266277,"pred_polio_count":228295.72666992067,"pred_pcv":0.8727783453104793,"pred_pcv_count":225355.06549537493,"pred_zerodosepenta":0.121391002509009,"pred_zerodosepenta_count":31343.67101103475,"pred_zerodoseall":0.0612089147263795,"pred_zerodoseall_count":15804.401038567396}},{"type":"Feature","geometry":{"type":"Polygon","coordinates":[[[22.8233535,3.534992],[22.8418031,3.5540097],[22.9335596,3.5655352],[22.9950529,3.580777],[23.0368097,3.5994244],[23.0566752,3.6325592],[23.0912262,3.6393285],[23.1232828,3.6962005],[23.1907564,3.73101],[23.2106698,3.7530592],[23.248972,3.7691325],[23.2535184,3.8458562],[23.2075497,3.8684706],[23.1780239,3.8511721],[23.0935665,3.8792605],[23.0662724,3.8621336],[23.0154064,3.8735793],[22.9734036,3.8724526],[22.8981295,3.8445994],[22.8632822,3.8474255],[22.844467,3.8659994],[22.81397,3.8559201],[22.7823868,3.8852731],[22.7980404,3.908064],[22.8094579,3.9650545],[22.8370453,3.9871492],[22.8118538,4.0188942],[22.7607635,4.0430641],[22.7474993,4.073664],[22.6890387,4.0870718],[22.67350560000006,4.122212929000057],[22.64845968000003,4.113733894000063],[22.62289400492095,4.128900499334268],[22.58634364763465,4.12196589608366],[22.54688352000005,4.136264757000049],[22.4966556,4.1102614],[22.443443,4.1158734],[22.4334008,4.1281155],[22.3476163,4.1251777],[22.26074356811793,4.116021653016198],[22.1649199,4.1548449],[22.130388,4.193526],[22.088489,4.2179038],[22.0451941724484,4.221436883495818],[21.9965433,4.2455916],[21.9656196,4.2397664],[21.8590045,4.2467352],[21.8094641,4.2869005],[21.7652775,4.2941817],[21.7371761,4.3120514],[21.70787676567037,4.299140247849204],[21.648446,4.3122894],[21.626317,4.2921592],[21.5821066,4.2750984],[21.5584072,4.2530646],[21.47735674127259,4.265143009117177],[21.4288813,4.2930221],[21.36908882493862,4.281651338880371],[21.33751,4.2970831],[21.2819703,4.3447947],[21.2565487,4.3385824],[21.226401,4.2928968],[21.1759564,4.3058173],[21.11630165908196,4.339777779083333],[21.10269484151926,4.3666105979617],[21.0766377,4.4001391],[21.0206014,4.4157721],[20.9482955,4.446182],[20.8986057,4.4429698],[20.8413871,4.4543131],[20.7969172,4.4229934],[20.7096839,4.4331322],[20.6587895,4.4176731],[20.59205497089145,4.413538265614513],[20.52471949948964,4.454248560935659],[20.45000016,4.559347167079738],[20.4640202,4.5960011],[20.4596084,4.6214697],[20.40500015900022,4.677000035000219],[20.3856089,4.7335719],[20.3520183,4.7666611],[20.2783197,4.7786936],[20.2270816,4.8144901],[20.193597,4.875321],[20.1728163,4.8919773],[20.0997193,4.9054926],[20.06799984000003,4.924000068000055],[20.02396202100005,4.96586704300006],[19.9599656,4.9825237],[19.9134551,4.9826189],[19.88443684977596,5.006563184698297],[19.854032,5.0672325],[19.8196885,5.1073224],[19.7214326,5.1266675],[19.679673,5.146298],[19.6128366,5.1300688],[19.5784455,5.146228],[19.5286566,5.149739],[19.4907967,5.1254579],[19.4371584,5.1323954],[19.3707027,5.0966506],[19.3569105,5.0712843],[19.283773,5.0279106],[19.2492127,5.0178851],[19.2232395,4.9952115],[19.2074611,4.9526562],[19.18019432284585,4.939778777154153],[19.13612556500004,4.940607071000159],[19.09791564900007,4.922176838000155],[19.07651519800015,4.894876957000065],[19.05939865100015,4.843896865999966],[19.01814234444231,4.783018016930421],[19.01969386772773,4.76825588645385],[19.11414348000011,4.766318014000149],[19.12458815600013,4.734669093000093],[19.18953720000019,4.690271022],[19.2757813880001,4.690524836000066],[19.39258633269953,4.741330932699534],[19.36881818800015,4.720365653000215],[19.3514209,4.68131852800019],[19.32329543800017,4.673489778000089],[19.33016436000008,4.646460099000194],[19.3580571600001,4.633641138000087],[19.39218948000013,4.637691043000245],[19.42089120000014,4.677591004000135],[19.45851120000009,4.677532984000152],[19.47503124000025,4.655611120000174],[19.47404340000026,4.619002004000151],[19.51235028000019,4.597080993000134],[19.51856640000011,4.573208095000211],[19.41912250100023,4.352512696000133],[19.35702720000012,4.197416109000187],[19.33430147999997,4.157806148000077],[19.30766831303907,4.08565793873543],[19.27237570863897,4.078176600271515],[19.2664242000003,4.033451078000269],[19.30501944000031,4.00417509100032],[19.32700716000022,4.005565032000277],[19.38090744000021,3.959185999000226],[19.38852540000028,3.932794990000218],[19.41802019900024,3.896280148000187],[19.43234424000036,3.949840041000186],[19.45626444000027,3.941809048000323],[19.4705812800002,3.974650106000297],[19.46969028000024,4.015387140000257],[19.52894844000008,4.046863032000203],[19.59619932000032,4.059773007000331],[19.65169944000019,4.078770035000048],[19.68652944000024,4.079824033000079],[19.70374320000025,4.055372087000194],[19.75438332000033,4.079145038000263],[19.7930624400002,4.08483801400024],[19.89380016000024,4.073666130000106],[19.91917429100016,4.057809242000133],[19.90287216000013,4.037847086],[19.88787636000012,3.979685060000179],[19.93594031892164,3.917786984139537],[19.98078048000008,3.882266758000128],[20.09353356000003,3.843679757000189],[20.14669044,3.809622007000087],[20.20272048000004,3.797281057000021],[20.21832428866117,3.771421028772612],[20.18306692900006,3.756012138000187],[20.14126416000011,3.732222025000112],[20.13400439999998,3.655035101000124],[20.1499631982778,3.639539096672288],[20.1112743600001,3.567106086000024],[20.13850620000017,3.523178123000093],[20.20916664000009,3.476487712000051],[20.22256296000006,3.44163131200014],[20.20909427986775,3.401422294264517],[20.2274363,3.3525571],[20.2726746,3.319435],[20.2822592,3.2952047],[20.2844056,3.1890408],[20.2284716,3.1400377],[20.1745609,3.0351519],[20.2090889,2.9506945],[20.22210036000007,2.926722073000064],[20.33704908000004,2.841890645000035],[20.38231116000003,2.816828031000057],[20.52275232429338,2.96887626540703],[20.6752284,3.1395443],[20.7246274,3.1819397],[20.72981913134878,3.197836910164964],[20.73545557300019,3.190244212000209],[20.79472536000009,3.24740105900014],[20.85028076171892,3.180480957031477],[20.88405176788999,3.167411128828774],[20.90749459097418,3.126074925932528],[20.9431314000002,3.096713458000124],[20.98253088000018,3.110224952000237],[21.03332519531261,3.06427001953125],[21.0521240234375,2.999877929687557],[21.13153076171903,2.931274414062784],[21.14788818359398,2.9290771484375],[21.15612792968773,3.076904296875227],[21.17028808593761,3.163330078125057],[21.20437833116114,3.145527372939284],[21.2219272800001,3.121336107000047],[21.26440800000046,3.10627561400031],[21.28981824000044,3.079560998000261],[21.36878424000031,3.026365147000377],[21.43469015700043,3.001134029000298],[21.46853016000017,2.950085991000208],[21.5245632780003,2.927759165000111],[21.57536736200024,2.928863117000162],[21.59220132000024,2.913348130000145],[21.6470771970001,2.920464139000103],[21.68325827700022,2.918221022000239],[21.74037047600012,2.932254048000118],[21.78457024800008,2.928919066000049],[21.82731623500024,2.906928126000082],[21.87317843600016,2.895776057000035],[21.96463239600018,2.908676915000228],[22.00243932000018,2.903210062000085],[22.11657336700011,2.944344273000127],[22.18579631400024,2.962349131000224],[22.23849347500044,2.986901094000302],[22.28329835200026,2.995282106000275],[22.35468527300037,3.031930989000273],[22.40175023200015,3.012242084000206],[22.4622701900002,2.999779004000175],[22.4864541190002,2.978543105000199],[22.50885419100013,3.016216070000212],[22.52141927100024,3.085813147000181],[22.55732927100019,3.123810055000092],[22.55590943100009,3.170488410000246],[22.62496823000015,3.314917357000127],[22.6157121,3.3346307],[22.6131142,3.3596571],[22.6814976,3.4450396],[22.7052806,3.4525414],[22.7468408,3.4897921],[22.786871,3.50395],[22.8233535,3.534992]]]},"properties":{"q101":"nu Nord Ubangi Province","level_1_id":"ymGeqzoPhN3","level_1_name":"République Démocratique du Congo","level_2_id":"iu4Zj3Zq39m","level_2_name":"nu Nord Ubangi Province","total_population":1831219.546875,"pop_0_12mo":66577.20227050781,"pop_0_5yo":310020.4936523437,"pop_6_12mo":33288.601135253906,"pop_12_24mo":60860.82284545898,"pop_6_24mo":94149.42398071288,"births_per_year":69496.03577297267,"imr":42.0,"pred_bcg":0.7895025828652097,"pred_bcg_count":74331.21340804452,"pred_rota":0.8408231829213746,"pred_rota_count":79163.01834167699,"pred_var":0.5507477318329675,"pred_var_count":51852.58171075802,"pred_vaa":0.5182353652386067,"pred_vaa_count":48791.561123649175,"pred_polio":0.8781209146128216,"pred_polio_count":82674.5782962139,"pred_pcv":0.8700574584644041,"pred_pcv_count":81915.40854454666,"pred_zerodosepenta":0.1277629550198727,"pred_zerodosepenta_count":12028.808621194743,"pred_zerodoseall":0.0509442324750602,"pred_zerodoseall_count":4796.370142666445}},{"type":"Feature","geometry":{"type":"Polygon","coordinates":[[[19.82388471900003,1.853353766000055],[19.82459016000007,1.850149978000047],[19.79988012000007,1.830799909000064],[19.73234988000007,1.817219949000048],[19.68054012000005,1.818839966000041],[19.60084008000007,1.802499936],[19.56860844300019,1.802619482000125],[19.48039992000002,1.778220021000095],[19.38606012000014,1.729819919000022],[19.31841,1.708620023000094],[19.26236988000011,1.670050011000058],[19.21536,1.622379874000103],[19.21005504000016,1.459232296000096],[19.21259148370147,1.3615822],[19.37724192000007,1.419690623000065],[19.44672549998702,1.458082593836577],[19.53797436000008,1.527239449000035],[19.57689216000006,1.540710287000024],[19.64021724000003,1.596403770000052],[19.70591112000005,1.628721342000063],[19.78392996000002,1.635655514000064],[19.84429689848481,1.651385354357256],[19.84760856000003,1.609543020000046],[19.87029828000004,1.558023272000071],[19.87057692000008,1.50788668000007],[19.92965328000003,1.427531951000049],[19.92902994900004,1.402339490000031],[19.9769884,1.417926],[20.008783,1.4497205],[20.057166,1.4732209],[20.0737039,1.500941],[20.1742922,1.5890385],[20.4067332,1.607139],[20.5430925,1.577982],[20.6384959,1.5792061],[20.6845796,1.5443658],[20.678559,1.513715],[20.6480781,1.5035438],[20.6188996,1.4682864],[20.5696395,1.446393],[20.584017,1.4215861],[20.6331303,1.385639],[20.6452125,1.3452678],[20.60761,1.2933099],[20.5647135,1.2575629],[20.55448828669064,1.232954278008291],[20.60111,1.20939],[20.63948,1.20951],[20.69229,1.17965],[20.7528,1.18204],[20.77004,1.16978],[20.85143,1.18615],[20.93903,1.17222],[21.00236,1.19232],[21.01434,1.18024],[21.02269,1.06169],[20.99908,1.00839],[21.00484,0.96363],[21.04539,0.93836],[21.11374,0.909810000000164],[21.1301600000001,0.917410000000132],[21.23304000000013,0.85859],[21.2992200000001,0.84792],[21.3419,0.818850000000168],[21.38946,0.816520000000139],[21.41285000000016,0.80019],[21.4598395268094,0.803450031179397],[21.53727365657066,0.746433004547945],[21.57641496000008,0.746564949000174],[21.63386736000018,0.725617568000246],[21.6641606400002,0.819607934000146],[21.65979023800761,0.886227710660772],[21.72767832000017,0.902655273000164],[21.7636448400001,0.888813398000195],[21.79572264000018,0.858090011000172],[21.86356932000018,0.865101029000073],[21.90999276000008,0.91620046900016],[21.96707508000014,0.951096095000139],[22.01059404000023,0.950226408000219],[22.09021092000012,0.935015127000099],[22.10217516000012,0.957009462000144],[22.07792844000016,1.033775217000141],[22.04470836000024,1.093941756000163],[22.01728608000025,1.123141326000166],[21.91091232089047,1.151289248164971],[21.89068690234092,1.21553469532239],[21.88473824982634,1.258364993427335],[21.90987342593394,1.286093810738976],[21.8909862000001,1.318112770000198],[21.86141220000025,1.339888646000134],[21.87209565331724,1.59662309640704],[21.87518577383355,1.684722659402269],[21.89374522991602,1.709552114542269],[21.93830786400008,1.720071819000111],[22.05186370621352,1.759221000644136],[22.12738991800023,1.76261713700012],[22.19804007300013,1.759228059000236],[22.27132296000025,1.737673574000155],[22.3239668400002,1.757399169000223],[22.37184898929952,1.710457692737113],[22.3866057,1.7518316],[22.3575949,1.7909517],[22.419908,1.8125703],[22.4254011,1.8664442],[22.4743246,1.895954],[22.4908041,1.9263212],[22.474153,1.975731],[22.4058318,2.0455542],[22.3636031,2.0553326],[22.3611998,2.1719829],[22.4084615,2.1535856],[22.4904608,2.1411057],[22.5003004,2.1487395],[22.5075411,2.140248],[22.6474991,2.1094401],[22.6901131,2.067666],[22.7565581,2.0372999],[22.7817169,2.0148896],[22.8478195,2.0440997],[22.8655878,2.0657607],[22.9164849,2.0900892],[22.9456531,2.1233349],[22.9291604,2.1421534],[22.9699641,2.1750631],[23.0056696,2.1796946],[23.0264407,2.2191477],[23.1104524,2.166175],[23.1307582,2.136621],[23.1774062,2.099406],[23.2327559,2.086013],[23.2711672,2.106118],[23.3125632,2.0898572],[23.3264714,2.1410311],[23.3080372,2.2017048],[23.3078423,2.2559356],[23.3217821,2.284941],[23.3755797,2.2447762],[23.4401243,2.2142436],[23.4775465,2.1830242],[23.5120505,2.1825096],[23.5474127,2.196404],[23.5960269,2.1954594],[23.6116695,2.2542744],[23.5696176,2.376963],[23.5668586,2.4161556],[23.4579434,2.49846],[23.391112,2.5294714],[23.3493698,2.5600566],[23.3296287,2.5110354],[23.3323411,2.4920093],[23.2810727,2.4924288],[23.2402673,2.51811],[23.1027395,2.5605281],[23.0645804,2.5636015],[23.0267173,2.5936572],[22.93450353882023,2.6877917324294],[22.88702344100039,2.738620277000393],[22.88490490904252,2.794770421190265],[22.90581703200041,2.809885025000256],[22.95213508600034,2.799165726000354],[22.9540601,2.8529555],[22.98316008578485,2.88967335548881],[23.05973436297096,3.033440937476731],[23.01219069218882,3.070836526175469],[22.99127003905289,3.053381305986704],[22.96586016000032,3.07746524300029],[22.90559630660256,3.077132893501486],[22.84928097550956,3.017897424878266],[22.8168567,3.0201201],[22.7786055,3.0574818],[22.78170189455354,3.105729953508475],[22.759747904277,3.123950896450257],[22.72706570000042,3.119011641000441],[22.65960743180288,3.152444584922225],[22.58429760000053,3.156856773000584],[22.5867365,3.1982346],[22.62346272075058,3.254351063750107],[22.65137892000064,3.283764965000444],[22.65290027865358,3.304518208812281],[22.6157121,3.3346307],[22.62496823000015,3.314917357000127],[22.55590943100009,3.170488410000246],[22.55732927100019,3.123810055000092],[22.52141927100024,3.085813147000181],[22.50885419100013,3.016216070000212],[22.4864541190002,2.978543105000199],[22.4622701900002,2.999779004000175],[22.40175023200015,3.012242084000206],[22.35468527300037,3.031930989000273],[22.28329835200026,2.995282106000275],[22.23849347500044,2.986901094000302],[22.18579631400024,2.962349131000224],[22.11657336700011,2.944344273000127],[22.00243932000018,2.903210062000085],[21.96463239600018,2.908676915000228],[21.87317843600016,2.895776057000035],[21.82731623500024,2.906928126000082],[21.78457024800008,2.928919066000049],[21.74037047600012,2.932254048000118],[21.68325827700022,2.918221022000239],[21.6470771970001,2.920464139000103],[21.59220132000024,2.913348130000145],[21.57536736200024,2.928863117000162],[21.5245632780003,2.927759165000111],[21.46853016000017,2.950085991000208],[21.43469015700043,3.001134029000298],[21.36878424000031,3.026365147000377],[21.28981824000044,3.079560998000261],[21.26440800000046,3.10627561400031],[21.2219272800001,3.121336107000047],[21.20437833116114,3.145527372939284],[21.17028808593761,3.163330078125057],[21.15612792968773,3.076904296875227],[21.14788818359398,2.9290771484375],[21.13153076171903,2.931274414062784],[21.0521240234375,2.999877929687557],[21.03332519531261,3.06427001953125],[20.98253088000018,3.110224952000237],[20.9431314000002,3.096713458000124],[20.90749459097418,3.126074925932528],[20.88405176788999,3.167411128828774],[20.85028076171892,3.180480957031477],[20.79472536000009,3.24740105900014],[20.73545557300019,3.190244212000209],[20.72346732000011,3.151919107000083],[20.72686428000014,3.105684068000244],[20.70388620000017,3.064733149000233],[20.72835934500011,3.016852051000171],[20.71867536000025,2.949095135000107],[20.74169124000019,2.93503514400021],[20.7426412800001,2.906043071000113],[20.76646819400014,2.827776090000214],[20.79324324000021,2.828019041000175],[20.80474416000021,2.745269104000101],[20.83332024000009,2.697656030000189],[20.87254548000021,2.661186126000189],[20.90918340000013,2.606740112000125],[20.91630347200021,2.577806987000088],[20.88816119700022,2.530878268000208],[20.8531013,2.4958104],[20.8189232,2.4805615],[20.8035517,2.4414417],[20.7806136,2.44145],[20.74862,2.4135945],[20.7304219,2.4378459],[20.701808,2.441302],[20.690164,2.4197869],[20.6551495,2.4424697],[20.602867,2.4187574],[20.56274307310852,2.410809332912333],[20.51056332000007,2.416225144000066],[20.48959116000003,2.432826019000061],[20.39836950542148,2.428940993341476],[20.36470032000005,2.431869130000052],[20.34336132000004,2.414636011000027],[20.28041028000007,2.419321111000045],[20.25806616200003,2.411740096000074],[20.19725424000006,2.384683077000034],[20.15850024000002,2.347716080000055],[20.10823236000004,2.342387122000048],[20.09681316000007,2.270940002000032],[20.0631290600435,2.25142389958521],[20.02269348000004,2.180695090000029],[19.98636984000007,2.176879992000067],[19.95375996000007,2.145030029000054],[19.96223004000007,2.122800105000067],[19.93698,2.085730063000028],[19.92940992000007,2.020089947000031],[19.90506996000005,2.006949926000061],[19.90717002000002,1.980280758000049],[19.83101004000002,1.938320051000062],[19.81355004000005,1.900189997000041],[19.82388471900003,1.853353766000055]]]},"properties":{"q101":"mg Mongala Province","level_1_id":"ymGeqzoPhN3","level_1_name":"République Démocratique du Congo","level_2_id":"krWZMdwGDIf","level_2_name":"mg Mongala Province","total_population":3249539.5546875,"pop_0_12mo":117653.1298828125,"pop_0_5yo":547857.46484375,"pop_6_12mo":58826.56494140625,"pop_12_24mo":107551.08374023438,"pop_6_24mo":166377.64868164062,"births_per_year":128442.28153145468,"imr":84.0,"pred_bcg":0.5726945792491469,"pred_bcg_count":95283.57750819456,"pred_rota":0.5346522503857826,"pred_rota_count":88954.1842815343,"pred_var":0.4235745678140978,"pred_var_count":70473.34063425173,"pred_vaa":0.4047062132884589,"pred_vaa_count":67334.06817378434,"pred_polio":0.6672409706192599,"pred_polio_count":111013.98379568812,"pred_pcv":0.576027734923103,"pred_pcv_count":95838.14011191724,"pred_zerodosepenta":0.4101092428701536,"pred_zerodosepenta_count":68233.01153134405,"pred_zerodoseall":0.2750373656152321,"pred_zerodoseall_count":45760.07019065504}},{"type":"Feature","geometry":{"type":"Polygon","coordinates":[[[26.5663871,2.0507836],[26.4956148,2.0512734],[26.4825004,2.1129782],[26.3978132,2.059431],[26.3561837,2.068518],[26.3240964,2.120945],[26.3132075,2.2500013],[26.3266088,2.3180986],[26.3168238,2.3643572],[26.2715655,2.3625721],[26.2176854,2.341578],[26.1900824,2.312749],[26.1536814,2.3276152],[26.0808388,2.2780197],[26.0536133,2.2854821],[25.9903819,2.2704332],[25.9657744,2.2081681],[25.9161224,2.218845],[25.894066,2.2554799],[25.8639833,2.2539194],[25.8102951,2.275283],[25.762216,2.2580786],[25.7331932,2.2275313],[25.7174277,2.2795979],[25.6838572,2.2434752],[25.6509036,2.2279034],[25.5975223,2.1756658],[25.5175844,2.1790134],[25.509114,2.1951405],[25.445669,2.1998765],[25.3792065,2.2310473],[25.3064205,2.2900163],[25.2824531,2.2821797],[25.2134114,2.3101449],[25.1800691,2.3068722],[25.1620763,2.2768695],[25.1225485,2.2525197],[25.1077011,2.2137189],[25.0105662,2.2670898],[24.9735868,2.2532101],[24.9233436,2.2676061],[24.8940448,2.2406279],[24.8666472,2.282664],[24.861631,2.2641871],[24.6985423,2.2698479],[24.4575457,2.2825634],[24.4250158,2.2593095],[24.3646866,2.2396819],[24.3369979,2.2748865],[24.3103655,2.2808471],[24.2732084,2.2599517],[24.2152668,2.260197],[24.1954553,2.228702],[24.1044041,2.2056957],[24.0754684,2.2157596],[24.0579264,2.1952769],[24.0856816,2.1543134],[24.0322223,2.124224],[23.9748912,2.111966],[23.9602093,2.0773791],[23.8936537,2.0946802],[23.8792341,2.1260729],[23.8352888,2.1356793],[23.7616461,2.136537],[23.6948698,2.1806227],[23.6540144,2.1921156],[23.5960269,2.1954594],[23.5474127,2.196404],[23.5120505,2.1825096],[23.4775465,2.1830242],[23.4401243,2.2142436],[23.3755797,2.2447762],[23.3217821,2.284941],[23.3078423,2.2559356],[23.3080372,2.2017048],[23.3264714,2.1410311],[23.3125632,2.0898572],[23.2711672,2.106118],[23.2327559,2.086013],[23.1774062,2.099406],[23.1307582,2.136621],[23.1104524,2.166175],[23.0264407,2.2191477],[23.0056696,2.1796946],[22.9699641,2.1750631],[22.9291604,2.1421534],[22.9456531,2.1233349],[22.9164849,2.0900892],[22.8655878,2.0657607],[22.8478195,2.0440997],[22.7817169,2.0148896],[22.7565581,2.0372999],[22.6901131,2.067666],[22.6474991,2.1094401],[22.5075411,2.140248],[22.5003004,2.1487395],[22.4904608,2.1411057],[22.4084615,2.1535856],[22.3611998,2.1719829],[22.3636031,2.0553326],[22.4058318,2.0455542],[22.474153,1.975731],[22.4908041,1.9263212],[22.4743246,1.895954],[22.4254011,1.8664442],[22.419908,1.8125703],[22.3575949,1.7909517],[22.3866057,1.7518316],[22.37184898929952,1.710457692737113],[22.29140356396206,1.674562339387272],[22.267816,1.5824736],[22.26422757053211,1.520778772088136],[22.32637165078097,1.500593328483376],[22.3358277,1.5142976],[22.41079536847909,1.505949052518855],[22.4315929,1.483102],[22.4708068,1.4890766],[22.51518788418059,1.466830312356251],[22.52643797581624,1.447014161099673],[22.5715869,1.4328703],[22.60715347780854,1.403679409747485],[22.66362759263467,1.33825005504542],[22.68569376221831,1.299700935171302],[22.6990784,1.2525291],[22.72553165016234,1.229664831710295],[22.75347948250175,1.181164404564771],[22.76111755233046,1.129626423591503],[22.78662187197124,1.106532151961217],[22.7901228,1.0654734],[22.8422816,0.9973599],[22.8357228,0.9762649],[22.8465428,0.8739858],[22.8768119,0.8212057],[22.8834759,0.7247883],[22.9115867,0.6689774],[22.9398563,0.6481973],[22.9794127,0.6010559],[22.94531549552633,0.569114362945539],[22.92747556600028,0.502499966000016],[22.95337643700026,0.449129967000317],[22.95222444500035,0.414889092000237],[22.9697633160003,0.384444024000231],[22.95878044100027,0.353358149000258],[22.9301351910002,0.344208966000224],[22.94127431600015,0.307987966000212],[22.97151294100024,0.265448591000222],[22.98680819100025,0.21570309100025],[23.04904031600034,0.150864149000256],[23.05262956300021,0.11376052400027],[23.09351144100026,0.053115841000249],[23.1583824410003,-3.3999925e-08],[23.22937444100029,-0.072894909999945],[23.24437435832877,-0.075624592416677],[23.34582319100019,-0.163790975999973],[23.35651454600026,-0.187687871999856],[23.27559444500025,-0.295236850999913],[23.1848167,-0.2874181],[23.1344933,-0.2887706],[23.0846341910003,-0.277186975999939],[23.02478244100024,-0.317937850999897],[22.98524116000021,-0.35436645599998],[22.94981749000056,-0.403708978999816],[23.0887613,-0.4057535],[23.13507636000043,-0.412090884999941],[23.0981105,-0.5479869],[23.10083009800036,-0.55947762999989],[23.23212539252734,-0.841088900473096],[23.28852343606468,-0.785451992103447],[23.30813592129003,-0.819738613528295],[23.3686652,-0.8671708],[23.38550028354626,-0.897931574576035],[23.42495723900049,-0.917155797999953],[23.5082355,-0.9846243],[23.58115416000044,-1.009366819999912],[23.6385025,-1.0105881],[23.66548812000042,-1.046918203999894],[23.6706264,-1.0749129],[23.64834493100028,-1.138005533999944],[23.6582338,-1.1533802],[23.7024392,-1.1515709],[23.8014068,-1.1915902],[23.8012094,-1.2489361],[23.8280434,-1.2529526],[23.862117,-1.2855784],[23.8617774,-1.3118804],[23.9216758,-1.3561336],[23.9538328,-1.3439404],[23.9858547,-1.3480695],[24.0724856,-1.3070326],[24.128407,-1.319684],[24.3622896,-1.3217542],[24.3707586,-1.3903463],[24.3876686,-1.4183006],[24.4116413,-1.6226664],[24.44626398850877,-1.714599731614902],[24.4935443,-1.8228414],[24.5192221,-1.9081628],[24.5773869,-1.9475377],[24.59974320277516,-1.98078579273166],[24.97823532000029,-1.981554878999816],[25.02451344100035,-1.968570960999841],[25.1684068,-1.9776188],[25.1879211,-1.9560455],[25.2296349,-1.9426637],[25.2146048,-2.0028693],[25.22753542192669,-2.030073058501216],[25.1994941,-2.04497],[25.20926116140197,-2.070999787801611],[25.24961682006085,-2.059197661212693],[25.26072312813568,-2.104603198943551],[25.42259501293208,-2.0546531658445],[25.4481473,-2.0111849],[25.4961072003872,-1.96422985002738],[25.53815627968885,-1.949241985329252],[25.55642339992028,-1.929907984965439],[25.60145220055487,-1.921813987426069],[25.73515783706478,-1.854681393731312],[25.75772654864153,-1.852716910157255],[25.79298066111346,-1.821930133482624],[25.78642343219593,-1.771178633087288],[25.79641716821794,-1.676951976852081],[25.8054591202424,-1.645543091440459],[25.81130664528564,-1.517410919378392],[25.79702987992511,-1.447454765424993],[25.80645254554872,-1.408336426484709],[25.87069799191886,-1.426896222082917],[25.89296974735606,-1.469155449564255],[25.9524134,-1.4763092],[25.96349697170808,-1.511414677045593],[25.9966190683154,-1.493997023144061],[26.0337386604109,-1.499136658529778],[26.05679037535849,-1.468998385758448],[26.04692087439906,-1.448049630985622],[26.06548066999704,-1.420209937138793],[26.018503,-1.4028613],[26.04620703572624,-1.372858662797],[26.06524272377271,-1.383804183716052],[26.0752007738295,-1.310631823765738],[26.0883234958327,-1.283390929247958],[26.12722372669373,-1.286619239985896],[26.17062509587161,-1.212913056092511],[26.16761223301836,-1.172237796437003],[26.14839316781081,-1.125211169260012],[26.12174320508512,-1.092850499850613],[26.13101911843791,-1.024869992755782],[26.13016140533273,-0.953418558555825],[26.16344027992267,-0.932569860805131],[26.20964376018873,-0.922676150837674],[26.24365295986246,-0.894267688851983],[26.2596567598888,-0.855461956927741],[26.24196074046301,-0.807124716213195],[26.23764671979058,-0.687745402870917],[26.23023828004852,-0.668004877281987],[26.25662447977999,-0.624769900841784],[26.2578895200428,-0.576987858201335],[26.27346635989238,-0.498403958787776],[26.22377191624111,-0.462633101336451],[26.19959631941464,-0.461164035391846],[26.1586573551528,-0.493940410121809],[26.13451310509578,-0.497008660421216],[26.07978939276632,-0.53645201794609],[26.03535814246447,-0.546424143259571],[25.97682160869236,-0.545045505753226],[25.98573741185237,-0.502013116012392],[25.98859276474462,-0.349251719191386],[25.9614669095705,-0.260735770539213],[25.96003923312446,-0.18078588056386],[25.94861782065641,-0.156515378281995],[25.93636359640328,-0.032075515872179],[25.91522980631837,0.028257469399349],[25.9524643,0.0459543],[26.0338340631917,0.015505874296764],[26.09230823623648,0.010143073943993],[26.13142657517665,-0.012699751892001],[26.14426674101765,-0.054896517859959],[26.21295168617166,-0.079452555790681],[26.27868456713918,-0.123984682147295],[26.31117372808524,-0.156169272393868],[26.3295669611465,-0.192417980805146],[26.35707353081898,-0.190799947559412],[26.39346421430213,-0.258429880034896],[26.43002330033511,-0.281423697545563],[26.43634374286961,-0.313611856301975],[26.48309635553828,-0.345713357789932],[26.4890496,-0.3645247],[26.52494006932881,-0.383289975851596],[26.55991187982943,-0.378441656956795],[26.61475931998672,-0.352087670109768],[26.62751978431066,-0.328637897221142],[26.71211961442884,-0.312231292639922],[26.79064744512362,-0.252464976377496],[26.84086602884742,-0.25922609751359],[26.82844919468141,-0.226421975994924],[26.84595857033196,-0.205711976026748],[26.88573019484477,-0.230407976260153],[26.9058053201594,-0.228976851000823],[26.95634244473649,-0.266040975707824],[26.9940221947881,-0.275811975671843],[27.0701751947974,-0.329332976026762],[27.07284531965581,-0.380078851157975],[27.11782832022078,-0.387987850758634],[27.13048132004292,-0.41918485129969],[27.19310432020831,-0.446558976115739],[27.3003923197499,-0.452661976069294],[27.34796344505708,-0.481221975613664],[27.3585834446705,-0.515640851444005],[27.41519344531605,-0.516835975849574],[27.47193119486889,-0.49115397587525],[27.49682448036566,-0.494974958727312],[27.49854636009513,-0.528502886074421],[27.5191361998863,-0.541526918304896],[27.55951722833765,-0.53450059522612],[27.60143346877982,-0.572945562287828],[27.66047166873261,-0.595424959494039],[27.8472412,-0.5954182],[27.9211306,-0.5750881],[27.927053,-0.5438258],[27.9902404,-0.4883224],[27.973757,-0.4169767],[27.9755017,-0.3891127],[27.9565678,-0.3576526],[28.0229638,-0.2856374],[28.0618245,-0.2551475],[28.0938339,-0.2477133],[28.1337976,-0.2020557],[28.1298761,-0.1625574],[28.1253681,-0.0584645],[28.1145771,-0.0151976],[28.1273063,0.0309115],[28.122351,0.0861827],[28.1641827,0.1340515],[28.1821061,0.1570713],[28.1530059,0.1956171],[28.1436447,0.2381725],[28.1269183,0.2387566],[28.0614926,0.3073218],[28.056534,0.4025762],[28.0275598,0.4267393],[28.0065838,0.4809711],[27.9773761,0.4876957],[27.833529,0.4923545],[27.7907538,0.5287954],[27.8552011,0.5575695],[27.8930615,0.5616983],[27.9227331,0.5984369],[27.9552465,0.6218521],[27.9930691,0.6127411],[28.0275273,0.6329721],[27.9353236,0.7489467],[27.9467032,0.8273397],[27.9959538,0.942902],[27.9507373,0.9211682],[27.9071255,0.9250621],[27.8777315,0.9464357],[27.9224579,1.0043009],[27.9361,1.037],[27.8751,1.0508],[27.8529563,1.038833],[27.8244,1.0634],[27.7408,1.0684],[27.7394123,1.1215431],[27.7709144,1.149609],[27.7555133,1.2116502],[27.7835458,1.2288411],[27.7650828,1.2566361],[27.7779692,1.2949863],[27.7250975,1.3097454],[27.6780623,1.334458],[27.5754088,1.3217585],[27.5242841,1.3651343],[27.4775922,1.4171323],[27.4679792,1.4646675],[27.4194816,1.4895786],[27.3657057,1.4971929],[27.3668922,1.5365391],[27.358554,1.5355183],[27.3505628,1.5611076],[27.2909963,1.5448057],[27.2079122,1.5650543],[27.214092,1.5889062],[27.2647219,1.5903836],[27.2790095,1.6495926],[27.3026588,1.6865589],[27.3166396,1.7359478],[27.3466466,1.7601011],[27.3509849,1.8411042],[27.336926,1.8707725],[27.3881926,1.8979137],[27.3570095,1.9625475],[27.3571884,1.995519],[27.3137653,2.0365091],[27.2941189,2.0237711],[27.2666923,2.0471924],[27.2310714,2.0258851],[27.2485062,1.9759831],[27.2284092,1.959626],[27.2101802,1.9112941],[27.1429924,1.896028],[27.1109624,1.9153102],[27.0746255,1.9083601],[27.0430242,1.9412176],[26.9949593,1.9501808],[26.9473708,1.9960913],[26.9126484,2.1165692],[26.8592843,2.1460152],[26.8262482,2.1499676],[26.800798,2.1293587],[26.7750025,2.1563178],[26.7694772,2.1918815],[26.7455484,2.1930581],[26.705552,2.1627007],[26.6422028,2.1025021],[26.6221451,2.120434],[26.5971956,2.1103279],[26.5998729,2.0677132],[26.5663871,2.0507836]]]},"properties":{"q101":"tp Tshopo Province","level_1_id":"ymGeqzoPhN3","level_1_name":"République Démocratique du Congo","level_2_id":"mnOXJ2Oa5U7","level_2_name":"tp Tshopo Province","total_population":3822889.64453125,"pop_0_12mo":117544.59545898438,"pop_0_5yo":547356.8754882812,"pop_6_12mo":58772.29772949219,"pop_12_24mo":107453.07000732422,"pop_6_24mo":166225.3677368164,"births_per_year":123083.34603035012,"imr":45.0,"pred_bcg":0.7483373094583974,"pred_bcg_count":124392.64445590189,"pred_rota":0.6692314305884712,"pred_rota_count":111243.24065060435,"pred_var":0.541192320377608,"pred_var_count":89959.89247110885,"pred_vaa":0.5434452879442121,"pred_vaa_count":90334.39283336673,"pred_polio":0.7626190000841202,"pred_polio_count":126766.6237320661,"pred_pcv":0.7134322302606755,"pred_pcv_count":118590.53483037786,"pred_zerodosepenta":0.2758142011669611,"pred_zerodosepenta_count":45847.31701601436,"pred_zerodoseall":0.2119887973668939,"pred_zerodoseall_count":35237.9157983974}},{"type":"Feature","geometry":{"type":"Polygon","coordinates":[[[29.3551705,-0.4735521],[29.3839179,-0.4305787],[29.3905051,-0.3727426],[29.4361315,-0.3222288],[29.4675636,-0.2212254],[29.4966203,-0.1723587],[29.5811659,-0.1506515],[29.6009471,-0.1397198],[29.6477276,-0.1347594],[29.6841413,-0.1105767],[29.6992367,-0.0806755],[29.7286874,-0.0821118],[29.7406564,-0.0352331],[29.7197632,0.0266576],[29.7182686,0.0750406],[29.7373442,0.1259846],[29.7894845,0.1692855],[29.8199201,0.1657335],[29.8724054,0.3880645],[29.961919,0.5001196],[29.978837,0.5156813],[29.9678456,0.5766741],[29.9730171,0.597156],[29.9544946,0.6389238],[29.9710572,0.6908693],[29.9771003,0.7449463],[29.9634465,0.7782928],[29.987297,0.8381154],[29.9286783,0.8001842],[29.9066942,0.8069347],[29.8969209,0.8455652],[29.8763082,0.8703755],[29.8643777,0.9126099],[29.8380571,0.9414055],[29.80776,0.9105425],[29.762948,0.9092387],[29.732524,0.8715627],[29.6959892,0.8683265],[29.6591183,0.9076765],[29.6273517,0.881617],[29.6274878,0.8563151],[29.5597848,0.8748374],[29.5229093,0.8611713],[29.5346683,0.7888685],[29.4945711,0.8010247],[29.4861107,0.8420183],[29.4580511,0.8602185],[29.4449551,0.8376409],[29.4008839,0.8100216],[29.3808317,0.8283929],[29.3697277,0.8221068],[29.3700931,0.747002],[29.3479377,0.7136064],[29.3942772,0.6714487],[29.4319091,0.6513308],[29.4695172,0.6487161],[29.4731339,0.629489],[29.4227248,0.6178107],[29.3801775,0.6156168],[29.3331219,0.6267728],[29.3390631,0.6595944],[29.3254114,0.6868901],[29.2962571,0.6606237],[29.3005859,0.6114272],[29.2904968,0.5866529],[29.1637968,0.6637702],[29.1571998,0.6780144],[29.0746736,0.6322053],[29.0665197,0.6108669],[29.0054805,0.5634202],[28.9718101,0.5629022],[28.9009154,0.5876348],[28.8034347,0.5765185],[28.6742845,0.5715544],[28.6359925,0.5480711],[28.5919424,0.5402809],[28.503803,0.5408272],[28.5049384,0.5720163],[28.451144,0.6148757],[28.331624,0.6976736],[28.182858,0.6846599],[28.1591008,0.685223],[28.0681486,0.6642322],[28.0275273,0.6329721],[27.9930691,0.6127411],[27.9552465,0.6218521],[27.9227331,0.5984369],[27.8930615,0.5616983],[27.8552011,0.5575695],[27.7907538,0.5287954],[27.833529,0.4923545],[27.9773761,0.4876957],[28.0065838,0.4809711],[28.0275598,0.4267393],[28.056534,0.4025762],[28.0614926,0.3073218],[28.1269183,0.2387566],[28.1436447,0.2381725],[28.1530059,0.1956171],[28.1821061,0.1570713],[28.1641827,0.1340515],[28.122351,0.0861827],[28.1273063,0.0309115],[28.1145771,-0.0151976],[28.1253681,-0.0584645],[28.1298761,-0.1625574],[28.1337976,-0.2020557],[28.0938339,-0.2477133],[28.0618245,-0.2551475],[28.0229638,-0.2856374],[27.9565678,-0.3576526],[27.9755017,-0.3891127],[27.973757,-0.4169767],[27.9902404,-0.4883224],[27.927053,-0.5438258],[27.9211306,-0.5750881],[27.8472412,-0.5954182],[27.8577769,-0.6395434],[27.8362548,-0.6693837],[27.8302359,-0.7330813],[27.8048515,-0.7698995],[27.8201937,-0.8269714],[27.796454,-0.8800751],[27.7319482,-0.9037844],[27.70632414824115,-0.893058433399858],[27.67952322891398,-0.929920561284746],[27.63523314879109,-0.932835455591714],[27.57506714773086,-0.903398715977858],[27.5433479071803,-0.909482823873134],[27.49970078746162,-0.900438745851375],[27.4558459,-0.9162957],[27.4098503,-0.9501893],[27.3682948,-0.964109],[27.3440474,-0.9462405],[27.29516909134615,-0.971478276578854],[27.26871559676051,-1.013093107110839],[27.27198460194069,-1.058844279481813],[27.31441225761989,-1.137063756287262],[27.3304378,-1.1935459],[27.26324551673268,-1.169328002956987],[27.22837094736144,-1.199881526211414],[27.2843358,-1.2505028],[27.29625000006882,-1.277916666960209],[27.2504167,-1.3079167],[27.2679167,-1.33625],[27.35580959196972,-1.379349382034036],[27.39142439181126,-1.45005151578232],[27.41147711208964,-1.458133631980672],[27.43424410379134,-1.42667462576668],[27.4541098,-1.4291741],[27.47741701324236,-1.474311820217054],[27.47981248382973,-1.505180723105809],[27.5333294692399,-1.572852761023],[27.54851892990251,-1.637312691113777],[27.57857119410284,-1.643736907216123],[27.6669858,-1.7037326],[27.6846361,-1.77166],[27.7271582,-1.7728859],[27.76791666676058,-1.815416666872807],[27.80624999991898,-1.877916666810279],[27.79374999993149,-1.954583333127005],[27.82625000016884,-2.001249999793799],[27.85939761999549,-2.015232607707139],[27.88875,-2.04875],[27.9254167,-2.1379167],[27.9347527,-2.13208],[28.0048312,-2.1420761],[28.0476615,-2.1379121],[28.085138,-2.1022202],[28.109938,-2.0608221],[28.1633605,-2.0318763],[28.1502992,-2.0024466],[28.198896,-1.9966638],[28.2178901,-1.97874],[28.3170163,-1.9777822],[28.3500585,-1.9164869],[28.4070441,-1.8930221],[28.4441731,-1.8509615],[28.522452,-1.8662054],[28.5703391,-1.8915855],[28.6086487,-1.8681209],[28.6622823,-1.8647687],[28.6986938,-1.8239831],[28.6953652,-1.7959047],[28.6687453,-1.7778624],[28.6675244,-1.752257],[28.6846002,-1.741859],[28.7165229,-1.7801116],[28.8166094,-1.7674968],[28.866005,-1.7014197],[28.8796876,-1.6970512],[28.9072311,-1.702843],[28.9368337,-1.7290994],[28.9907946,-1.742315],[29.0193964,-1.7099287],[29.0170021,-1.6695716],[29.0293832,-1.6527639],[29.041193,-1.5910803],[29.0670441,-1.5850571],[29.0943441,-1.6203924],[29.118199,-1.6280034],[29.159642,-1.6365331],[29.1712389,-1.6633451],[29.2448174,-1.6981286],[29.2445667,-1.6816582],[29.2630783,-1.645592],[29.2683218,-1.6294096],[29.3103499,-1.5997247],[29.3618213,-1.50888],[29.3801907,-1.508457],[29.4164971,-1.5072101],[29.4503258,-1.506156],[29.5261787,-1.4112506],[29.5665549,-1.3867981],[29.5900276,-1.3929788],[29.608076,-1.318062],[29.5950787,-1.2806873],[29.606901,-1.218934],[29.573443,-1.186149],[29.5900006,-1.0512675],[29.583539,-1.019658],[29.59335,-0.972473],[29.589183,-0.900523],[29.63099,-0.8902516],[29.6271768,-0.8572328],[29.6411867,-0.8312381],[29.6289818,-0.7951856],[29.6254073,-0.7248497],[29.6523317,-0.6407575],[29.652206,-0.6002939],[29.6744044,-0.5383386],[29.6765023,-0.4529265],[29.635828,-0.4831835],[29.6139881,-0.5503433],[29.5710996,-0.6123729],[29.5284632,-0.6243228],[29.4991708,-0.6453902],[29.4476954,-0.6016871],[29.4048013,-0.6702741],[29.3667756,-0.6921104],[29.3749496,-0.6429268],[29.3397168,-0.5835078],[29.3047596,-0.5922876],[29.3188056,-0.5586121],[29.3435839,-0.5516334],[29.3403485,-0.5181461],[29.3214637,-0.4791791],[29.3551705,-0.4735521]]]},"properties":{"q101":"nk Nord Kivu Province","level_1_id":"ymGeqzoPhN3","level_1_name":"République Démocratique du Congo","level_2_id":"pIAYIpy4hiH","level_2_name":"nk Nord Kivu Province","total_population":8609993.5546875,"pop_0_12mo":348594.22607421875,"pop_0_5yo":1623307.7607421875,"pop_6_12mo":174297.11303710938,"pop_12_24mo":318678.3836669922,"pop_6_24mo":492975.4967041016,"births_per_year":360118.002142788,"imr":32.0,"pred_bcg":0.827838666767044,"pred_bcg_count":408104.1779403448,"pred_rota":0.9273498540449416,"pred_rota_count":457160.75491628126,"pred_var":0.708724050911367,"pred_var_count":349383.5910241742,"pred_vaa":0.6890595864326111,"pred_vaa_count":339689.4918803393,"pred_polio":0.9534144244016384,"pred_polio_count":470009.9494342528,"pred_pcv":0.9453739275899388,"pred_pcv_count":466046.18152475747,"pred_zerodosepenta":0.0517066893350288,"pred_zerodosepenta_count":25490.1308578605,"pred_zerodoseall":0.0322017519453499,"pred_zerodoseall_count":15874.67466000114}},{"type":"Feature","geometry":{"type":"Polygon","coordinates":[[[24.8666472,2.282664],[24.8940448,2.2406279],[24.9233436,2.2676061],[24.9735868,2.2532101],[25.0105662,2.2670898],[25.1077011,2.2137189],[25.1225485,2.2525197],[25.1620763,2.2768695],[25.1800691,2.3068722],[25.2134114,2.3101449],[25.2824531,2.2821797],[25.3064205,2.2900163],[25.3792065,2.2310473],[25.445669,2.1998765],[25.509114,2.1951405],[25.5175844,2.1790134],[25.5975223,2.1756658],[25.6509036,2.2279034],[25.6838572,2.2434752],[25.7174277,2.2795979],[25.7331932,2.2275313],[25.762216,2.2580786],[25.8102951,2.275283],[25.8639833,2.2539194],[25.894066,2.2554799],[25.9161224,2.218845],[25.9657744,2.2081681],[25.9903819,2.2704332],[26.0536133,2.2854821],[26.0808388,2.2780197],[26.1536814,2.3276152],[26.1900824,2.312749],[26.2176854,2.341578],[26.2715655,2.3625721],[26.3168238,2.3643572],[26.3266088,2.3180986],[26.3132075,2.2500013],[26.3240964,2.120945],[26.3561837,2.068518],[26.3978132,2.059431],[26.4825004,2.1129782],[26.4956148,2.0512734],[26.5663871,2.0507836],[26.5998729,2.0677132],[26.5971956,2.1103279],[26.6221451,2.120434],[26.6422028,2.1025021],[26.705552,2.1627007],[26.7455484,2.1930581],[26.7694772,2.1918815],[26.7750025,2.1563178],[26.800798,2.1293587],[26.8262482,2.1499676],[26.8592843,2.1460152],[26.9126484,2.1165692],[26.9473708,1.9960913],[26.9949593,1.9501808],[27.0430242,1.9412176],[27.0376471,1.9984352],[27.0536116,2.038579],[27.0501784,2.1149181],[27.0834595,2.1348439],[27.1197696,2.1817009],[27.1229897,2.2240212],[27.1779174,2.2899501],[27.1883484,2.360143],[27.1530853,2.3897821],[27.1669712,2.4406531],[27.1483862,2.4843511],[27.1489781,2.5438614],[27.1299722,2.568781],[27.0332014,2.565658],[27.0181422,2.5373321],[26.9014705,2.5364661],[26.9105846,2.5886528],[26.9313185,2.6119931],[26.9333345,2.6405321],[26.9755682,2.701351],[27.0105336,2.7258796],[27.0451879,2.7224413],[27.0976583,2.773096],[27.1248152,2.8283661],[27.1227837,2.8557618],[27.1381403,2.9082044],[27.1478233,2.8614717],[27.1966212,2.871725],[27.2467764,2.8439361],[27.2859764,2.787825],[27.3274344,2.753808],[27.3731324,2.7362938],[27.4750945,2.7825733],[27.5041058,2.7888697],[27.5224514,2.84172],[27.5366743,2.850596],[27.594634,2.8194589],[27.6026699,2.8543764],[27.6443833,2.8675409],[27.6609141,2.912805],[27.6401199,2.9262506],[27.5519772,2.9583861],[27.5785,2.9849],[27.6735499,3.0132437],[27.7126,3.0416001],[27.7375,3.0881],[27.7089599,3.1549443],[27.6573329,3.2189486],[27.665482,3.2769193],[27.6533019,3.3175819],[27.6142305,3.3067279],[27.594297,3.3209071],[27.5333425,3.3058015],[27.492,3.3054155],[27.4699283,3.3181397],[27.4349353,3.2947805],[27.4075463,3.3015492],[27.3565174,3.2938391],[27.2948188,3.2537031],[27.2834014,3.2788042],[27.2435,3.2966991],[27.2728642,3.3316756],[27.2860801,3.3726617],[27.2803122,3.4129956],[27.3134563,3.4574871],[27.33315,3.4991749],[27.3740442,3.5484719],[27.3672659,3.6232985],[27.3216445,3.6546894],[27.3424,3.7316],[27.3283773,3.7697586],[27.3068833,3.7838383],[27.2943536,3.8376203],[27.2693339,3.8773378],[27.257005,3.9220727],[27.2270855,3.9678571],[27.2293243,4.0109051],[27.2180462,4.0507141],[27.1911924,4.0789951],[27.2007673,4.1215911],[27.2405243,4.224761],[27.2408904,4.3117223],[27.2654708,4.3663841],[27.2669065,4.4178026],[27.2911999,4.4504488],[27.2727875,4.4706321],[27.2173104,4.4583691],[27.1943975,4.4440701],[27.1551722,4.4553001],[27.017709,4.5111418],[27.0017659,4.4977086],[26.9653387,4.5065285],[26.9683153,4.5848621],[26.9767224,4.6359721],[27.0275494,4.6972702],[26.9889314,4.7522241],[26.9774117,4.7848902],[27.0354336,4.7971725],[27.0468425,4.838387],[26.9988422,4.8641978],[26.9822786,4.9375941],[26.9293363,5.0108291],[26.940874,5.0437141],[26.9364478,5.0815218],[26.9874824,5.0954835],[26.9746742,5.1615645],[26.9292856,5.1375417],[26.8801761,5.0484639],[26.8620527,5.0378622],[26.8250065,5.0602873],[26.8026493,5.0493942],[26.7850496,5.0799631],[26.7471964,5.1088277],[26.6596609,5.0801058],[26.6387493,5.0935865],[26.5711953,5.0827508],[26.5282327,5.0673693],[26.5151221,5.048325],[26.451213,5.0680424],[26.4535291,5.0944386],[26.3858215,5.1517083],[26.3509624,5.1582994],[26.2994946,5.1443081],[26.293308,5.1636294],[26.2442436,5.2025811],[26.213956,5.2040713],[26.1829576,5.2255831],[26.1576163,5.2615367],[26.0930139,5.2460226],[26.0932519,5.2209907],[26.0615337,5.1994804],[26.0254848,5.2127578],[25.9804654,5.2468317],[25.9486996,5.204739],[25.8761023,5.2081892],[25.8554248,5.2247027],[25.8263478,5.2014315],[25.7999833,5.2216094],[25.8071931,5.2520665],[25.781019,5.2591811],[25.7517992,5.2438097],[25.7074937,5.3010596],[25.6553121,5.3101729],[25.6372758,5.3303983],[25.6040109,5.3388216],[25.5787934,5.3782709],[25.4980059,5.344223],[25.4424693,5.3372036],[25.3350543,5.2612068],[25.3289038,5.2074707],[25.3080822,5.1911578],[25.3439411,5.1099662],[25.3201931,5.0732022],[25.3120566,5.0309833],[25.2484718,5.0262424],[25.2215165,5.0106639],[25.1697541,5.0016634],[25.1559564,5.0281214],[25.1247228,4.990674],[25.0858678,4.9777022],[25.0647299,4.9278411],[25.0296566,4.9543245],[24.9957969,4.9582982],[24.9620744,4.987486],[24.9205807,4.9748556],[24.9116591,4.9519689],[24.859192,4.9471623],[24.8489128,4.924724],[24.799991,4.92658],[24.7829779,4.8964084],[24.7278934,4.8945287],[24.6875644,4.9118439],[24.6683593,4.9329332],[24.6721188,4.9672926],[24.6305496,4.977096],[24.6249103,5.0129544],[24.5683743,5.0330609],[24.5337531,5.0830296],[24.4695077,5.1043971],[24.4318646,5.0634228],[24.4094977,5.1020653],[24.3780174,5.1133201],[24.3630744,5.0726313],[24.393246,5.0295631],[24.3556029,5.0060302],[24.2820776,4.9963696],[24.2665397,4.9689106],[24.2154764,4.9538962],[24.1789279,4.928198],[24.1650557,4.89924],[24.136169,4.8950522],[24.1109229,4.9185612],[24.0549818,4.8885562],[24.0483753,4.8671288],[24.0078796,4.8647714],[23.9617958,4.8747765],[23.9559093,4.810105],[23.8908712,4.8327966],[23.8732156,4.8211611],[23.8278868,4.8326063],[23.7663897,4.7837322],[23.7122926,4.7865399],[23.6760534,4.7648392],[23.5947472,4.7619601],[23.5391273,4.702307],[23.4910979,4.6767278],[23.4617116,4.6787265],[23.4267859,4.6492568],[23.4289179,4.5987741],[23.3722438,4.5964924],[23.3285569,4.6079683],[23.2660484,4.6664248],[23.2306272,4.6756156],[23.1962113,4.7229845],[23.1571882,4.7396883],[23.1105983,4.7115631],[23.0099048,4.7572208],[22.977036,4.8342336],[22.9404728,4.8161503],[22.8994687,4.8148079],[22.8850492,4.7946301],[22.8932246,4.7498918],[22.8421475,4.6994278],[22.8161787,4.7268065],[22.781843,4.7146713],[22.7723847,4.6842975],[22.7353796,4.6303327],[22.7309967,4.5566453],[22.7059405,4.5257336],[22.7043943,4.4769539],[22.6894303,4.4694311],[22.6200242,4.4916361],[22.596165,4.4799777],[22.5967054,4.4345291],[22.582925,4.3929871],[22.6135402,4.3668996],[22.5750836,4.3438231],[22.5441907,4.2877639],[22.538044,4.2573546],[22.5458802,4.2140958],[22.5116159,4.190087],[22.4847756,4.1554421],[22.4334008,4.1281155],[22.443443,4.1158734],[22.4966556,4.1102614],[22.54688352000005,4.136264757000049],[22.58634364763465,4.12196589608366],[22.62289400492095,4.128900499334268],[22.64845968000003,4.113733894000063],[22.67350560000006,4.122212929000057],[22.6890387,4.0870718],[22.7474993,4.073664],[22.7607635,4.0430641],[22.8118538,4.0188942],[22.8370453,3.9871492],[22.8094579,3.9650545],[22.7980404,3.908064],[22.7823868,3.8852731],[22.81397,3.8559201],[22.844467,3.8659994],[22.8632822,3.8474255],[22.8981295,3.8445994],[22.9734036,3.8724526],[23.0154064,3.8735793],[23.0662724,3.8621336],[23.0935665,3.8792605],[23.1780239,3.8511721],[23.2075497,3.8684706],[23.2535184,3.8458562],[23.248972,3.7691325],[23.2106698,3.7530592],[23.1907564,3.73101],[23.1232828,3.6962005],[23.0912262,3.6393285],[23.0566752,3.6325592],[23.0368097,3.5994244],[22.9950529,3.580777],[22.9335596,3.5655352],[22.8418031,3.5540097],[22.8233535,3.534992],[22.786871,3.50395],[22.7468408,3.4897921],[22.7052806,3.4525414],[22.6814976,3.4450396],[22.6131142,3.3596571],[22.6157121,3.3346307],[22.65290027865358,3.304518208812281],[22.65137892000064,3.283764965000444],[22.62346272075058,3.254351063750107],[22.5867365,3.1982346],[22.58429760000053,3.156856773000584],[22.65960743180288,3.152444584922225],[22.72706570000042,3.119011641000441],[22.759747904277,3.123950896450257],[22.78170189455354,3.105729953508475],[22.7786055,3.0574818],[22.8168567,3.0201201],[22.84928097550956,3.017897424878266],[22.90559630660256,3.077132893501486],[22.96586016000032,3.07746524300029],[22.99127003905289,3.053381305986704],[23.01219069218882,3.070836526175469],[23.05973436297096,3.033440937476731],[22.98316008578485,2.88967335548881],[22.9540601,2.8529555],[22.95213508600034,2.799165726000354],[22.90581703200041,2.809885025000256],[22.88490490904252,2.794770421190265],[22.88702344100039,2.738620277000393],[22.93450353882023,2.6877917324294],[23.0267173,2.5936572],[23.0645804,2.5636015],[23.1027395,2.5605281],[23.2402673,2.51811],[23.2810727,2.4924288],[23.3323411,2.4920093],[23.3296287,2.5110354],[23.3493698,2.5600566],[23.391112,2.5294714],[23.4579434,2.49846],[23.5668586,2.4161556],[23.5696176,2.376963],[23.6116695,2.2542744],[23.5960269,2.1954594],[23.6540144,2.1921156],[23.6948698,2.1806227],[23.7616461,2.136537],[23.8352888,2.1356793],[23.8792341,2.1260729],[23.8936537,2.0946802],[23.9602093,2.0773791],[23.9748912,2.111966],[24.0322223,2.124224],[24.0856816,2.1543134],[24.0579264,2.1952769],[24.0754684,2.2157596],[24.1044041,2.2056957],[24.1954553,2.228702],[24.2152668,2.260197],[24.2732084,2.2599517],[24.3103655,2.2808471],[24.3369979,2.2748865],[24.3646866,2.2396819],[24.4250158,2.2593095],[24.4575457,2.2825634],[24.6985423,2.2698479],[24.861631,2.2641871],[24.8666472,2.282664]]]},"properties":{"q101":"bu Bas Uele Province","level_1_id":"ymGeqzoPhN3","level_1_name":"République Démocratique du Congo","level_2_id":"rWrCdr321Qu","level_2_name":"bu Bas Uele Province","total_population":2032678.70703125,"pop_0_12mo":63805.17834472656,"pop_0_5yo":297114.43798828125,"pop_6_12mo":31902.58917236328,"pop_12_24mo":58327.31491088867,"pop_6_24mo":90229.90408325195,"births_per_year":65914.44043876711,"imr":32.0,"pred_bcg":0.6549308954272459,"pred_bcg_count":59094.351875558714,"pred_rota":0.5897948675140086,"pred_rota_count":53217.13432458328,"pred_var":0.4895872960454741,"pred_var_count":44175.414762561806,"pred_vaa":0.4906061635798072,"pred_vaa_count":44267.34708245822,"pred_polio":0.6983451286536794,"pred_polio_count":63011.61397542773,"pred_pcv":0.6375246419274577,"pred_pcv_count":57523.787291824054,"pred_zerodosepenta":0.3505596567560987,"pred_zerodosepenta_count":31630.96420456051,"pred_zerodoseall":0.2811003735279982,"pred_zerodoseall_count":25363.659741197574}},{"type":"Feature","geometry":{"type":"Polygon","coordinates":[[[17.18206104100005,-1.734063378999849],[17.15154948500026,-1.764807367999879],[17.10475008700035,-1.783573968999917],[17.08266765800033,-1.806922821999933],[17.05224304500035,-1.800557131999824],[16.97826227100029,-1.761476986999924],[16.89001448800042,-1.747009079999827],[16.83289849500056,-1.751328108999871],[16.79720658000031,-1.778453963999937],[16.77902367100035,-1.813247814999954],[16.80549517400027,-1.900246857999946],[16.85814074900009,-1.933648541999958],[16.89383266400034,-1.943166385999916],[16.93564595100025,-1.935947074999888],[16.94501496000015,-2.001266349999867],[16.63456844200022,-1.998459114999946],[16.61182622799998,-1.989336840999954],[16.57980720000018,-1.936803810999891],[16.55899010500002,-1.881920598999898],[16.52486122000016,-1.869858912749862],[16.50399984000018,-1.874000004999971],[16.40599992000006,-1.991999917999976],[16.32399984000006,-2.069000000999949],[16.24188892500007,-2.123197704999939],[16.191,-2.224999978999961],[16.18400016000004,-2.38300008799996],[16.209,-2.516999977999944],[16.23700008000003,-2.624999956999943],[16.19368308000003,-2.718583433999925],[16.20500004000007,-2.784999983999967],[16.17999984000005,-2.874999998999954],[16.17900012000007,-2.928000041999951],[16.19499996000008,-3.015999912999973],[16.17800292000004,-3.033888611999942],[16.17259680700005,-3.074101266999946],[16.19109682500005,-3.180388117999939],[16.18407,-3.250490095999965],[16.22238984000006,-3.29626994299997],[16.18710012000003,-3.395440045999976],[16.13243016000007,-3.476789939999946],[16.11289008000006,-3.536280047999981],[16.05814992000006,-3.608870043999957],[16.00102008000005,-3.738549903999967],[15.98038989600008,-3.770643439999958],[15.93037008000005,-3.872910038999976],[15.91158355254927,-3.949934162895336],[15.94598190000005,-3.927611199999944],[15.98213592285738,-3.951399578743746],[16.00271352000004,-3.964541885999949],[15.99907692300008,-3.999310927999943],[16.04859972600008,-4.02455552899994],[16.11305775700004,-4.030177690999949],[16.15851468700004,-4.057355333999965],[16.24609828100006,-4.077053801999966],[16.28067423600004,-4.108038416999932],[16.31851214900007,-4.11410811899998],[16.36192460300003,-4.140169865999951],[16.41611163500005,-4.153992096999957],[16.43948130100006,-4.187660275999974],[16.43571623900004,-4.207134125999971],[16.46651364300004,-4.243853481999963],[16.48421950700003,-4.238133969999978],[16.49607542900003,-4.187781396999981],[16.53579639600002,-4.173926298999959],[16.56448820700007,-4.144901553999944],[16.61358590600003,-4.129891924999924],[16.67990092300005,-4.137871384999926],[16.69638929500007,-4.107503601999952],[16.77215086900003,-4.067816383999968],[16.80167533700006,-4.082334574999948],[16.87153798400004,-4.02769938299997],[16.91591224600006,-3.963889665999943],[17.00160974900007,-3.957328423999968],[17.06997951800003,-3.997617830999957],[17.11312103000006,-3.998576120999928],[17.16140995300003,-3.922535062999941],[17.18674015700003,-3.912384725999971],[17.22164863000006,-3.858922385999961],[17.22919065400004,-3.811743732999958],[17.27195780900007,-3.743145254999945],[17.28299850800005,-3.705778198999951],[17.31525028000004,-3.695178362999968],[17.32418816000006,-3.64340668799997],[17.31326953200005,-3.595518387999959],[17.29062108100004,-3.566078249999975],[17.27220209100005,-3.493251831999942],[17.28360470000007,-3.460697340999957],[17.35499517300008,-3.386953487999961],[17.34032339300006,-3.330607635999968],[17.36007794600005,-3.314782134999973],[17.37894833200005,-3.258696416999953],[17.37733201500004,-3.223748249999971],[17.46342356300005,-3.261036346999958],[17.50875405900007,-3.261336090999976],[17.57052282400002,-3.306455539999945],[17.63193371800003,-3.302499090999959],[17.68293057000005,-3.334082058999968],[17.71950507900004,-3.324770092999927],[17.75399910300007,-3.364691323999978],[17.81060053200002,-3.38933125899996],[17.82544836800002,-3.424927995999951],[17.88616079700006,-3.418153982999968],[17.92394108500002,-3.413394267999934],[17.98276136100003,-3.381223954999939],[18.03411,-3.378179904999968],[18.10742608200007,-3.409016059999942],[18.14721795400004,-3.454487289999975],[18.19782512400008,-3.416804558999956],[18.26088062800005,-3.431849410999973],[18.26689288300003,-3.461050872999976],[18.32922639700007,-3.505927567999947],[18.36942557800006,-3.548599128999967],[18.41823634200006,-3.570227920999969],[18.45201949100004,-3.565193847999979],[18.51883698800003,-3.607244778999927],[18.54643787400005,-3.597346461999962],[18.62702572200004,-3.597653177999973],[18.66518963400006,-3.619267244999946],[18.69914401900007,-3.618304035999927],[18.78943301900006,-3.661491515999955],[18.81088245600006,-3.656084033999946],[18.86200439600003,-3.691811193999968],[18.91880332700003,-3.67869000099995],[18.95286078900006,-3.697217525999974],[18.99897321700007,-3.715902330999938],[19.08056811000006,-3.773183425999946],[19.15236745400006,-3.796042670999952],[19.16501227600003,-3.811380483999926],[19.23062953700003,-3.833152703999929],[19.25526995100006,-3.85462561099996],[19.30456896100003,-3.872221653999929],[19.36031472500002,-3.916457784999977],[19.41252884700003,-3.941445084999941],[19.50751665700005,-3.979264511999929],[19.55644292100004,-4.03149347699997],[19.63438974300004,-4.065783422999971],[19.64585374600006,-4.05999199799993],[19.73895280200003,-4.08417656599994],[19.79721943100003,-4.107657139999958],[19.82149544100002,-4.127411087999974],[19.85069782300008,-4.127698557999963],[19.91213496100005,-4.18773430799996],[19.96332517400003,-4.200809480999908],[20.02968895776543,-4.280634253417136],[20.13227460000007,-4.277213499999959],[20.16422510000035,-4.336290899999824],[20.20628210000024,-4.3303213],[20.23237460000036,-4.372278499999936],[20.32260420000034,-4.380472799999893],[20.34024230000023,-4.370288699999946],[20.34635780000036,-4.327261599999872],[20.38236380000029,-4.2912933],[20.41615960000024,-4.298953599999891],[20.44870654600021,-4.265369962999898],[20.51645550000012,-4.259855499999901],[20.59953650000011,-4.220421899999963],[20.62219580000021,-4.195255699999905],[20.63450360000019,-4.158245499999964],[20.6295402450001,-4.134134975999871],[20.65995810000027,-4.124956719999886],[20.65757239120143,-4.030225470940366],[20.640384369,-3.972010001999877],[20.64670280000007,-3.891038199999969],[20.6303748353677,-3.55608472447972],[20.61017448000007,-3.485698086999946],[20.60922269600007,-3.439536543999964],[20.62544989373889,-3.374180430317088],[20.63396671379886,-3.276721589072986],[20.64810648100007,-3.265524642999935],[20.66910409800005,-3.16206885899993],[20.68417332600006,-3.136553815999946],[20.74895320000007,-2.9239497],[20.78657312000007,-2.832544406999943],[20.80174061900004,-2.7381452299999],[20.79916186900005,-2.70075335699994],[20.81205561800004,-2.664650859999938],[20.79130007500004,-2.575631157999965],[20.81200138500003,-2.558927341999947],[20.88718422200003,-2.56403368499997],[20.95420896521536,-2.543383816175274],[20.96179651977827,-2.489827301664152],[21.01633631256659,-2.494441893684252],[21.02010444000007,-2.434611944999972],[21.01365322800007,-2.396942595999974],[20.91807455600002,-2.28098948],[20.89110755500008,-2.219209296999963],[20.84354028000007,-2.193234976999975],[20.74311450000005,-2.084196074999966],[20.71516665200005,-2.033513351999943],[20.65646788400005,-1.961224895999976],[20.61644530029925,-2.016757799775689],[20.52898299200007,-2.045307671999979],[20.40955696000003,-2.135319444999936],[20.38207585300006,-2.179727851999928],[20.35674580500006,-2.200391740999976],[20.30824900200003,-2.161606159999963],[20.25891435000005,-2.088938838999979],[20.23829580200004,-2.046443772999964],[20.19651012800006,-1.993885787999943],[20.18947824000003,-1.961698887999944],[20.16214582600003,-1.926370443999929],[20.13833890000006,-1.916361685999959],[19.97858357400003,-1.897579477999955],[19.91365632000003,-1.891810885999973],[19.84387284000007,-1.67799813299996],[19.83362444600004,-1.666528210999957],[19.69402137000003,-1.710826310999948],[19.64456236700005,-1.749581759999955],[19.63434060000003,-1.777542131999951],[19.60128320660418,-1.802018591902709],[19.53127620000004,-1.795404967999957],[19.50541068100006,-1.776338049999936],[19.51784928000006,-1.747260948999951],[19.51553677500004,-1.696712733999959],[19.44422392885774,-1.690011507464996],[19.42918615700006,-1.635242193999943],[19.44417676100005,-1.600383090999912],[19.45576621209578,-1.529128898207923],[19.54109579900029,-1.518104349999874],[19.54256747100015,-1.487120748999871],[19.5090722190003,-1.450983719999954],[19.47717284800035,-1.390846735999958],[19.44065475700035,-1.364858195999943],[19.3957852770003,-1.296214290999956],[19.35524839200048,-1.143210675999853],[19.32900662800046,-1.131112674999827],[19.30036382600048,-1.058925316999932],[19.25964797700038,-0.98860187299988],[19.22681141500044,-0.9736112679999],[19.20158912900041,-0.943511086999933],[19.17232176000039,-0.933517350999864],[19.15697423600045,-0.904725873999837],[19.16890516200044,-0.847861368999872],[19.16554045800041,-0.799291330999836],[19.13617120100037,-0.697955871999966],[19.14408055000223,-0.680015226990463],[19.11494066500092,-0.683941919999882],[19.08584543600097,-0.716759324999771],[19.05537026800101,-0.770522213999868],[18.99764553700106,-0.801430125999957],[18.95877698300097,-0.809133015999862],[18.89504108300088,-0.85449244099982],[18.83974991749257,-0.818036011099417],[18.79300008,-0.82199992999989],[18.76899996000003,-0.867999935999933],[18.74900016000026,-0.934999988999891],[18.74300004000014,-1.011999983999885],[18.75200004000015,-1.023000066999941],[18.81799991772272,-1.03799992148222],[18.85097624500003,-1.078000081999903],[18.86900004000006,-1.132999989999973],[18.86094139198349,-1.170418391335211],[18.82997636500005,-1.18399995599998],[18.79800012000004,-1.143999989999941],[18.74499984000005,-1.118000067999958],[18.71997620500002,-1.182999873999961],[18.72629852500006,-1.222947013999942],[18.69743022100005,-1.221297949999951],[18.63459975900003,-1.239912108999931],[18.57213216000002,-1.260752898999954],[18.51338751700007,-1.256997990999935],[18.47460348000004,-1.231504875999974],[18.43842056500006,-1.188062989999878],[18.40597452000014,-1.180418759999952],[18.31517516000014,-1.11960492899982],[18.20533572000051,-1.106870044999937],[18.13152672000029,-1.106411795999861],[18.13396146300022,-1.157558150999819],[18.12394065700028,-1.208105373999956],[17.91038664000041,-1.376255990999937],[17.73208152000041,-1.411480261999941],[17.71024824000045,-1.427858791999824],[17.65662218800003,-1.441814881999846],[17.61266052000025,-1.458078817999933],[17.52840017300048,-1.477739086999918],[17.48693062100028,-1.498133557999836],[17.43276061400024,-1.529324396999812],[17.3930758620005,-1.57021851899998],[17.34705036800017,-1.588866801999814],[17.28249344700009,-1.6683488799999],[17.20987677000039,-1.697946625999975],[17.18206104100005,-1.734063378999849]]]},"properties":{"q101":"md Maindombe Province","level_1_id":"ymGeqzoPhN3","level_1_name":"République Démocratique du Congo","level_2_id":"u0vP3ZicczY","level_2_name":"md Maindombe Province","total_population":1676859.12109375,"pop_0_12mo":67720.44140625,"pop_0_5yo":315359.0224609375,"pop_6_12mo":33860.220703125,"pop_12_24mo":61909.64526367188,"pop_6_24mo":95769.86596679688,"births_per_year":69886.93643575851,"imr":31.0,"pred_bcg":0.628934170192906,"pred_bcg_count":60232.94118131322,"pred_rota":0.5414004856162851,"pred_rota_count":51849.85194183036,"pred_var":0.5012052459344931,"pred_var_count":48000.35922500187,"pred_vaa":0.4756463836697068,"pred_vaa_count":45552.59041163946,"pred_polio":0.6627432248805278,"pred_polio_count":63470.82981721087,"pred_pcv":0.5908481088642553,"pred_pcv_count":56585.44419266514,"pred_zerodosepenta":0.4001511753320451,"pred_zerodosepenta_count":38322.42442800619,"pred_zerodoseall":0.3053401880484494,"pred_zerodoseall_count":29242.388883676555}},{"type":"Feature","geometry":{"type":"Polygon","coordinates":[[[25.79298066111346,-1.821930133482624],[25.75772654864153,-1.852716910157255],[25.73515783706478,-1.854681393731312],[25.60145220055487,-1.921813987426069],[25.55642339992028,-1.929907984965439],[25.53815627968885,-1.949241985329252],[25.4961072003872,-1.96422985002738],[25.4481473,-2.0111849],[25.42259501293208,-2.0546531658445],[25.26072312813568,-2.104603198943551],[25.24961682006085,-2.059197661212693],[25.20926116140197,-2.070999787801611],[25.1994941,-2.04497],[25.22753542192669,-2.030073058501216],[25.2146048,-2.0028693],[25.2296349,-1.9426637],[25.1879211,-1.9560455],[25.1684068,-1.9776188],[25.02451344100035,-1.968570960999841],[24.97823532000029,-1.981554878999816],[24.59974320277516,-1.98078579273166],[24.60872314900024,-2.064663052999833],[24.62155992000015,-2.091098680999892],[24.66363924000018,-2.13947428899985],[24.68109708000009,-2.18958470199982],[24.69430836000021,-2.362520249999932],[24.71985396000019,-2.365336678999881],[24.9015077967089,-2.371648832812041],[24.9315065910003,-2.384391141999856],[25.04653725600031,-2.386145474999978],[25.06372510273144,-2.420975590051398],[25.03608528410859,-2.437650852704564],[25.02272223084645,-2.468602881617642],[25.04642166272953,-2.50692172146023],[25.01809655890924,-2.538045072122259],[25.03260175296862,-2.568768672336319],[25.08082067343543,-2.61476041725939],[25.09397814077863,-2.640892609706043],[25.074561739133,-2.704898207786016],[25.11330317130449,-2.764061125720332],[25.10259011973824,-2.816689960872964],[25.08250856781626,-2.833095571703154],[25.02111847433821,-2.941955912635137],[25.03616681214874,-2.96675703560868],[25.01171960297739,-2.993114323866848],[24.99922743250016,-3.042964031764598],[25.02247476709687,-3.082962771914254],[25.00012686875999,-3.090634153543306],[25.00726525188992,-3.154022994765285],[24.98784885024435,-3.158020489354044],[24.97785511422217,-3.198566505639576],[24.95272800589282,-3.19656775789565],[24.95501228838668,-3.233972884740695],[24.94426243296522,-3.258150835992183],[24.88639394162738,-3.299267922676393],[24.88418202667941,-3.36766940871621],[24.84710398865838,-3.37336385475794],[24.81739402331573,-3.458539267173421],[24.78887245539977,-3.460437239586895],[24.77832516855561,-3.500873748770666],[24.79885500385569,-3.546079276937007],[24.77413631274095,-3.569564218713538],[24.77936526609443,-3.617481123454979],[24.80004340308079,-3.679389803796369],[24.78578261867318,-3.709512399677465],[24.75084369907768,-3.748646520820216],[24.74490170564951,-3.80936023059013],[24.77131584634963,-3.816830567876109],[24.77017498348891,-3.843391241412636],[24.80478115212864,-3.868812825551332],[24.82911955592282,-3.916239110546476],[24.85726083561923,-3.905615855387403],[24.86220457438173,-3.947728681333373],[24.91126167018996,-3.976561458744243],[24.90023333070366,-4.001599631317845],[24.92396019460733,-4.023651810082924],[24.95390783997499,-4.025074372084532],[24.98642242655387,-4.047266018611708],[24.97501379974705,-4.103880403557753],[25.00439101413406,-4.122371673513783],[24.98585199557323,-4.149681067726988],[25.01180662137858,-4.166464499037318],[25.00366510566028,-4.254573004440545],[25.01249017232123,-4.283282652449439],[24.99368255720435,-4.311930847230769],[24.99059272137731,-4.368810383792038],[24.97324210114238,-4.388954187685556],[25.00295206648502,-4.440140697335266],[24.99368255720435,-4.467391328047313],[24.92903367136694,-4.524969758347481],[24.91833808373576,-4.56572209709708],[24.88244844494011,-4.587045074070886],[24.86058190962757,-4.649351892375819],[24.86771230138174,-4.700046153606991],[24.89575850924791,-4.749789274755187],[24.93164814894305,-4.79431816804896],[24.96055824916424,-4.803307197668894],[24.9992751378234,-4.86724182859348],[25.01071230000002,-4.912851799999942],[25.05034270000004,-4.981029399999954],[25.07495061600008,-4.992058721999911],[25.19472130392751,-4.989369395994231],[25.36898379100012,-4.993004057999883],[25.39444266200047,-4.9847505199999],[25.40586407400008,-4.952627795999945],[25.42691663000011,-4.946084689999907],[25.44083647700012,-4.988914987999976],[25.47049022837456,-4.99500864946225],[25.64786326500052,-4.998635760987156],[25.68176257900018,-4.979039812999929],[25.76385398200011,-4.953341633999969],[25.81214305497895,-4.919875211419026],[25.82810187100017,-4.960492920999968],[25.80322603300016,-4.974212322999904],[25.80201993300005,-5.009490782999933],[25.73900114500015,-5.054267288999824],[25.73990572000014,-5.104320487999928],[25.76344233100026,-5.147757488999899],[25.78247801900033,-5.126639770999938],[25.82657419500003,-5.113634024999953],[25.92903378700009,-5.100023507999936],[26.00071190800014,-5.067935693999914],[26.00787540500016,-5.03729975899995],[26.08030232400034,-4.989979222999921],[26.21829644400015,-4.988163510999868],[26.28075686333352,-4.992289742999844],[26.29252751900003,-5.00984362],[26.33985024000003,-5.021645745999933],[26.43842830000006,-4.988658],[26.50965180000003,-4.99240190699993],[26.52682795400005,-4.974559549999981],[26.56718678500005,-4.994556538999973],[26.58113637600007,-4.976357628999949],[26.68776891600004,-4.964756308999938],[26.71376527000007,-5.01179349399996],[26.76205119700006,-4.988790768999934],[26.80431003900003,-5.014562599999977],[26.87844229468933,-4.981595967848523],[26.95207880000004,-4.998521],[26.95462550499855,-4.966355430348415],[26.96708838510049,-4.957287945593969],[27.008065,-4.982650599999943],[27.06681770000006,-4.999154399999952],[27.09967347200006,-4.996735357999967],[27.12647572100008,-5.023385320999978],[27.16689703400004,-5.040331637999941],[27.20709459400007,-5.029923198999938],[27.22261642000007,-5.008762330999957],[27.27635383400008,-5.033810408999955],[27.32904776300006,-4.995861576999971],[27.37756870000004,-4.998396683999943],[27.40731005900005,-4.988764625999977],[27.50299398300007,-5.047170333999929],[27.49596017400006,-4.99655033199997],[27.53674128100005,-5.000052898999968],[27.57117263641158,-5.053594716982745],[27.61564249500003,-5.066473172999963],[27.61322029400003,-5.092238977999955],[27.66670677000008,-5.11582705],[27.71073578600004,-5.109040205999975],[27.74736248300007,-5.068334844999981],[27.81660784300004,-5.065858211999966],[27.87121713800008,-5.073282690999974],[27.92050240600003,-5.05994887199995],[28.04908646800004,-4.996420954999962],[28.11547343100005,-4.986665164999977],[28.16748334700003,-4.963174694999964],[28.30294699500007,-5.019078648999937],[28.37987994000019,-5.015513070999873],[28.41402110249407,-5.027014587192062],[28.44123089000004,-5.018905643999972],[28.80351450900023,-5.010333578999951],[28.74871254000044,-4.946201323999901],[28.76613426200043,-4.912279128999955],[28.75004386900036,-4.900884627999972],[28.73466325067873,-4.848936480425358],[28.68800926200049,-4.792619704999822],[28.68387413000045,-4.741165160999742],[28.65563774100053,-4.703321456999845],[28.60729026800033,-4.67660903899997],[28.59846738764673,-4.647867280867183],[28.61387003757223,-4.627501426149851],[28.60130648340756,-4.560305448037877],[28.53204400802472,-4.497871068095201],[28.52214037417906,-4.419572206592022],[28.50634075262366,-4.416336140100668],[28.50002215459875,-4.33407817246956],[28.39603019104072,-4.369941408968828],[28.37788362133233,-4.330960279593171],[28.34913973291248,-4.339145625570097],[28.34209652773268,-4.302787460672732],[28.32363191098437,-4.282419275029383],[28.25738771597048,-4.269284650466204],[28.25152034828565,-4.194074365739292],[28.22844909375072,-4.189277372053049],[28.20611150704076,-4.148383162552818],[28.1810986135103,-4.159614218221293],[28.16901285475973,-4.205518780167438],[28.12037587904405,-4.226693421164327],[28.07181203170035,-4.18790630253369],[28.01616690817644,-4.185073792421178],[28.01619690866067,-4.144672600260208],[27.94683495856961,-4.134295617342261],[27.8637180329805,-4.112356185794681],[27.83426856986955,-4.089921951218344],[27.82711982715921,-4.044187545859245],[27.8377818893681,-4.022388498153257],[27.79855155940703,-4.004011154391151],[27.76722907995816,-4.003999709618824],[27.63639640836755,-4.021928787283628],[27.58057212820125,-3.994932174580072],[27.55877149430086,-3.993708827846319],[27.52048763449676,-3.967148593033016],[27.48045558255922,-3.96092392290069],[27.44511154626099,-3.987221451208939],[27.39220225123296,-3.939286888279184],[27.34660530059426,-3.935260772766412],[27.31202507020095,-3.915472031109289],[27.19693946828193,-3.888280868966831],[27.14120020160768,-3.820362333962842],[27.089621,-3.7325941],[27.0980400003458,-3.690010000361156],[27.09443000024436,-3.636409999921511],[27.13132752094839,-3.559412471808059],[27.11882087858072,-3.545916550908032],[27.13357709680565,-3.498900577999223],[27.12018013010896,-3.471378325948933],[27.11454582173235,-3.387208939241134],[27.0942949193751,-3.333057964653278],[27.14202690102073,-3.265302657691474],[27.11627377006484,-3.236613784427726],[27.12747958000937,-3.208446312923483],[27.11856659088783,-3.17863096782245],[27.13173404789411,-3.151729514002875],[27.1137179248713,-3.068966119145395],[27.06071016202223,-3.044076350071604],[27.05797684377833,-2.988091378107214],[26.99835932811027,-2.94551073396653],[26.97979752000002,-2.928774561999965],[26.95712723991517,-2.836788989160084],[26.91622332017516,-2.807461001061995],[26.94577428007966,-2.73974594410987],[26.94294539985538,-2.712378019215009],[26.90570448005178,-2.695617709792941],[26.90497331978167,-2.664688921028301],[26.88164424009494,-2.64485306205944],[26.85883056214038,-2.602324467000244],[26.85977608480286,-2.602084571709739],[26.85488147999644,-2.579809416171599],[26.87055444013538,-2.542539473617751],[26.85288778104632,-2.473076192212375],[26.82020052013803,-2.4465472323688],[26.8154157320505,-2.354061906431809],[26.82453361070169,-2.340763808523311],[26.8552765,-2.3302928],[26.8511541,-2.2887071],[26.86816823141587,-2.158609006232881],[26.93530057236364,-2.155941509692866],[26.9648080337638,-2.129032660928431],[27.01984245016899,-2.1499008048782],[27.06036684405473,-2.202121710248605],[27.09867998129619,-2.203725775224314],[27.12501489532133,-2.221634422990178],[27.14483738403811,-2.211855228336049],[27.1718615690562,-2.22883129442863],[27.22733601834273,-2.238538645841743],[27.25583381717706,-2.230552800071564],[27.288039232412,-2.242129840558782],[27.31919472006035,-2.195960790358072],[27.35302931984734,-2.165263356818343],[27.38469129154064,-2.167126208513485],[27.45257976024777,-2.13052152185071],[27.44614622436882,-2.107206862206851],[27.47235744024374,-2.033949074889847],[27.39364271963598,-2.016894606800633],[27.38091059384891,-1.991221071295286],[27.73968187441909,-2.000571227280204],[27.78457067999307,-2.028763622642998],[27.83839311515032,-2.033875539124722],[27.85939761999549,-2.015232607707139],[27.82625000016884,-2.001249999793799],[27.79374999993149,-1.954583333127005],[27.80624999991898,-1.877916666810279],[27.76791666676058,-1.815416666872807],[27.7271582,-1.7728859],[27.6846361,-1.77166],[27.6669858,-1.7037326],[27.57857119410284,-1.643736907216123],[27.54851892990251,-1.637312691113777],[27.5333294692399,-1.572852761023],[27.47981248382973,-1.505180723105809],[27.47741701324236,-1.474311820217054],[27.4541098,-1.4291741],[27.43424410379134,-1.42667462576668],[27.41147711208964,-1.458133631980672],[27.39142439181126,-1.45005151578232],[27.35580959196972,-1.379349382034036],[27.2679167,-1.33625],[27.2504167,-1.3079167],[27.29625000006882,-1.277916666960209],[27.2843358,-1.2505028],[27.22837094736144,-1.199881526211414],[27.26324551673268,-1.169328002956987],[27.3304378,-1.1935459],[27.31441225761989,-1.137063756287262],[27.27198460194069,-1.058844279481813],[27.26871559676051,-1.013093107110839],[27.29516909134615,-0.971478276578854],[27.3440474,-0.9462405],[27.3682948,-0.964109],[27.4098503,-0.9501893],[27.4558459,-0.9162957],[27.49970078746162,-0.900438745851375],[27.5433479071803,-0.909482823873134],[27.57506714773086,-0.903398715977858],[27.63523314879109,-0.932835455591714],[27.67952322891398,-0.929920561284746],[27.70632414824115,-0.893058433399858],[27.7319482,-0.9037844],[27.796454,-0.8800751],[27.8201937,-0.8269714],[27.8048515,-0.7698995],[27.8302359,-0.7330813],[27.8362548,-0.6693837],[27.8577769,-0.6395434],[27.8472412,-0.5954182],[27.66047166873261,-0.595424959494039],[27.60143346877982,-0.572945562287828],[27.55951722833765,-0.53450059522612],[27.5191361998863,-0.541526918304896],[27.49854636009513,-0.528502886074421],[27.49682448036566,-0.494974958727312],[27.47193119486889,-0.49115397587525],[27.41519344531605,-0.516835975849574],[27.3585834446705,-0.515640851444005],[27.34796344505708,-0.481221975613664],[27.3003923197499,-0.452661976069294],[27.19310432020831,-0.446558976115739],[27.13048132004292,-0.41918485129969],[27.11782832022078,-0.387987850758634],[27.07284531965581,-0.380078851157975],[27.0701751947974,-0.329332976026762],[26.9940221947881,-0.275811975671843],[26.95634244473649,-0.266040975707824],[26.9058053201594,-0.228976851000823],[26.88573019484477,-0.230407976260153],[26.84595857033196,-0.205711976026748],[26.82844919468141,-0.226421975994924],[26.84086602884742,-0.25922609751359],[26.79064744512362,-0.252464976377496],[26.71211961442884,-0.312231292639922],[26.62751978431066,-0.328637897221142],[26.61475931998672,-0.352087670109768],[26.55991187982943,-0.378441656956795],[26.52494006932881,-0.383289975851596],[26.4890496,-0.3645247],[26.48309635553828,-0.345713357789932],[26.43634374286961,-0.313611856301975],[26.43002330033511,-0.281423697545563],[26.39346421430213,-0.258429880034896],[26.35707353081898,-0.190799947559412],[26.3295669611465,-0.192417980805146],[26.31117372808524,-0.156169272393868],[26.27868456713918,-0.123984682147295],[26.21295168617166,-0.079452555790681],[26.14426674101765,-0.054896517859959],[26.13142657517665,-0.012699751892001],[26.09230823623648,0.010143073943993],[26.0338340631917,0.015505874296764],[25.9524643,0.0459543],[25.91522980631837,0.028257469399349],[25.93636359640328,-0.032075515872179],[25.94861782065641,-0.156515378281995],[25.96003923312446,-0.18078588056386],[25.9614669095705,-0.260735770539213],[25.98859276474462,-0.349251719191386],[25.98573741185237,-0.502013116012392],[25.97682160869236,-0.545045505753226],[26.03535814246447,-0.546424143259571],[26.07978939276632,-0.53645201794609],[26.13451310509578,-0.497008660421216],[26.1586573551528,-0.493940410121809],[26.19959631941464,-0.461164035391846],[26.22377191624111,-0.462633101336451],[26.27346635989238,-0.498403958787776],[26.2578895200428,-0.576987858201335],[26.25662447977999,-0.624769900841784],[26.23023828004852,-0.668004877281987],[26.23764671979058,-0.687745402870917],[26.24196074046301,-0.807124716213195],[26.2596567598888,-0.855461956927741],[26.24365295986246,-0.894267688851983],[26.20964376018873,-0.922676150837674],[26.16344027992267,-0.932569860805131],[26.13016140533273,-0.953418558555825],[26.13101911843791,-1.024869992755782],[26.12174320508512,-1.092850499850613],[26.14839316781081,-1.125211169260012],[26.16761223301836,-1.172237796437003],[26.17062509587161,-1.212913056092511],[26.12722372669373,-1.286619239985896],[26.0883234958327,-1.283390929247958],[26.0752007738295,-1.310631823765738],[26.06524272377271,-1.383804183716052],[26.04620703572624,-1.372858662797],[26.018503,-1.4028613],[26.06548066999704,-1.420209937138793],[26.04692087439906,-1.448049630985622],[26.05679037535849,-1.468998385758448],[26.0337386604109,-1.499136658529778],[25.9966190683154,-1.493997023144061],[25.96349697170808,-1.511414677045593],[25.9524134,-1.4763092],[25.89296974735606,-1.469155449564255],[25.87069799191886,-1.426896222082917],[25.80645254554872,-1.408336426484709],[25.79702987992511,-1.447454765424993],[25.81130664528564,-1.517410919378392],[25.8054591202424,-1.645543091440459],[25.79641716821794,-1.676951976852081],[25.78642343219593,-1.771178633087288],[25.79298066111346,-1.821930133482624]]]},"properties":{"q101":"mn Maniema Province","level_1_id":"ymGeqzoPhN3","level_1_name":"République Démocratique du Congo","level_2_id":"uyuwe6bqphf","level_2_name":"mn Maniema Province","total_population":3318721.90625,"pop_0_12mo":125501.18432617188,"pop_0_5yo":584437.09765625,"pop_6_12mo":62750.59216308594,"pop_12_24mo":114733.97833251952,"pop_6_24mo":177484.57049560547,"births_per_year":133939.36427553027,"imr":63.0,"pred_bcg":0.5692219395714211,"pred_bcg_count":101028.11146150916,"pred_rota":0.4735197631013345,"pred_rota_count":84042.4517752212,"pred_var":0.4213150175910251,"pred_var_count":74776.91494049155,"pred_vaa":0.4020987733725537,"pred_vaa_count":71366.32808883749,"pred_polio":0.613199910255452,"pred_polio_count":108833.52269963271,"pred_pcv":0.5236177576386642,"pred_pcv_count":92934.07281837036,"pred_zerodosepenta":0.4635331726723364,"pred_zerodosepenta_count":82269.98606221496,"pred_zerodoseall":0.3424285636209098,"pred_zerodoseall_count":60775.78653968428}},{"type":"Feature","geometry":{"type":"Polygon","coordinates":[[[30.1974278,4.0097053],[30.1612271,4.0488696],[30.1632868,4.1155339],[30.1224891,4.1119622],[30.0593278,4.132783],[30.0255337,4.1804721],[30.0278281,4.2054366],[29.9581463,4.2241548],[29.9445944,4.2479404],[29.965652,4.2957091],[29.9029845,4.3476102],[29.8382072,4.3377151],[29.8071419,4.3669358],[29.7972113,4.4375174],[29.8097738,4.4994379],[29.7984519,4.5070716],[29.8258989,4.5602072],[29.7942062,4.5608076],[29.7660302,4.5861103],[29.7496478,4.5697279],[29.6846196,4.6212179],[29.6199858,4.6593166],[29.6011736,4.6498425],[29.551552,4.6707816],[29.534009,4.655339],[29.4902533,4.6947189],[29.4731181,4.6485713],[29.4745222,4.5924704],[29.4483377,4.5666508],[29.4459128,4.5201174],[29.4037667,4.4728196],[29.3696295,4.4710773],[29.3550912,4.4478546],[29.3468929,4.3972808],[29.3030492,4.3843221],[29.2688262,4.3975739],[29.2500154,4.3521376],[29.2214292,4.3411199],[29.1788054,4.3792527],[29.1377958,4.4289521],[29.0800291,4.4342987],[29.035206,4.4913269],[28.9992225,4.4944751],[28.9703053,4.4792567],[28.9098365,4.4760389],[28.873713,4.4921275],[28.8365575,4.4795602],[28.8092887,4.5003126],[28.8022525,4.5562967],[28.7302646,4.5450125],[28.6956639,4.5026974],[28.6860794,4.459241],[28.6678721,4.428663],[28.6015026,4.4183687],[28.584068,4.3840647],[28.517385,4.3792981],[28.490178,4.3248943],[28.4508463,4.2877595],[28.3824473,4.285291],[28.3559056,4.3528297],[28.3013404,4.3607835],[28.2574193,4.3489113],[28.2064509,4.3520012],[28.1742557,4.3879198],[28.1467319,4.3958078],[28.1500929,4.4258811],[28.1152653,4.4470625],[28.0890647,4.4343521],[28.0373226,4.4792821],[28.0416309,4.5309902],[28.017359,4.554845],[27.9790498,4.5558981],[27.9433489,4.5736381],[27.9226587,4.5353769],[27.8860524,4.5427033],[27.8421004,4.5895434],[27.7925064,4.6063867],[27.7952356,4.633835],[27.7660522,4.6899968],[27.7823335,4.7276335],[27.7713971,4.7913221],[27.7292304,4.7993344],[27.7070099,4.8169347],[27.6738823,4.8781604],[27.6483055,4.8960954],[27.5587866,4.8919625],[27.5064634,4.9394512],[27.5121558,4.961285],[27.4498383,5.0040127],[27.4414187,5.0742215],[27.3048866,5.1299683],[27.2624804,5.1508198],[27.2294329,5.1532032],[27.1857255,5.1853152],[27.1353151,5.2073136],[27.0857845,5.2086362],[27.021812,5.1862861],[26.9746742,5.1615645],[26.9874824,5.0954835],[26.9364478,5.0815218],[26.940874,5.0437141],[26.9293363,5.0108291],[26.9822786,4.9375941],[26.9988422,4.8641978],[27.0468425,4.838387],[27.0354336,4.7971725],[26.9774117,4.7848902],[26.9889314,4.7522241],[27.0275494,4.6972702],[26.9767224,4.6359721],[26.9683153,4.5848621],[26.9653387,4.5065285],[27.0017659,4.4977086],[27.017709,4.5111418],[27.1551722,4.4553001],[27.1943975,4.4440701],[27.2173104,4.4583691],[27.2727875,4.4706321],[27.2911999,4.4504488],[27.2669065,4.4178026],[27.2654708,4.3663841],[27.2408904,4.3117223],[27.2405243,4.224761],[27.2007673,4.1215911],[27.1911924,4.0789951],[27.2180462,4.0507141],[27.2293243,4.0109051],[27.2270855,3.9678571],[27.257005,3.9220727],[27.2693339,3.8773378],[27.2943536,3.8376203],[27.3068833,3.7838383],[27.3283773,3.7697586],[27.3424,3.7316],[27.3216445,3.6546894],[27.3672659,3.6232985],[27.3740442,3.5484719],[27.33315,3.4991749],[27.3134563,3.4574871],[27.2803122,3.4129956],[27.2860801,3.3726617],[27.2728642,3.3316756],[27.2435,3.2966991],[27.2834014,3.2788042],[27.2948188,3.2537031],[27.3565174,3.2938391],[27.4075463,3.3015492],[27.4349353,3.2947805],[27.4699283,3.3181397],[27.492,3.3054155],[27.5333425,3.3058015],[27.594297,3.3209071],[27.6142305,3.3067279],[27.6533019,3.3175819],[27.665482,3.2769193],[27.6573329,3.2189486],[27.7089599,3.1549443],[27.7375,3.0881],[27.7126,3.0416001],[27.6735499,3.0132437],[27.5785,2.9849],[27.5519772,2.9583861],[27.6401199,2.9262506],[27.6609141,2.912805],[27.6443833,2.8675409],[27.6026699,2.8543764],[27.594634,2.8194589],[27.5366743,2.850596],[27.5224514,2.84172],[27.5041058,2.7888697],[27.4750945,2.7825733],[27.3731324,2.7362938],[27.3274344,2.753808],[27.2859764,2.787825],[27.2467764,2.8439361],[27.1966212,2.871725],[27.1478233,2.8614717],[27.1381403,2.9082044],[27.1227837,2.8557618],[27.1248152,2.8283661],[27.0976583,2.773096],[27.0451879,2.7224413],[27.0105336,2.7258796],[26.9755682,2.701351],[26.9333345,2.6405321],[26.9313185,2.6119931],[26.9105846,2.5886528],[26.9014705,2.5364661],[27.0181422,2.5373321],[27.0332014,2.565658],[27.1299722,2.568781],[27.1489781,2.5438614],[27.1483862,2.4843511],[27.1669712,2.4406531],[27.1530853,2.3897821],[27.1883484,2.360143],[27.1779174,2.2899501],[27.1229897,2.2240212],[27.1197696,2.1817009],[27.0834595,2.1348439],[27.0501784,2.1149181],[27.0536116,2.038579],[27.0376471,1.9984352],[27.0430242,1.9412176],[27.0746255,1.9083601],[27.1109624,1.9153102],[27.1429924,1.896028],[27.2101802,1.9112941],[27.2284092,1.959626],[27.2485062,1.9759831],[27.2310714,2.0258851],[27.2666923,2.0471924],[27.2941189,2.0237711],[27.3137653,2.0365091],[27.3571884,1.995519],[27.3570095,1.9625475],[27.3881926,1.8979137],[27.336926,1.8707725],[27.3509849,1.8411042],[27.3466466,1.7601011],[27.3166396,1.7359478],[27.3026588,1.6865589],[27.2790095,1.6495926],[27.2647219,1.5903836],[27.214092,1.5889062],[27.2079122,1.5650543],[27.2909963,1.5448057],[27.3505628,1.5611076],[27.358554,1.5355183],[27.3668922,1.5365391],[27.4137342,1.5441193],[27.5046944,1.5702461],[27.5515502,1.5546451],[27.5871845,1.5125702],[27.5839038,1.4618913],[27.6182528,1.4533665],[27.6358097,1.4753972],[27.7505813,1.4496138],[27.7565594,1.477965],[27.7912865,1.4841921],[27.810647,1.5233928],[27.8065631,1.5445052],[27.7562193,1.611962],[27.7075363,1.5947869],[27.6373035,1.5857518],[27.6431018,1.65447],[27.5961323,1.7055733],[27.5600491,1.7574121],[27.5558044,1.7993748],[27.5850508,1.8472555],[27.6306711,1.8204719],[27.6822529,1.8082933],[27.7165386,1.8458456],[27.763429,1.852457],[27.7827235,1.8288438],[27.8472121,1.8276957],[27.8673606,1.7919664],[27.9008572,1.7941625],[27.9412999,1.7485299],[27.9817276,1.7557225],[28.0211018,1.7468767],[28.1803028,1.690053],[28.2195726,1.6835824],[28.1907061,1.7378067],[28.1906262,1.7959849],[28.2404038,1.8346578],[28.2898502,1.8561274],[28.2985553,1.8741115],[28.3087307,2.0879941],[28.3167954,2.3173019],[28.3220961,2.3352347],[28.3788695,2.2963848],[28.4099918,2.2519297],[28.5805814,2.3339701],[28.6093714,2.269069],[28.6466931,2.2440799],[28.7387906,2.2049591],[28.7648312,2.181771],[28.7797183,2.216963],[28.7507153,2.281409],[28.7457023,2.312935],[28.7992567,2.3080216],[28.8571424,2.290155],[28.968782,2.2704719],[28.9930427,2.3341653],[28.9902805,2.4066131],[29.0399238,2.4218115],[29.0937528,2.4520263],[29.147863,2.4446749],[29.1751762,2.4013065],[29.2042606,2.4557402],[29.2029876,2.5294552],[29.2292464,2.543721],[29.2687265,2.4661201],[29.2723603,2.4435651],[29.3279054,2.4138052],[29.4102655,2.4235801],[29.5071084,2.4795771],[29.5489922,2.4928551],[29.6318434,2.4892025],[29.6500397,2.4252584],[29.6391524,2.373503],[29.6431852,2.3146772],[29.6651041,2.2862168],[29.6454802,2.2707178],[29.6059356,2.2758725],[29.6209253,2.1933502],[29.7005544,2.2012352],[29.7727346,2.1502834],[29.7964883,2.1031412],[29.8486036,2.0727532],[29.9034126,2.0651838],[29.9049571,2.0926014],[29.8795577,2.1257054],[29.8665179,2.1717414],[29.9145692,2.1790535],[29.9259048,2.2286727],[29.9487949,2.2618663],[29.9845648,2.2432768],[29.9888885,2.2679019],[30.0214935,2.2774752],[30.0310822,2.3121975],[30.0669289,2.3608529],[30.1109296,2.3704121],[30.1163154,2.3759915],[30.1453644,2.507175],[30.187628,2.5558429],[30.2132678,2.6045175],[30.2086271,2.6693178],[30.1853077,2.7098571],[30.1855856,2.7680929],[30.1486237,2.8024011],[30.1597627,2.8173207],[30.2049976,2.8162786],[30.2106514,2.876856],[30.1118782,2.8819982],[30.1299383,2.9062636],[30.1887126,2.9045683],[30.2062514,2.922814],[30.1750682,2.9470781],[30.1622414,2.9885721],[30.1396827,3.0250969],[30.2059276,3.0725034],[30.2404535,3.0663467],[30.2674842,3.076626],[30.2842356,3.1070831],[30.2551265,3.1162461],[30.2802336,3.1520139],[30.3280246,3.1681069],[30.3336661,3.197633],[30.3591231,3.2295892],[30.3428904,3.2677875],[30.34594,3.293539],[30.3681496,3.3571033],[30.3668064,3.4074692],[30.4063243,3.3977791],[30.4231345,3.4327021],[30.3949315,3.4568851],[30.3742652,3.5016461],[30.3760814,3.5456091],[30.4556922,3.5591311],[30.4715428,3.6296298],[30.5179754,3.6589752],[30.5714601,3.6606466],[30.5778981,3.7537582],[30.5487429,3.8439217],[30.5273314,3.8541932],[30.4701911,3.8316537],[30.4509138,3.8611882],[30.411072,3.8654934],[30.3945019,3.8922622],[30.3463304,3.9237663],[30.327575,3.9175907],[30.277103,3.956474],[30.2356869,3.934044],[30.2113705,3.9400052],[30.1929773,3.9836723],[30.1974278,4.0097053]]]},"properties":{"q101":"hu Haut Uele Province","level_1_id":"ymGeqzoPhN3","level_1_name":"République Démocratique du Congo","level_2_id":"wy1lwIP18SL","level_2_name":"hu Haut Uele Province","total_population":3399522.390625,"pop_0_12mo":106102.44287109376,"pop_0_5yo":494073.943359375,"pop_6_12mo":53051.22143554688,"pop_12_24mo":96992.87512207033,"pop_6_24mo":150044.0965576172,"births_per_year":108047.29416608324,"imr":18.0,"pred_bcg":0.7790129133283044,"pred_bcg_count":116886.28878706277,"pred_rota":0.7806418976228172,"pred_rota_count":117130.7082638395,"pred_var":0.594935343856164,"pred_var_count":89266.53617909345,"pred_vaa":0.5813659089229145,"pred_vaa_count":87230.52257373667,"pred_polio":0.8652460490500058,"pred_polio_count":129825.06172975585,"pred_pcv":0.836482488682429,"pred_pcv_count":125509.2593006223,"pred_zerodosepenta":0.1554083811348103,"pred_zerodosepenta_count":23318.110144854447,"pred_zerodoseall":0.0994478176757677,"pred_zerodoseall_count":14921.557957787198}},{"type":"Feature","geometry":{"type":"Polygon","coordinates":[[[23.0609733,-4.5208152],[23.0885795,-4.535677],[23.1327598,-4.6486735],[23.188694,-4.7682338],[23.1705094,-4.7990499],[23.1358745,-4.794151],[23.1070504,-4.8198455],[23.0816533,-4.8206342],[23.0400961,-4.8415033],[22.9423144,-4.875191],[22.9241264,-4.9062196],[22.9595094,-4.921323],[22.9577598,-4.9475268],[22.9259588,-4.9634586],[22.9050824,-5.029709],[22.9511812,-5.0456849],[22.9605602,-5.06365],[23.0249732,-5.107959],[23.0869722,-5.1780538],[23.1504484,-5.2436826],[23.185148,-5.3092828],[23.2112534,-5.3095458],[23.2835024,-5.2762598],[23.3333144,-5.2608283],[23.3889703,-5.2724886],[23.4322572,-5.2503631],[23.4373402,-5.3066323],[23.4864896,-5.3094685],[23.5218604,-5.3295528],[23.6471671,-5.3508418],[23.7139749,-5.364728],[23.7032407,-5.4485436],[23.7263929,-5.481857],[23.7169216,-5.5556009],[23.7322863,-5.6094365],[23.7634112,-5.6303738],[23.72372445109571,-5.686343491169171],[23.73495552900005,-5.701918269999965],[23.72326906400008,-5.772254184999952],[23.7657674,-5.7824876],[23.7969848,-5.7557757],[23.8354786,-5.7467395],[23.8710679,-5.7800505],[23.8694012,-5.7967171],[23.9006281,-5.8327724],[23.9340862,-5.8499464],[23.95457595600004,-5.824548948999961],[24.05922577400003,-5.846551698999974],[24.07157346900004,-5.856494637999958],[24.19042859800004,-5.857580771999949],[24.18879878100006,-5.775397664999957],[24.17194147900005,-5.730111764999947],[24.17083262300002,-5.684835994999958],[24.11353977400006,-5.642632361999972],[24.08783225400003,-5.59292262799994],[24.05759488000007,-5.581620063999935],[24.04557264400006,-5.548608021999939],[23.98977372300004,-5.51399953799995],[23.99904886200005,-5.464835115999961],[24.02187911300007,-5.432446266999932],[24.05375040600006,-5.43045021599994],[24.04892961900003,-5.401688084999932],[24.08929126700008,-5.388580585999932],[24.09350278300008,-5.361530936305959],[24.14707872700006,-5.354060949999962],[24.15589462900004,-5.370729074999929],[24.20026567600007,-5.391677437999931],[24.20844954700004,-5.412946137999938],[24.28610870800003,-5.414606745999947],[24.30152761500005,-5.386624284999925],[24.35234701400003,-5.350749624999935],[24.37096866600007,-5.312086484999952],[24.48257118700008,-5.356965696999964],[24.52278705200007,-5.353813505999938],[24.54840619000004,-5.37855234899996],[24.59476631100006,-5.340810137999938],[24.62672944700006,-5.355109527999957],[24.61900112200004,-5.314858517999937],[24.59039640100008,-5.313263399999926],[24.58214343700007,-5.282137727999952],[24.58912318900008,-5.190776141999947],[24.60430084900003,-5.144915804999894],[24.64237039200004,-5.107320046999938],[24.60557100200008,-5.084447754999892],[24.64541109100004,-5.048739232999908],[24.6750372000001,-5.000222800999938],[24.71777530000004,-4.996724799999983],[24.7674092890001,-4.91599503],[24.80356266100005,-4.909446293999951],[24.83495173200005,-4.868439271999888],[24.92046110100011,-4.86569130099997],[24.93917006500004,-4.886372666999819],[24.9992751378234,-4.86724182859348],[24.96055824916424,-4.803307197668894],[24.93164814894305,-4.79431816804896],[24.89575850924791,-4.749789274755187],[24.86771230138174,-4.700046153606991],[24.86058190962757,-4.649351892375819],[24.88244844494011,-4.587045074070886],[24.91833808373576,-4.56572209709708],[24.92903367136694,-4.524969758347481],[24.99368255720435,-4.467391328047313],[25.00295206648502,-4.440140697335266],[24.97324210114238,-4.388954187685556],[24.99059272137731,-4.368810383792038],[24.99368255720435,-4.311930847230769],[25.01249017232123,-4.283282652449439],[25.00366510566028,-4.254573004440545],[25.01180662137858,-4.166464499037318],[24.98585199557323,-4.149681067726988],[25.00439101413406,-4.122371673513783],[24.97501379974705,-4.103880403557753],[24.98642242655387,-4.047266018611708],[24.95390783997499,-4.025074372084532],[24.92396019460733,-4.023651810082924],[24.90023333070366,-4.001599631317845],[24.91126167018996,-3.976561458744243],[24.86220457438173,-3.947728681333373],[24.85726083561923,-3.905615855387403],[24.82911955592282,-3.916239110546476],[24.80478115212864,-3.868812825551332],[24.77017498348891,-3.843391241412636],[24.77131584634963,-3.816830567876109],[24.74490170564951,-3.80936023059013],[24.75084369907768,-3.748646520820216],[24.78578261867318,-3.709512399677465],[24.80004340308079,-3.679389803796369],[24.77936526609443,-3.617481123454979],[24.77413631274095,-3.569564218713538],[24.79885500385569,-3.546079276937007],[24.77832516855561,-3.500873748770666],[24.78887245539977,-3.460437239586895],[24.81739402331573,-3.458539267173421],[24.84710398865838,-3.37336385475794],[24.88418202667941,-3.36766940871621],[24.88639394162738,-3.299267922676393],[24.94426243296522,-3.258150835992183],[24.95501228838668,-3.233972884740695],[24.95272800589282,-3.19656775789565],[24.97785511422217,-3.198566505639576],[24.98784885024435,-3.158020489354044],[25.00726525188992,-3.154022994765285],[25.00012686875999,-3.090634153543306],[25.02247476709687,-3.082962771914254],[24.99922743250016,-3.042964031764598],[25.01171960297739,-2.993114323866848],[25.03616681214874,-2.96675703560868],[25.02111847433821,-2.941955912635137],[25.08250856781626,-2.833095571703154],[25.10259011973824,-2.816689960872964],[25.11330317130449,-2.764061125720332],[25.074561739133,-2.704898207786016],[25.09397814077863,-2.640892609706043],[25.08082067343543,-2.61476041725939],[25.03260175296862,-2.568768672336319],[25.01809655890924,-2.538045072122259],[25.04642166272953,-2.50692172146023],[25.02272223084645,-2.468602881617642],[25.03608528410859,-2.437650852704564],[25.06372510273144,-2.420975590051398],[25.04653725600031,-2.386145474999978],[24.9315065910003,-2.384391141999856],[24.9015077967089,-2.371648832812041],[24.71985396000019,-2.365336678999881],[24.69430836000021,-2.362520249999932],[24.68109708000009,-2.18958470199982],[24.66363924000018,-2.13947428899985],[24.62155992000015,-2.091098680999892],[24.60872314900024,-2.064663052999833],[24.59974320277516,-1.98078579273166],[24.5773869,-1.9475377],[24.5192221,-1.9081628],[24.4935443,-1.8228414],[24.44626398850877,-1.714599731614902],[24.26717628000011,-1.70909688699993],[24.19587935900017,-1.716726876999815],[24.12159519200014,-1.704946910999922],[24.08525135700017,-1.709056888999896],[23.96771497200064,-1.698340899999835],[23.95470780175337,-1.736964165037953],[23.81116859431168,-1.73564040214665],[23.76760680000029,-1.76511957699995],[23.7140164800004,-1.773498028999938],[23.68537452000038,-1.815139125999849],[23.66123832000034,-1.824455160999889],[23.57914212000026,-1.794134048999865],[23.56489544100037,-1.820672910999861],[23.59249131600041,-1.884639035999953],[23.58237419100033,-1.938893942999812],[23.58552131600021,-1.990409910999915],[23.45972760000024,-2.030177020999815],[23.44308704259015,-2.090627767470551],[23.40073263668643,-2.101097395896204],[23.35695055417926,-2.092531336275272],[23.30412651984977,-2.095386689482211],[23.27442516000031,-2.079824867999946],[23.24132130550842,-2.043658006175409],[23.21076244100021,-1.988867910999943],[23.17810644100024,-1.961439910999843],[23.07323631600036,-1.915009035999958],[23.02731032407542,-1.911861601917963],[22.92925450352299,-1.950977133903621],[22.88737582198377,-1.949811265145513],[22.93155319100026,-1.87814191099983],[22.86843906600041,-1.884897285999841],[22.75178004000037,-1.842440022999824],[22.6902999600004,-1.808330093999928],[22.66035360678342,-1.807223007956111],[22.60731919100004,-1.821965403999855],[22.57005609601027,-1.773494716188077],[22.4927075,-1.9168038],[22.2328411,-1.8220661],[22.1954283,-1.8108332],[22.13361,-1.8772938],[22.1513198,-1.93524],[22.1445334,-1.996965],[22.1620162,-2.041406],[22.1623704,-2.0788929],[22.1812232,-2.125409],[22.1866412,-2.233753],[22.2129864,-2.3874809],[22.2007871,-2.4277057],[22.1551135,-2.4490784],[22.1311548,-2.4336624],[22.1303956,-2.398452],[22.0937483,-2.3625325],[22.0932767,-2.3070576],[22.0611528,-2.3008315],[22.0425376,-2.3157255],[21.9920911,-2.3941968],[21.9088681,-2.4764707],[21.8440793,-2.5323873],[21.83095550000007,-2.5304279],[21.85123030000005,-2.558564],[21.91910330000007,-2.585946899999954],[21.97431040000004,-2.641805899999952],[21.99441920000004,-2.651306],[22.03286330000003,-2.729651],[22.07878610000006,-2.778912],[22.14293540000006,-2.896570899999972],[22.18175320000006,-2.931204],[22.27489682100003,-2.920536757999969],[22.29809656600003,-2.924462868999967],[22.29748475949508,-2.972585888346177],[22.28845974900003,-3.017261847999976],[22.26561692300004,-3.032609371999968],[22.18018192100004,-3.058850035999967],[22.16646478300004,-3.109061453999971],[22.19359063900004,-3.153319427999975],[22.19501831500003,-3.174734576999981],[22.16789246000008,-3.207571138999981],[22.17074781300005,-3.246118407999973],[22.14504963400003,-3.277527292999935],[22.11298394600004,-3.286558501999934],[22.10122445900004,-3.31746484599995],[22.04576657078506,-3.35473983569189],[22.02245884300004,-3.414876564999929],[21.97391783900002,-3.472697466999932],[22.02389541100007,-3.546017740999957],[22.06197,-3.5840199],[22.12252810000007,-3.570346],[22.15717230600006,-3.61809896799997],[22.13621431600006,-3.676972084999932],[22.1422082,-3.7615809],[22.132084,-3.778684099999964],[22.15291930000006,-3.809430499999962],[22.05810760000003,-3.884027499999945],[22.02005740000004,-3.892448],[21.97422180000003,-3.9560863],[22.08381950000006,-3.983066],[22.10929830000003,-4.024378299999967],[22.15719590000003,-4.040794499999947],[22.18657060000004,-4.027538],[22.2698272,-3.9935057],[22.2744862,-4.0313405],[22.315044,-4.0749781],[22.3330186,-4.0728222],[22.4237885,-4.1734676],[22.458592,-4.1744441],[22.5247935,-4.2018693],[22.6292044,-4.2317876],[22.6809151,-4.2741347],[22.6911106,-4.2989346],[22.7563529,-4.3585765],[22.7716999,-4.3916702],[22.8175955,-4.4398326],[22.8328056,-4.480127],[22.8840624,-4.5184303],[22.9191646,-4.5264042],[23.0609733,-4.5208152]]]},"properties":{"q101":"sn Sankuru Province","level_1_id":"ymGeqzoPhN3","level_1_name":"République Démocratique du Congo","level_2_id":"ybgmW3kIGuq","level_2_name":"sn Sankuru Province","total_population":2622831.0546875,"pop_0_12mo":107747.36181640624,"pop_0_5yo":501741.0654296875,"pop_6_12mo":53873.680908203125,"pop_12_24mo":98498.42590332033,"pop_6_24mo":152372.10681152344,"births_per_year":114624.85299617688,"imr":60.0,"pred_bcg":0.4822671397052193,"pred_bcg_count":73484.06012285157,"pred_rota":0.4573338653393418,"pred_rota_count":69684.92457801306,"pred_var":0.4068728541747037,"pred_var_count":61996.07399501735,"pred_vaa":0.3869619682669461,"pred_vaa_count":58962.210360768455,"pred_polio":0.5995832238866188,"pred_polio_count":91359.75903244945,"pred_pcv":0.5036749680742643,"pred_pcv_count":76746.01603370246,"pred_zerodosepenta":0.4911875759457672,"pred_zerodosepenta_count":74843.28578650171,"pred_zerodoseall":0.3669798588005717,"pred_zerodoseall_count":55917.494242838504}},{"type":"Feature","geometry":{"type":"Polygon","coordinates":[[[20.45017936399184,1.074169941836813],[20.43118,1.01512],[20.43285516000003,0.933980002000169],[20.40516,0.89326],[20.40988,0.7324],[20.42706,0.66411],[20.35847044244531,0.574260638626924],[20.3638193643605,0.535011950541048],[20.33326,0.46073],[20.30003000000016,0.42755000000011],[20.28663855179525,0.370982484795832],[20.33994000000013,0.359470000000158],[20.35779000000014,0.330000000000155],[20.39632588255046,0.293841590366971],[20.44033503325452,0.229122276979301],[20.51727000000011,0.16061],[20.57104000000015,0.142510000000129],[20.56401,0.09923],[20.47574,0.045630000000187],[20.47224000000011,0.006340000000193],[20.56658000000022,-0.00413],[20.57645000000025,-0.01871],[20.54458479903298,-0.063316376212981],[20.45563000000016,-0.070569999999861],[20.38701,-0.10786],[20.34694000000019,-0.13726],[20.33549000000016,-0.194439999999872],[20.33880000000011,-0.22437],[20.27791666666667,-0.227083333332985],[20.20925237700027,-0.216900875999954],[20.14288805600023,-0.233816613999977],[20.10752136800033,-0.257031154999879],[20.07750854600027,-0.215143451999836],[19.98669210600025,-0.197306849999848],[19.90419408000031,-0.248040226999819],[19.90193214700031,-0.287051319999875],[19.97019692200053,-0.325146035999978],[19.97814933100051,-0.364147988999832],[20.04650507700052,-0.395161660999861],[20.05678526000048,-0.415925981999919],[20.10433526300045,-0.42130244599997],[20.09081531300052,-0.455817975999935],[20.09532930000097,-0.486872200000836],[20.15296556300052,-0.531927975999849],[20.17273506300023,-0.59637710099986],[20.22176143800044,-0.603983851999885],[20.25958656300025,-0.651004101999888],[20.28671206400031,-0.670731755999952],[20.26771761494808,-0.717783965520653],[20.24972280797115,-0.774343386447712],[20.19768706300027,-0.837371380999855],[20.20073818800023,-0.870766130999925],[20.14565131138718,-0.947753889880749],[20.14113743800033,-0.986874755999906],[20.1570198130002,-1.017134880999947],[20.08609243800032,-1.061229380999976],[20.00133068800034,-1.095878005999964],[19.94284318800021,-1.098464380999815],[19.89463006300025,-1.11756025599982],[19.84628993800033,-1.166777130999833],[19.71723068800031,-1.167057755999963],[19.68412418800023,-1.15288925599998],[19.68707006300031,-1.102528130999872],[19.67388368800022,-1.062828380999861],[19.69074629755861,-1.001963109767575],[19.68116092254524,-0.988783130999877],[19.6119013130002,-0.988783130999877],[19.61735306300028,-1.106551380999861],[19.55044131300019,-1.236961005999888],[19.47717284800035,-1.390846735999958],[19.5090722190003,-1.450983719999954],[19.54256747100015,-1.487120748999871],[19.54109579900029,-1.518104349999874],[19.45576621209578,-1.529128898207923],[19.44417676100005,-1.600383090999912],[19.42918615700006,-1.635242193999943],[19.44422392885774,-1.690011507464996],[19.51553677500004,-1.696712733999959],[19.51784928000006,-1.747260948999951],[19.50541068100006,-1.776338049999936],[19.53127620000004,-1.795404967999957],[19.60128320660418,-1.802018591902709],[19.63434060000003,-1.777542131999951],[19.64456236700005,-1.749581759999955],[19.69402137000003,-1.710826310999948],[19.83362444600004,-1.666528210999957],[19.84387284000007,-1.67799813299996],[19.91365632000003,-1.891810885999973],[19.97858357400003,-1.897579477999955],[20.13833890000006,-1.916361685999959],[20.16214582600003,-1.926370443999929],[20.18947824000003,-1.961698887999944],[20.19651012800006,-1.993885787999943],[20.23829580200004,-2.046443772999964],[20.25891435000005,-2.088938838999979],[20.30824900200003,-2.161606159999963],[20.35674580500006,-2.200391740999976],[20.38207585300006,-2.179727851999928],[20.40955696000003,-2.135319444999936],[20.52898299200007,-2.045307671999979],[20.61644530029925,-2.016757799775689],[20.65646788400005,-1.961224895999976],[20.71516665200005,-2.033513351999943],[20.74311450000005,-2.084196074999966],[20.84354028000007,-2.193234976999975],[20.89110755500008,-2.219209296999963],[20.91807455600002,-2.28098948],[21.01365322800007,-2.396942595999974],[21.02010444000007,-2.434611944999972],[21.01633631256659,-2.494441893684252],[20.96179651977827,-2.489827301664152],[20.95420896521536,-2.543383816175274],[20.96212689500004,-2.491758671999946],[21.09408228000007,-2.507508541999925],[21.13827120000008,-2.49965446899995],[21.17481228900004,-2.516147572999955],[21.24464040000004,-2.502815],[21.27460808113343,-2.504093930193773],[21.30381219926078,-2.484240900502527],[21.35384530000005,-2.484414899999933],[21.39140920000006,-2.4730689],[21.41269740000007,-2.445885699999963],[21.40778450000005,-2.340247399999953],[21.41646520000006,-2.316299899999933],[21.56651530000005,-2.383373899999981],[21.59521520000004,-2.419367899999941],[21.64641950000004,-2.431294899999955],[21.67308040000006,-2.462909899999943],[21.73135320000006,-2.48337],[21.83095550000007,-2.5304279],[21.8440793,-2.5323873],[21.9088681,-2.4764707],[21.9920911,-2.3941968],[22.0425376,-2.3157255],[22.0611528,-2.3008315],[22.0932767,-2.3070576],[22.0937483,-2.3625325],[22.1303956,-2.398452],[22.1311548,-2.4336624],[22.1551135,-2.4490784],[22.2007871,-2.4277057],[22.2129864,-2.3874809],[22.1866412,-2.233753],[22.1812232,-2.125409],[22.1623704,-2.0788929],[22.1620162,-2.041406],[22.1445334,-1.996965],[22.1513198,-1.93524],[22.13361,-1.8772938],[22.1954283,-1.8108332],[22.2328411,-1.8220661],[22.4927075,-1.9168038],[22.57005609601027,-1.773494716188077],[22.60731919100004,-1.821965403999855],[22.66035360678342,-1.807223007956111],[22.6902999600004,-1.808330093999928],[22.75178004000037,-1.842440022999824],[22.86843906600041,-1.884897285999841],[22.93155319100026,-1.87814191099983],[22.88737582198377,-1.949811265145513],[22.92925450352299,-1.950977133903621],[23.02731032407542,-1.911861601917963],[23.07323631600036,-1.915009035999958],[23.17810644100024,-1.961439910999843],[23.21076244100021,-1.988867910999943],[23.24132130550842,-2.043658006175409],[23.27442516000031,-2.079824867999946],[23.30412651984977,-2.095386689482211],[23.35695055417926,-2.092531336275272],[23.40073263668643,-2.101097395896204],[23.44308704259015,-2.090627767470551],[23.45972760000024,-2.030177020999815],[23.58552131600021,-1.990409910999915],[23.58237419100033,-1.938893942999812],[23.59249131600041,-1.884639035999953],[23.56489544100037,-1.820672910999861],[23.57914212000026,-1.794134048999865],[23.66123832000034,-1.824455160999889],[23.68537452000038,-1.815139125999849],[23.7140164800004,-1.773498028999938],[23.76760680000029,-1.76511957699995],[23.81116859431168,-1.73564040214665],[23.95470780175337,-1.736964165037953],[23.96771497200064,-1.698340899999835],[24.08525135700017,-1.709056888999896],[24.12159519200014,-1.704946910999922],[24.19587935900017,-1.716726876999815],[24.26717628000011,-1.70909688699993],[24.44626398850877,-1.714599731614902],[24.4116413,-1.6226664],[24.3876686,-1.4183006],[24.3707586,-1.3903463],[24.3622896,-1.3217542],[24.128407,-1.319684],[24.0724856,-1.3070326],[23.9858547,-1.3480695],[23.9538328,-1.3439404],[23.9216758,-1.3561336],[23.8617774,-1.3118804],[23.862117,-1.2855784],[23.8280434,-1.2529526],[23.8012094,-1.2489361],[23.8014068,-1.1915902],[23.7024392,-1.1515709],[23.6582338,-1.1533802],[23.64834493100028,-1.138005533999944],[23.6706264,-1.0749129],[23.66548812000042,-1.046918203999894],[23.6385025,-1.0105881],[23.58115416000044,-1.009366819999912],[23.5082355,-0.9846243],[23.42495723900049,-0.917155797999953],[23.38550028354626,-0.897931574576035],[23.3686652,-0.8671708],[23.30813592129003,-0.819738613528295],[23.28852343606468,-0.785451992103447],[23.23212539252734,-0.841088900473096],[23.10083009800036,-0.55947762999989],[23.0981105,-0.5479869],[23.13507636000043,-0.412090884999941],[23.0887613,-0.4057535],[22.94981749000056,-0.403708978999816],[22.98524116000021,-0.35436645599998],[23.02478244100024,-0.317937850999897],[23.0846341910003,-0.277186975999939],[23.1344933,-0.2887706],[23.1848167,-0.2874181],[23.27559444500025,-0.295236850999913],[23.35651454600026,-0.187687871999856],[23.34582319100019,-0.163790975999973],[23.24437435832877,-0.075624592416677],[23.22937444100029,-0.072894909999945],[23.1583824410003,-3.3999925e-08],[23.09351144100026,0.053115841000249],[23.05262956300021,0.11376052400027],[23.04904031600034,0.150864149000256],[22.98680819100025,0.21570309100025],[22.97151294100024,0.265448591000222],[22.94127431600015,0.307987966000212],[22.9301351910002,0.344208966000224],[22.95878044100027,0.353358149000258],[22.9697633160003,0.384444024000231],[22.95222444500035,0.414889092000237],[22.95337643700026,0.449129967000317],[22.92747556600028,0.502499966000016],[22.94531549552633,0.569114362945539],[22.9794127,0.6010559],[22.9398563,0.6481973],[22.9115867,0.6689774],[22.8834759,0.7247883],[22.8768119,0.8212057],[22.8465428,0.8739858],[22.8357228,0.9762649],[22.8422816,0.9973599],[22.7901228,1.0654734],[22.78662187197124,1.106532151961217],[22.76111755233046,1.129626423591503],[22.75347948250175,1.181164404564771],[22.72553165016234,1.229664831710295],[22.6990784,1.2525291],[22.68569376221831,1.299700935171302],[22.66362759263467,1.33825005504542],[22.60715347780854,1.403679409747485],[22.5715869,1.4328703],[22.52643797581624,1.447014161099673],[22.51518788418059,1.466830312356251],[22.4708068,1.4890766],[22.4315929,1.483102],[22.41079536847909,1.505949052518855],[22.3358277,1.5142976],[22.32637165078097,1.500593328483376],[22.26422757053211,1.520778772088136],[22.267816,1.5824736],[22.29140356396206,1.674562339387272],[22.37184898929952,1.710457692737113],[22.3239668400002,1.757399169000223],[22.27132296000025,1.737673574000155],[22.19804007300013,1.759228059000236],[22.12738991800023,1.76261713700012],[22.05186370621352,1.759221000644136],[21.93830786400008,1.720071819000111],[21.89374522991602,1.709552114542269],[21.87518577383355,1.684722659402269],[21.87209565331724,1.59662309640704],[21.86141220000025,1.339888646000134],[21.8909862000001,1.318112770000198],[21.90987342593394,1.286093810738976],[21.88473824982634,1.258364993427335],[21.89068690234092,1.21553469532239],[21.91091232089047,1.151289248164971],[22.01728608000025,1.123141326000166],[22.04470836000024,1.093941756000163],[22.07792844000016,1.033775217000141],[22.10217516000012,0.957009462000144],[22.09021092000012,0.935015127000099],[22.01059404000023,0.950226408000219],[21.96707508000014,0.951096095000139],[21.90999276000008,0.91620046900016],[21.86356932000018,0.865101029000073],[21.79572264000018,0.858090011000172],[21.7636448400001,0.888813398000195],[21.72767832000017,0.902655273000164],[21.65979023800761,0.886227710660772],[21.6641606400002,0.819607934000146],[21.63386736000018,0.725617568000246],[21.57641496000008,0.746564949000174],[21.53727365657066,0.746433004547945],[21.4598395268094,0.803450031179397],[21.41285000000016,0.80019],[21.38946,0.816520000000139],[21.3419,0.818850000000168],[21.2992200000001,0.84792],[21.23304000000013,0.85859],[21.1301600000001,0.917410000000132],[21.11374,0.909810000000164],[21.04539,0.93836],[21.00484,0.96363],[20.99908,1.00839],[21.02269,1.06169],[21.01434,1.18024],[21.00236,1.19232],[20.93903,1.17222],[20.85143,1.18615],[20.77004,1.16978],[20.7528,1.18204],[20.69229,1.17965],[20.63948,1.20951],[20.60111,1.20939],[20.55448828669064,1.232954278008291],[20.48807,1.10877],[20.45114358469518,1.074552309275713],[20.45017936399184,1.074169941836813]]]},"properties":{"q101":"tu Tshuapa Province","level_1_id":"ymGeqzoPhN3","level_1_name":"République Démocratique du Congo","level_2_id":"ym2K6YcSNl9","level_2_name":"tu Tshuapa Province","total_population":1790492.0546875,"pop_0_12mo":64316.89990234375,"pop_0_5yo":299496.4169921875,"pop_6_12mo":32158.449951171875,"pop_12_24mo":58794.87927246094,"pop_6_24mo":90953.3292236328,"births_per_year":68495.10106745873,"imr":61.0,"pred_bcg":0.5550666599147868,"pred_bcg_count":50485.160660291825,"pred_rota":0.4636797304559625,"pred_rota_count":42173.215178486476,"pred_var":0.3600769164969823,"pred_var_count":32750.19433198057,"pred_vaa":0.3691011078106863,"pred_vaa_count":33570.97457551293,"pred_polio":0.6319655374835631,"pred_polio_count":57479.36958873257,"pred_pcv":0.5380098905508207,"pred_pcv_count":48933.79070083945,"pred_zerodosepenta":0.4581922572253927,"pred_zerodosepenta_count":41674.111219140585,"pred_zerodoseall":0.3359288911752271,"pred_zerodoseall_count":30553.851034790347}}]}